duracion_estadia,gasto_total_pesos,motivo,alojamiento
3.0,3000000.0,a. Vacaciones/recreación/Ocio ,"e. Casa propia, de familiares o amigos (sin pago)"
5.0,3000000.0,a. Vacaciones/recreación/Ocio ,a. Hotel 
5.0,1500000.0,b. Visita a familiares y amigos,"e. Casa propia, de familiares o amigos (sin pago)"
4.0,8000000.0,a. Vacaciones/recreación/Ocio ,a. Hotel 
6.0,5000000.0,a. Vacaciones/recreación/Ocio ,a. Hotel 
2.0,3000000.0,h. Trabajo remunerado en otra ciudad,a. Hotel 
4.0,7000000.0,a. Vacaciones/recreación/Ocio ,"e. Casa propia, de familiares o amigos (sin pago)"
3.0,4000000.0,a. Vacaciones/recreación/Ocio ,d. Inmueble de alquiler (pagos por plataforma dig)
4.0,350000.0,b. Visita a familiares y amigos,"e. Casa propia, de familiares o amigos (sin pago)"
3.0,250000.0,b. Visita a familiares y amigos,"e. Casa propia, de familiares o amigos (sin pago)"
7.0,200000.0,b. Visita a familiares y amigos,"e. Casa propia, de familiares o amigos (sin pago)"
2.0,200000.0,b. Visita a familiares y amigos,d. Inmueble de alquiler (pagos por plataforma dig)
3.0,200000.0,a. Vacaciones/recreación/Ocio ,"e. Casa propia, de familiares o amigos (sin pago)"
2.0,500000.0,b. Visita a familiares y amigos,"e. Casa propia, de familiares o amigos (sin pago)"
4.0,550000.0,b. Visita a familiares y amigos,"e. Casa propia, de familiares o amigos (sin pago)"
4.0,400000.0,b. Visita a familiares y amigos,"e. Casa propia, de familiares o amigos (sin pago)"
4.0,4000000.0,a. Vacaciones/recreación/Ocio ,a. Hotel 
5.0,20000000.0,a. Vacaciones/recreación/Ocio ,a. Hotel 
4.0,800000.0,b. Visita a familiares y amigos,"e. Casa propia, de familiares o amigos (sin pago)"
4.0,450000.0,b. Visita a familiares y amigos,"e. Casa propia, de familiares o amigos (sin pago)"
3.0,3000000.0,a. Vacaciones/recreación/Ocio ,a. Hotel 
8.0,50.0,h. Trabajo remunerado en otra ciudad,a. Hotel 
7.0,1000000.0,a. Vacaciones/recreación/Ocio ,"e. Casa propia, de familiares o amigos (sin pago)"
4.0,320000.0,b. Visita a familiares y amigos,"e. Casa propia, de familiares o amigos (sin pago)"
20.0,2500000.0,a. Vacaciones/recreación/Ocio ,"e. Casa propia, de familiares o amigos (sin pago)"
2.0,200000.0,h. Trabajo remunerado en otra ciudad,"e. Casa propia, de familiares o amigos (sin pago)"
5.0,200000.0,b. Visita a familiares y amigos,"e. Casa propia, de familiares o amigos (sin pago)"
4.0,5000000.0,g. Negocios y motivos profesionales,a. Hotel 
3.0,450000.0,b. Visita a familiares y amigos,"e. Casa propia, de familiares o amigos (sin pago)"
3.0,200000.0,h. Trabajo remunerado en otra ciudad,a. Hotel 
15.0,500000.0,b. Visita a familiares y amigos,"e. Casa propia, de familiares o amigos (sin pago)"
10.0,200000.0,a. Vacaciones/recreación/Ocio ,"e. Casa propia, de familiares o amigos (sin pago)"
15.0,500000.0,b. Visita a familiares y amigos,"e. Casa propia, de familiares o amigos (sin pago)"
3.0,2000000.0,a. Vacaciones/recreación/Ocio ,c. Apartahotel
6.0,1000000.0,b. Visita a familiares y amigos,"e. Casa propia, de familiares o amigos (sin pago)"
2.0,100000.0,i. Otro.,"e. Casa propia, de familiares o amigos (sin pago)"
4.0,600000.0,a. Vacaciones/recreación/Ocio ,"e. Casa propia, de familiares o amigos (sin pago)"
1.0,50000.0,b. Visita a familiares y amigos,"e. Casa propia, de familiares o amigos (sin pago)"
3.0,800000.0,b. Visita a familiares y amigos,"e. Casa propia, de familiares o amigos (sin pago)"
4.0,1000000.0,a. Vacaciones/recreación/Ocio ,"e. Casa propia, de familiares o amigos (sin pago)"
3.0,2000000.0,h. Trabajo remunerado en otra ciudad,a. Hotel 
3.0,200000.0,b. Visita a familiares y amigos,"e. Casa propia, de familiares o amigos (sin pago)"
1.0,100000.0,h. Trabajo remunerado en otra ciudad,a. Hotel 
4.0,200000.0,b. Visita a familiares y amigos,"e. Casa propia, de familiares o amigos (sin pago)"
5.0,200000.0,g. Negocios y motivos profesionales,"e. Casa propia, de familiares o amigos (sin pago)"
3.0,500000.0,a. Vacaciones/recreación/Ocio ,a. Hotel 
4.0,150000.0,b. Visita a familiares y amigos,"e. Casa propia, de familiares o amigos (sin pago)"
4.0,1000000.0,b. Visita a familiares y amigos,"e. Casa propia, de familiares o amigos (sin pago)"
4.0,5000000.0,a. Vacaciones/recreación/Ocio ,a. Hotel 
4.0,6000000.0,a. Vacaciones/recreación/Ocio ,d. Inmueble de alquiler (pagos por plataforma dig)
10.0,7000000.0,b. Visita a familiares y amigos,"e. Casa propia, de familiares o amigos (sin pago)"
3.0,3000000.0,a. Vacaciones/recreación/Ocio ,b. Hostal
4.0,3000000.0,a. Vacaciones/recreación/Ocio ,a. Hotel 
2.0,1000000.0,a. Vacaciones/recreación/Ocio ,a. Hotel 
1.0,500000.0,h. Trabajo remunerado en otra ciudad,a. Hotel 
2.0,250000.0,b. Visita a familiares y amigos,"e. Casa propia, de familiares o amigos (sin pago)"
4.0,3000000.0,a. Vacaciones/recreación/Ocio ,a. Hotel 
3.0,4500000.0,a. Vacaciones/recreación/Ocio ,a. Hotel 
2.0,500000.0,b. Visita a familiares y amigos,"e. Casa propia, de familiares o amigos (sin pago)"
3.0,130000.0,b. Visita a familiares y amigos,"e. Casa propia, de familiares o amigos (sin pago)"
5.0,6000000.0,a. Vacaciones/recreación/Ocio ,a. Hotel 
3.0,1000000.0,a. Vacaciones/recreación/Ocio ,a. Hotel 
5.0,300000.0,a. Vacaciones/recreación/Ocio ,a. Hotel 
2.0,3500000.0,a. Vacaciones/recreación/Ocio ,a. Hotel 
4.0,2000000.0,a. Vacaciones/recreación/Ocio ,a. Hotel 
5.0,1000000.0,a. Vacaciones/recreación/Ocio ,a. Hotel 
3.0,2000000.0,b. Visita a familiares y amigos,"e. Casa propia, de familiares o amigos (sin pago)"
20.0,40000000.0,a. Vacaciones/recreación/Ocio ,a. Hotel 
2.0,250000.0,b. Visita a familiares y amigos,"e. Casa propia, de familiares o amigos (sin pago)"
10.0,3000000.0,b. Visita a familiares y amigos,"e. Casa propia, de familiares o amigos (sin pago)"
5.0,720000.0,a. Vacaciones/recreación/Ocio ,"e. Casa propia, de familiares o amigos (sin pago)"
14.0,1000000.0,b. Visita a familiares y amigos,"e. Casa propia, de familiares o amigos (sin pago)"
4.0,6000000.0,a. Vacaciones/recreación/Ocio ,a. Hotel 
7.0,3000000.0,a. Vacaciones/recreación/Ocio ,"e. Casa propia, de familiares o amigos (sin pago)"
7.0,450000.0,b. Visita a familiares y amigos,"e. Casa propia, de familiares o amigos (sin pago)"
7.0,150000.0,a. Vacaciones/recreación/Ocio ,"e. Casa propia, de familiares o amigos (sin pago)"
8.0,600000.0,b. Visita a familiares y amigos,"e. Casa propia, de familiares o amigos (sin pago)"
5.0,300000.0,b. Visita a familiares y amigos,"e. Casa propia, de familiares o amigos (sin pago)"
9.0,3000000.0,a. Vacaciones/recreación/Ocio ,b. Hostal
10.0,250000.0,b. Visita a familiares y amigos,"e. Casa propia, de familiares o amigos (sin pago)"
7.0,240000.0,b. Visita a familiares y amigos,"e. Casa propia, de familiares o amigos (sin pago)"
1.0,400000.0,a. Vacaciones/recreación/Ocio ,a. Hotel 
4.0,500000.0,h. Trabajo remunerado en otra ciudad,d. Inmueble de alquiler (pagos por plataforma dig)
3.0,500000.0,h. Trabajo remunerado en otra ciudad,a. Hotel 
3.0,0.0,b. Visita a familiares y amigos,"e. Casa propia, de familiares o amigos (sin pago)"
4.0,3000000.0,a. Vacaciones/recreación/Ocio ,a. Hotel 
4.0,3000000.0,b. Visita a familiares y amigos,"e. Casa propia, de familiares o amigos (sin pago)"
3.0,100000.0,a. Vacaciones/recreación/Ocio ,"e. Casa propia, de familiares o amigos (sin pago)"
3.0,2000000.0,a. Vacaciones/recreación/Ocio ,a. Hotel 
5.0,900000.0,b. Visita a familiares y amigos,"e. Casa propia, de familiares o amigos (sin pago)"
5.0,800000.0,b. Visita a familiares y amigos,"e. Casa propia, de familiares o amigos (sin pago)"
3.0,520000.0,a. Vacaciones/recreación/Ocio ,a. Hotel 
60.0,16000000.0,b. Visita a familiares y amigos,"e. Casa propia, de familiares o amigos (sin pago)"
4.0,50000.0,b. Visita a familiares y amigos,"e. Casa propia, de familiares o amigos (sin pago)"
5.0,1500000.0,a. Vacaciones/recreación/Ocio ,a. Hotel 
4.0,3500000.0,a. Vacaciones/recreación/Ocio ,"e. Casa propia, de familiares o amigos (sin pago)"
3.0,1000000.0,g. Negocios y motivos profesionales,a. Hotel 
3.0,500000.0,b. Visita a familiares y amigos,"e. Casa propia, de familiares o amigos (sin pago)"
3.0,100000.0,b. Visita a familiares y amigos,"e. Casa propia, de familiares o amigos (sin pago)"
3.0,230000.0,b. Visita a familiares y amigos,"e. Casa propia, de familiares o amigos (sin pago)"
7.0,200000.0,b. Visita a familiares y amigos,"e. Casa propia, de familiares o amigos (sin pago)"
4.0,1000000.0,a. Vacaciones/recreación/Ocio ,a. Hotel 
4.0,800000.0,a. Vacaciones/recreación/Ocio ,d. Inmueble de alquiler (pagos por plataforma dig)
4.0,300000.0,a. Vacaciones/recreación/Ocio ,a. Hotel 
3.0,600000.0,a. Vacaciones/recreación/Ocio ,"e. Casa propia, de familiares o amigos (sin pago)"
7.0,300000.0,a. Vacaciones/recreación/Ocio ,"e. Casa propia, de familiares o amigos (sin pago)"
3.0,3000000.0,a. Vacaciones/recreación/Ocio ,a. Hotel 
5.0,1000000.0,b. Visita a familiares y amigos,"e. Casa propia, de familiares o amigos (sin pago)"
4.0,450000.0,b. Visita a familiares y amigos,"e. Casa propia, de familiares o amigos (sin pago)"
4.0,1000000.0,b. Visita a familiares y amigos,"e. Casa propia, de familiares o amigos (sin pago)"
5.0,1600000.0,a. Vacaciones/recreación/Ocio ,a. Hotel 
15.0,1000000.0,b. Visita a familiares y amigos,"e. Casa propia, de familiares o amigos (sin pago)"
2.0,180000.0,b. Visita a familiares y amigos,"e. Casa propia, de familiares o amigos (sin pago)"
3.0,200000.0,b. Visita a familiares y amigos,"e. Casa propia, de familiares o amigos (sin pago)"
4.0,500000.0,b. Visita a familiares y amigos,"e. Casa propia, de familiares o amigos (sin pago)"
2.0,100000.0,b. Visita a familiares y amigos,"e. Casa propia, de familiares o amigos (sin pago)"
4.0,1000000.0,i. Otro.,"e. Casa propia, de familiares o amigos (sin pago)"
3.0,300000.0,h. Trabajo remunerado en otra ciudad,d. Inmueble de alquiler (pagos por plataforma dig)
2.0,250000.0,b. Visita a familiares y amigos,"e. Casa propia, de familiares o amigos (sin pago)"
2.0,3000000.0,a. Vacaciones/recreación/Ocio ,"e. Casa propia, de familiares o amigos (sin pago)"
5.0,250000.0,a. Vacaciones/recreación/Ocio ,"e. Casa propia, de familiares o amigos (sin pago)"
7.0,5000000.0,a. Vacaciones/recreación/Ocio ,"e. Casa propia, de familiares o amigos (sin pago)"
8.0,3000000.0,a. Vacaciones/recreación/Ocio ,"e. Casa propia, de familiares o amigos (sin pago)"
4.0,300000.0,b. Visita a familiares y amigos,"e. Casa propia, de familiares o amigos (sin pago)"
18.0,4000000.0,b. Visita a familiares y amigos,a. Hotel 
1.0,100000.0,h. Trabajo remunerado en otra ciudad,a. Hotel 
2.0,700000.0,b. Visita a familiares y amigos,"e. Casa propia, de familiares o amigos (sin pago)"
3.0,2000000.0,h. Trabajo remunerado en otra ciudad,a. Hotel 
1.0,500000.0,a. Vacaciones/recreación/Ocio ,a. Hotel 
7.0,300000.0,a. Vacaciones/recreación/Ocio ,"e. Casa propia, de familiares o amigos (sin pago)"
4.0,2000000.0,a. Vacaciones/recreación/Ocio ,d. Inmueble de alquiler (pagos por plataforma dig)
3.0,500000.0,a. Vacaciones/recreación/Ocio ,"e. Casa propia, de familiares o amigos (sin pago)"
3.0,300000.0,a. Vacaciones/recreación/Ocio ,"e. Casa propia, de familiares o amigos (sin pago)"
4.0,200000.0,b. Visita a familiares y amigos,"e. Casa propia, de familiares o amigos (sin pago)"
8.0,650000.0,b. Visita a familiares y amigos,"e. Casa propia, de familiares o amigos (sin pago)"
3.0,250000.0,b. Visita a familiares y amigos,"e. Casa propia, de familiares o amigos (sin pago)"
3.0,50000.0,b. Visita a familiares y amigos,"e. Casa propia, de familiares o amigos (sin pago)"
3.0,200000.0,b. Visita a familiares y amigos,"e. Casa propia, de familiares o amigos (sin pago)"
5.0,8400000.0,a. Vacaciones/recreación/Ocio ,a. Hotel 
4.0,1500000.0,a. Vacaciones/recreación/Ocio ,a. Hotel 
2.0,400000.0,a. Vacaciones/recreación/Ocio ,"e. Casa propia, de familiares o amigos (sin pago)"
3.0,350.0,b. Visita a familiares y amigos,"e. Casa propia, de familiares o amigos (sin pago)"
5.0,100000.0,h. Trabajo remunerado en otra ciudad,c. Apartahotel
3.0,2000000.0,b. Visita a familiares y amigos,"e. Casa propia, de familiares o amigos (sin pago)"
5.0,150000.0,a. Vacaciones/recreación/Ocio ,"e. Casa propia, de familiares o amigos (sin pago)"
4.0,350000.0,b. Visita a familiares y amigos,"e. Casa propia, de familiares o amigos (sin pago)"
2.0,600000.0,b. Visita a familiares y amigos,"e. Casa propia, de familiares o amigos (sin pago)"
4.0,2000000.0,a. Vacaciones/recreación/Ocio ,"e. Casa propia, de familiares o amigos (sin pago)"
9.0,1500000.0,b. Visita a familiares y amigos,"e. Casa propia, de familiares o amigos (sin pago)"
4.0,5000000.0,a. Vacaciones/recreación/Ocio ,a. Hotel 
1.0,70000.0,b. Visita a familiares y amigos,"e. Casa propia, de familiares o amigos (sin pago)"
24.0,5000000.0,a. Vacaciones/recreación/Ocio ,a. Hotel 
2.0,200000.0,b. Visita a familiares y amigos,"e. Casa propia, de familiares o amigos (sin pago)"
3.0,250000.0,b. Visita a familiares y amigos,"e. Casa propia, de familiares o amigos (sin pago)"
50.0,2000000.0,a. Vacaciones/recreación/Ocio ,"e. Casa propia, de familiares o amigos (sin pago)"
5.0,600000.0,a. Vacaciones/recreación/Ocio ,a. Hotel 
1.0,50000.0,b. Visita a familiares y amigos,"e. Casa propia, de familiares o amigos (sin pago)"
4.0,200000.0,b. Visita a familiares y amigos,"e. Casa propia, de familiares o amigos (sin pago)"
8.0,600000.0,b. Visita a familiares y amigos,"e. Casa propia, de familiares o amigos (sin pago)"
5.0,350.0,b. Visita a familiares y amigos,"e. Casa propia, de familiares o amigos (sin pago)"
7.0,40000.0,a. Vacaciones/recreación/Ocio ,"e. Casa propia, de familiares o amigos (sin pago)"
4.0,600000.0,b. Visita a familiares y amigos,"e. Casa propia, de familiares o amigos (sin pago)"
3.0,2000000.0,b. Visita a familiares y amigos,"e. Casa propia, de familiares o amigos (sin pago)"
4.0,600000.0,b. Visita a familiares y amigos,"e. Casa propia, de familiares o amigos (sin pago)"
6.0,1000000.0,a. Vacaciones/recreación/Ocio ,"e. Casa propia, de familiares o amigos (sin pago)"
90.0,6000000.0,a. Vacaciones/recreación/Ocio ,"e. Casa propia, de familiares o amigos (sin pago)"
7.0,14000000.0,a. Vacaciones/recreación/Ocio ,a. Hotel 
2.0,200000.0,a. Vacaciones/recreación/Ocio ,"e. Casa propia, de familiares o amigos (sin pago)"
8.0,20000000.0,a. Vacaciones/recreación/Ocio ,a. Hotel 
8.0,1000000.0,b. Visita a familiares y amigos,"e. Casa propia, de familiares o amigos (sin pago)"
3.0,2000000.0,b. Visita a familiares y amigos,"e. Casa propia, de familiares o amigos (sin pago)"
9.0,900000.0,b. Visita a familiares y amigos,d. Inmueble de alquiler (pagos por plataforma dig)
4.0,200000.0,b. Visita a familiares y amigos,"e. Casa propia, de familiares o amigos (sin pago)"
1.0,300000.0,g. Negocios y motivos profesionales,a. Hotel 
4.0,3000000.0,a. Vacaciones/recreación/Ocio ,d. Inmueble de alquiler (pagos por plataforma dig)
2.0,1000000.0,a. Vacaciones/recreación/Ocio ,"e. Casa propia, de familiares o amigos (sin pago)"
4.0,500000.0,a. Vacaciones/recreación/Ocio ,"e. Casa propia, de familiares o amigos (sin pago)"
9.0,2000000.0,h. Trabajo remunerado en otra ciudad,a. Hotel 
7.0,600000.0,b. Visita a familiares y amigos,"e. Casa propia, de familiares o amigos (sin pago)"
3.0,320000.0,b. Visita a familiares y amigos,"e. Casa propia, de familiares o amigos (sin pago)"
2.0,150000.0,a. Vacaciones/recreación/Ocio ,"e. Casa propia, de familiares o amigos (sin pago)"
3.0,500000.0,a. Vacaciones/recreación/Ocio ,a. Hotel 
3.0,250000.0,a. Vacaciones/recreación/Ocio ,a. Hotel 
20.0,100000.0,a. Vacaciones/recreación/Ocio ,"e. Casa propia, de familiares o amigos (sin pago)"
5.0,800000.0,b. Visita a familiares y amigos,a. Hotel 
5.0,500000.0,a. Vacaciones/recreación/Ocio ,a. Hotel 
4.0,600000.0,a. Vacaciones/recreación/Ocio ,a. Hotel 
3.0,500000.0,b. Visita a familiares y amigos,"e. Casa propia, de familiares o amigos (sin pago)"
15.0,2000000.0,b. Visita a familiares y amigos,"e. Casa propia, de familiares o amigos (sin pago)"
15.0,2000000.0,g. Negocios y motivos profesionales,"e. Casa propia, de familiares o amigos (sin pago)"
6.0,15000000.0,a. Vacaciones/recreación/Ocio ,a. Hotel 
30.0,6000000.0,a. Vacaciones/recreación/Ocio ,a. Hotel 
18.0,2000000.0,b. Visita a familiares y amigos,"e. Casa propia, de familiares o amigos (sin pago)"
5.0,2000000.0,a. Vacaciones/recreación/Ocio ,a. Hotel 
5.0,2000000.0,i. Otro.,"e. Casa propia, de familiares o amigos (sin pago)"
20.0,30000000.0,a. Vacaciones/recreación/Ocio ,a. Hotel 
6.0,200000.0,b. Visita a familiares y amigos,"e. Casa propia, de familiares o amigos (sin pago)"
4.0,500000.0,a. Vacaciones/recreación/Ocio ,d. Inmueble de alquiler (pagos por plataforma dig)
5.0,10000000.0,a. Vacaciones/recreación/Ocio ,a. Hotel 
5.0,500000.0,a. Vacaciones/recreación/Ocio ,"e. Casa propia, de familiares o amigos (sin pago)"
2.0,1500000.0,b. Visita a familiares y amigos,"e. Casa propia, de familiares o amigos (sin pago)"
2.0,350000.0,b. Visita a familiares y amigos,"e. Casa propia, de familiares o amigos (sin pago)"
5.0,6000000.0,a. Vacaciones/recreación/Ocio ,a. Hotel 
2.0,2000000.0,a. Vacaciones/recreación/Ocio ,a. Hotel 
5.0,50000.0,a. Vacaciones/recreación/Ocio ,"e. Casa propia, de familiares o amigos (sin pago)"
5.0,400000.0,b. Visita a familiares y amigos,"e. Casa propia, de familiares o amigos (sin pago)"
3.0,100000.0,b. Visita a familiares y amigos,"e. Casa propia, de familiares o amigos (sin pago)"
2.0,160000.0,b. Visita a familiares y amigos,"e. Casa propia, de familiares o amigos (sin pago)"
2.0,500000.0,b. Visita a familiares y amigos,"e. Casa propia, de familiares o amigos (sin pago)"
4.0,100000.0,b. Visita a familiares y amigos,"e. Casa propia, de familiares o amigos (sin pago)"
3.0,40000.0,a. Vacaciones/recreación/Ocio ,"e. Casa propia, de familiares o amigos (sin pago)"
3.0,4000000.0,a. Vacaciones/recreación/Ocio ,a. Hotel 
3.0,200000.0,b. Visita a familiares y amigos,"e. Casa propia, de familiares o amigos (sin pago)"
30.0,500000.0,a. Vacaciones/recreación/Ocio ,"e. Casa propia, de familiares o amigos (sin pago)"
2.0,100000.0,b. Visita a familiares y amigos,"e. Casa propia, de familiares o amigos (sin pago)"
7.0,2000000.0,b. Visita a familiares y amigos,"e. Casa propia, de familiares o amigos (sin pago)"
5.0,20000000.0,a. Vacaciones/recreación/Ocio ,a. Hotel 
7.0,7000000.0,a. Vacaciones/recreación/Ocio ,a. Hotel 
4.0,600000.0,a. Vacaciones/recreación/Ocio ,"e. Casa propia, de familiares o amigos (sin pago)"
8.0,2000000.0,a. Vacaciones/recreación/Ocio ,"e. Casa propia, de familiares o amigos (sin pago)"
4.0,5000000.0,a. Vacaciones/recreación/Ocio ,a. Hotel 
10.0,3000000.0,h. Trabajo remunerado en otra ciudad,"e. Casa propia, de familiares o amigos (sin pago)"
3.0,350000.0,b. Visita a familiares y amigos,"e. Casa propia, de familiares o amigos (sin pago)"
2.0,1500000.0,"d. Salud , Bienestar y atención médica",a. Hotel 
3.0,1000000.0,h. Trabajo remunerado en otra ciudad,"e. Casa propia, de familiares o amigos (sin pago)"
2.0,200000.0,b. Visita a familiares y amigos,"e. Casa propia, de familiares o amigos (sin pago)"
10.0,1000000.0,b. Visita a familiares y amigos,"e. Casa propia, de familiares o amigos (sin pago)"
5.0,2000000.0,b. Visita a familiares y amigos,"e. Casa propia, de familiares o amigos (sin pago)"
2.0,300000.0,a. Vacaciones/recreación/Ocio ,"e. Casa propia, de familiares o amigos (sin pago)"
6.0,600000.0,b. Visita a familiares y amigos,"e. Casa propia, de familiares o amigos (sin pago)"
1.0,500000.0,b. Visita a familiares y amigos,"e. Casa propia, de familiares o amigos (sin pago)"
3.0,500000.0,b. Visita a familiares y amigos,"e. Casa propia, de familiares o amigos (sin pago)"
7.0,110000.0,a. Vacaciones/recreación/Ocio ,"e. Casa propia, de familiares o amigos (sin pago)"
2.0,400000.0,a. Vacaciones/recreación/Ocio ,"e. Casa propia, de familiares o amigos (sin pago)"
4.0,500000.0,a. Vacaciones/recreación/Ocio ,"e. Casa propia, de familiares o amigos (sin pago)"
3.0,500000.0,a. Vacaciones/recreación/Ocio ,a. Hotel 
4.0,2000000.0,a. Vacaciones/recreación/Ocio ,a. Hotel 
2.0,150000.0,b. Visita a familiares y amigos,"e. Casa propia, de familiares o amigos (sin pago)"
4.0,350000.0,b. Visita a familiares y amigos,"e. Casa propia, de familiares o amigos (sin pago)"
4.0,1000000.0,a. Vacaciones/recreación/Ocio ,"e. Casa propia, de familiares o amigos (sin pago)"
15.0,500000.0,b. Visita a familiares y amigos,"e. Casa propia, de familiares o amigos (sin pago)"
3.0,800000.0,h. Trabajo remunerado en otra ciudad,a. Hotel 
66.0,100000.0,b. Visita a familiares y amigos,"e. Casa propia, de familiares o amigos (sin pago)"
4.0,350000.0,a. Vacaciones/recreación/Ocio ,a. Hotel 
6.0,200000.0,b. Visita a familiares y amigos,"e. Casa propia, de familiares o amigos (sin pago)"
3.0,300000.0,b. Visita a familiares y amigos,"e. Casa propia, de familiares o amigos (sin pago)"
3.0,500000.0,b. Visita a familiares y amigos,"e. Casa propia, de familiares o amigos (sin pago)"
5.0,500000.0,a. Vacaciones/recreación/Ocio ,"e. Casa propia, de familiares o amigos (sin pago)"
15.0,2000000.0,b. Visita a familiares y amigos,"e. Casa propia, de familiares o amigos (sin pago)"
3.0,300000.0,b. Visita a familiares y amigos,"e. Casa propia, de familiares o amigos (sin pago)"
10.0,3000000.0,a. Vacaciones/recreación/Ocio ,"e. Casa propia, de familiares o amigos (sin pago)"
4.0,600000.0,a. Vacaciones/recreación/Ocio ,"e. Casa propia, de familiares o amigos (sin pago)"
2.0,500000.0,a. Vacaciones/recreación/Ocio ,"e. Casa propia, de familiares o amigos (sin pago)"
5.0,200000.0,b. Visita a familiares y amigos,"e. Casa propia, de familiares o amigos (sin pago)"
4.0,3000000.0,a. Vacaciones/recreación/Ocio ,a. Hotel 
4.0,3000000.0,a. Vacaciones/recreación/Ocio ,"e. Casa propia, de familiares o amigos (sin pago)"
6.0,1000000.0,a. Vacaciones/recreación/Ocio ,"e. Casa propia, de familiares o amigos (sin pago)"
4.0,2000000.0,i. Otro.,"e. Casa propia, de familiares o amigos (sin pago)"
6.0,80000.0,b. Visita a familiares y amigos,"e. Casa propia, de familiares o amigos (sin pago)"
4.0,200000.0,a. Vacaciones/recreación/Ocio ,"e. Casa propia, de familiares o amigos (sin pago)"
50.0,1300000.0,a. Vacaciones/recreación/Ocio ,"e. Casa propia, de familiares o amigos (sin pago)"
5.0,1000000.0,a. Vacaciones/recreación/Ocio ,"e. Casa propia, de familiares o amigos (sin pago)"
5.0,200000.0,b. Visita a familiares y amigos,"e. Casa propia, de familiares o amigos (sin pago)"
12.0,7000000.0,a. Vacaciones/recreación/Ocio ,a. Hotel 
3.0,3000000.0,a. Vacaciones/recreación/Ocio ,a. Hotel 
7.0,6000000.0,a. Vacaciones/recreación/Ocio ,a. Hotel 
2.0,200000.0,b. Visita a familiares y amigos,"e. Casa propia, de familiares o amigos (sin pago)"
3.0,2000000.0,a. Vacaciones/recreación/Ocio ,a. Hotel 
3.0,600000.0,a. Vacaciones/recreación/Ocio ,a. Hotel 
6.0,3000000.0,a. Vacaciones/recreación/Ocio ,b. Hostal
3.0,350000.0,b. Visita a familiares y amigos,"e. Casa propia, de familiares o amigos (sin pago)"
1.0,0.0,b. Visita a familiares y amigos,"e. Casa propia, de familiares o amigos (sin pago)"
15.0,1500000.0,a. Vacaciones/recreación/Ocio ,"e. Casa propia, de familiares o amigos (sin pago)"
5.0,2000000.0,a. Vacaciones/recreación/Ocio ,"e. Casa propia, de familiares o amigos (sin pago)"
4.0,14000000.0,a. Vacaciones/recreación/Ocio ,a. Hotel 
4.0,4000000.0,a. Vacaciones/recreación/Ocio ,a. Hotel 
8.0,200000.0,b. Visita a familiares y amigos,"e. Casa propia, de familiares o amigos (sin pago)"
6.0,50000.0,b. Visita a familiares y amigos,"e. Casa propia, de familiares o amigos (sin pago)"
2.0,75000.0,b. Visita a familiares y amigos,"e. Casa propia, de familiares o amigos (sin pago)"
3.0,280000.0,b. Visita a familiares y amigos,"e. Casa propia, de familiares o amigos (sin pago)"
3.0,1000000.0,a. Vacaciones/recreación/Ocio ,"e. Casa propia, de familiares o amigos (sin pago)"
8.0,1200000.0,a. Vacaciones/recreación/Ocio ,a. Hotel 
5.0,6000000.0,a. Vacaciones/recreación/Ocio ,a. Hotel 
5.0,300000.0,b. Visita a familiares y amigos,"e. Casa propia, de familiares o amigos (sin pago)"
2.0,500000.0,h. Trabajo remunerado en otra ciudad,a. Hotel 
4.0,200000.0,b. Visita a familiares y amigos,"e. Casa propia, de familiares o amigos (sin pago)"
5.0,1000000.0,a. Vacaciones/recreación/Ocio ,a. Hotel 
8.0,500000.0,a. Vacaciones/recreación/Ocio ,"e. Casa propia, de familiares o amigos (sin pago)"
4.0,1000000.0,a. Vacaciones/recreación/Ocio ,"e. Casa propia, de familiares o amigos (sin pago)"
4.0,2000000.0,a. Vacaciones/recreación/Ocio ,a. Hotel 
2.0,300000.0,b. Visita a familiares y amigos,"e. Casa propia, de familiares o amigos (sin pago)"
2.0,450000.0,e. Religión/Peregrinaciones,a. Hotel 
3.0,4000000.0,a. Vacaciones/recreación/Ocio ,a. Hotel 
3.0,500000.0,h. Trabajo remunerado en otra ciudad,a. Hotel 
4.0,30000000.0,a. Vacaciones/recreación/Ocio ,a. Hotel 
3.0,600000.0,h. Trabajo remunerado en otra ciudad,d. Inmueble de alquiler (pagos por plataforma dig)
3.0,180000.0,b. Visita a familiares y amigos,"e. Casa propia, de familiares o amigos (sin pago)"
5.0,3000000.0,a. Vacaciones/recreación/Ocio ,a. Hotel 
5.0,100000.0,b. Visita a familiares y amigos,"e. Casa propia, de familiares o amigos (sin pago)"
4.0,70000000.0,g. Negocios y motivos profesionales,a. Hotel 
3.0,250000.0,b. Visita a familiares y amigos,"e. Casa propia, de familiares o amigos (sin pago)"
1.0,100000.0,b. Visita a familiares y amigos,"e. Casa propia, de familiares o amigos (sin pago)"
6.0,250000.0,a. Vacaciones/recreación/Ocio ,"e. Casa propia, de familiares o amigos (sin pago)"
13.0,7000000.0,a. Vacaciones/recreación/Ocio ,a. Hotel 
3.0,200000.0,h. Trabajo remunerado en otra ciudad,"e. Casa propia, de familiares o amigos (sin pago)"
3.0,150000.0,b. Visita a familiares y amigos,"e. Casa propia, de familiares o amigos (sin pago)"
4.0,3000000.0,a. Vacaciones/recreación/Ocio ,a. Hotel 
4.0,300000.0,b. Visita a familiares y amigos,"e. Casa propia, de familiares o amigos (sin pago)"
4.0,600000.0,a. Vacaciones/recreación/Ocio ,"e. Casa propia, de familiares o amigos (sin pago)"
8.0,2000000.0,a. Vacaciones/recreación/Ocio ,d. Inmueble de alquiler (pagos por plataforma dig)
3.0,300000.0,b. Visita a familiares y amigos,"e. Casa propia, de familiares o amigos (sin pago)"
4.0,200000.0,a. Vacaciones/recreación/Ocio ,"e. Casa propia, de familiares o amigos (sin pago)"
3.0,256000.0,b. Visita a familiares y amigos,"e. Casa propia, de familiares o amigos (sin pago)"
2.0,250000.0,a. Vacaciones/recreación/Ocio ,a. Hotel 
2.0,50000.0,h. Trabajo remunerado en otra ciudad,a. Hotel 
3.0,550000.0,a. Vacaciones/recreación/Ocio ,a. Hotel 
1.0,500000.0,h. Trabajo remunerado en otra ciudad,a. Hotel 
3.0,150000.0,b. Visita a familiares y amigos,"e. Casa propia, de familiares o amigos (sin pago)"
5.0,1200000.0,a. Vacaciones/recreación/Ocio ,b. Hostal
12.0,4000000.0,a. Vacaciones/recreación/Ocio ,"e. Casa propia, de familiares o amigos (sin pago)"
5.0,3000000.0,b. Visita a familiares y amigos,"e. Casa propia, de familiares o amigos (sin pago)"
4.0,2000000.0,a. Vacaciones/recreación/Ocio ,a. Hotel 
3.0,150000.0,b. Visita a familiares y amigos,"e. Casa propia, de familiares o amigos (sin pago)"
5.0,200000.0,b. Visita a familiares y amigos,"e. Casa propia, de familiares o amigos (sin pago)"
2.0,100000.0,b. Visita a familiares y amigos,"e. Casa propia, de familiares o amigos (sin pago)"
3.0,4000000.0,a. Vacaciones/recreación/Ocio ,a. Hotel 
3.0,500000.0,a. Vacaciones/recreación/Ocio ,a. Hotel 
4.0,500000.0,b. Visita a familiares y amigos,"e. Casa propia, de familiares o amigos (sin pago)"
8.0,250000.0,b. Visita a familiares y amigos,"e. Casa propia, de familiares o amigos (sin pago)"
1.0,250000.0,b. Visita a familiares y amigos,"e. Casa propia, de familiares o amigos (sin pago)"
2.0,600000.0,b. Visita a familiares y amigos,a. Hotel 
15.0,2000000.0,h. Trabajo remunerado en otra ciudad,"e. Casa propia, de familiares o amigos (sin pago)"
10.0,6000000.0,a. Vacaciones/recreación/Ocio ,c. Apartahotel
4.0,1000000.0,b. Visita a familiares y amigos,"e. Casa propia, de familiares o amigos (sin pago)"
3.0,100000.0,b. Visita a familiares y amigos,"e. Casa propia, de familiares o amigos (sin pago)"
5.0,300000.0,a. Vacaciones/recreación/Ocio ,"e. Casa propia, de familiares o amigos (sin pago)"
10.0,300000.0,b. Visita a familiares y amigos,"e. Casa propia, de familiares o amigos (sin pago)"
2.0,100000.0,b. Visita a familiares y amigos,"e. Casa propia, de familiares o amigos (sin pago)"
3.0,250000.0,g. Negocios y motivos profesionales,"e. Casa propia, de familiares o amigos (sin pago)"
2.0,100000.0,b. Visita a familiares y amigos,"e. Casa propia, de familiares o amigos (sin pago)"
4.0,200000.0,b. Visita a familiares y amigos,"e. Casa propia, de familiares o amigos (sin pago)"
4.0,3000000.0,a. Vacaciones/recreación/Ocio ,a. Hotel 
5.0,300000.0,b. Visita a familiares y amigos,"e. Casa propia, de familiares o amigos (sin pago)"
4.0,2000000.0,a. Vacaciones/recreación/Ocio ,"e. Casa propia, de familiares o amigos (sin pago)"
4.0,4000000.0,a. Vacaciones/recreación/Ocio ,c. Apartahotel
5.0,500000.0,a. Vacaciones/recreación/Ocio ,a. Hotel 
4.0,6000000.0,g. Negocios y motivos profesionales,a. Hotel 
7.0,100000.0,b. Visita a familiares y amigos,"e. Casa propia, de familiares o amigos (sin pago)"
15.0,500000.0,h. Trabajo remunerado en otra ciudad,a. Hotel 
3.0,2000000.0,h. Trabajo remunerado en otra ciudad,a. Hotel 
1.0,150000.0,i. Otro.,"e. Casa propia, de familiares o amigos (sin pago)"
4.0,1000000.0,a. Vacaciones/recreación/Ocio ,a. Hotel 
2.0,300000.0,a. Vacaciones/recreación/Ocio ,a. Hotel 
7.0,200000.0,b. Visita a familiares y amigos,"e. Casa propia, de familiares o amigos (sin pago)"
3.0,700000.0,h. Trabajo remunerado en otra ciudad,a. Hotel 
8.0,2000000.0,a. Vacaciones/recreación/Ocio ,a. Hotel 
10.0,6000000.0,a. Vacaciones/recreación/Ocio ,"e. Casa propia, de familiares o amigos (sin pago)"
4.0,5000000.0,a. Vacaciones/recreación/Ocio ,a. Hotel 
4.0,300000.0,a. Vacaciones/recreación/Ocio ,b. Hostal
4.0,550000.0,b. Visita a familiares y amigos,"e. Casa propia, de familiares o amigos (sin pago)"
4.0,4000000.0,a. Vacaciones/recreación/Ocio ,d. Inmueble de alquiler (pagos por plataforma dig)
5.0,500000.0,b. Visita a familiares y amigos,"e. Casa propia, de familiares o amigos (sin pago)"
4.0,400000.0,a. Vacaciones/recreación/Ocio ,d. Inmueble de alquiler (pagos por plataforma dig)
3.0,2000000.0,a. Vacaciones/recreación/Ocio ,a. Hotel 
3.0,300000.0,b. Visita a familiares y amigos,"e. Casa propia, de familiares o amigos (sin pago)"
2.0,100000.0,b. Visita a familiares y amigos,"e. Casa propia, de familiares o amigos (sin pago)"
3.0,4000000.0,a. Vacaciones/recreación/Ocio ,a. Hotel 
3.0,1000000.0,b. Visita a familiares y amigos,d. Inmueble de alquiler (pagos por plataforma dig)
5.0,500000.0,b. Visita a familiares y amigos,"e. Casa propia, de familiares o amigos (sin pago)"
4.0,400000.0,a. Vacaciones/recreación/Ocio ,a. Hotel 
4.0,2000000.0,b. Visita a familiares y amigos,a. Hotel 
4.0,400000.0,b. Visita a familiares y amigos,"e. Casa propia, de familiares o amigos (sin pago)"
1.0,1000000.0,a. Vacaciones/recreación/Ocio ,a. Hotel 
3.0,350000.0,b. Visita a familiares y amigos,"e. Casa propia, de familiares o amigos (sin pago)"
2.0,150000.0,b. Visita a familiares y amigos,"e. Casa propia, de familiares o amigos (sin pago)"
4.0,3000000.0,a. Vacaciones/recreación/Ocio ,a. Hotel 
3.0,150000.0,i. Otro.,"e. Casa propia, de familiares o amigos (sin pago)"
4.0,1000000.0,a. Vacaciones/recreación/Ocio ,"e. Casa propia, de familiares o amigos (sin pago)"
7.0,550000.0,a. Vacaciones/recreación/Ocio ,"e. Casa propia, de familiares o amigos (sin pago)"
3.0,700000.0,a. Vacaciones/recreación/Ocio ,"e. Casa propia, de familiares o amigos (sin pago)"
2.0,350000.0,b. Visita a familiares y amigos,"e. Casa propia, de familiares o amigos (sin pago)"
4.0,8000000.0,a. Vacaciones/recreación/Ocio ,"e. Casa propia, de familiares o amigos (sin pago)"
3.0,200000.0,b. Visita a familiares y amigos,"e. Casa propia, de familiares o amigos (sin pago)"
11.0,8000000.0,a. Vacaciones/recreación/Ocio ,a. Hotel 
6.0,4000000.0,a. Vacaciones/recreación/Ocio ,a. Hotel 
3.0,200000.0,b. Visita a familiares y amigos,"e. Casa propia, de familiares o amigos (sin pago)"
7.0,200000.0,b. Visita a familiares y amigos,"e. Casa propia, de familiares o amigos (sin pago)"
160.0,15000000.0,c. Educación y formación,"e. Casa propia, de familiares o amigos (sin pago)"
1.0,250000.0,b. Visita a familiares y amigos,"e. Casa propia, de familiares o amigos (sin pago)"
4.0,600000.0,a. Vacaciones/recreación/Ocio ,d. Inmueble de alquiler (pagos por plataforma dig)
1.0,300000.0,a. Vacaciones/recreación/Ocio ,a. Hotel 
4.0,2000000.0,b. Visita a familiares y amigos,"e. Casa propia, de familiares o amigos (sin pago)"
3.0,500000.0,b. Visita a familiares y amigos,"e. Casa propia, de familiares o amigos (sin pago)"
4.0,150000.0,a. Vacaciones/recreación/Ocio ,"e. Casa propia, de familiares o amigos (sin pago)"
5.0,2000000.0,h. Trabajo remunerado en otra ciudad,a. Hotel 
3.0,2000000.0,a. Vacaciones/recreación/Ocio ,a. Hotel 
3.0,250000.0,b. Visita a familiares y amigos,"e. Casa propia, de familiares o amigos (sin pago)"
4.0,5500000.0,a. Vacaciones/recreación/Ocio ,a. Hotel 
10.0,1200000.0,a. Vacaciones/recreación/Ocio ,"e. Casa propia, de familiares o amigos (sin pago)"
10.0,400000.0,h. Trabajo remunerado en otra ciudad,"e. Casa propia, de familiares o amigos (sin pago)"
4.0,2000000.0,a. Vacaciones/recreación/Ocio ,a. Hotel 
10.0,200000.0,h. Trabajo remunerado en otra ciudad,"e. Casa propia, de familiares o amigos (sin pago)"
4.0,500000.0,a. Vacaciones/recreación/Ocio ,a. Hotel 
7.0,300000.0,b. Visita a familiares y amigos,"e. Casa propia, de familiares o amigos (sin pago)"
2.0,250000.0,b. Visita a familiares y amigos,"e. Casa propia, de familiares o amigos (sin pago)"
10.0,500000.0,a. Vacaciones/recreación/Ocio ,d. Inmueble de alquiler (pagos por plataforma dig)
6.0,1500000.0,h. Trabajo remunerado en otra ciudad,a. Hotel 
5.0,70000.0,b. Visita a familiares y amigos,"e. Casa propia, de familiares o amigos (sin pago)"
5.0,250000.0,b. Visita a familiares y amigos,"e. Casa propia, de familiares o amigos (sin pago)"
5.0,200000.0,a. Vacaciones/recreación/Ocio ,"e. Casa propia, de familiares o amigos (sin pago)"
5.0,5000000.0,a. Vacaciones/recreación/Ocio ,a. Hotel 
3.0,250000.0,a. Vacaciones/recreación/Ocio ,a. Hotel 
2.0,200000.0,b. Visita a familiares y amigos,"e. Casa propia, de familiares o amigos (sin pago)"
1.0,100000.0,b. Visita a familiares y amigos,"e. Casa propia, de familiares o amigos (sin pago)"
10.0,1000000.0,b. Visita a familiares y amigos,"e. Casa propia, de familiares o amigos (sin pago)"
5.0,450000.0,a. Vacaciones/recreación/Ocio ,"e. Casa propia, de familiares o amigos (sin pago)"
14.0,6000000.0,a. Vacaciones/recreación/Ocio ,a. Hotel 
15.0,350000.0,b. Visita a familiares y amigos,"e. Casa propia, de familiares o amigos (sin pago)"
30.0,300000.0,h. Trabajo remunerado en otra ciudad,d. Inmueble de alquiler (pagos por plataforma dig)
2.0,170000.0,e. Religión/Peregrinaciones,"e. Casa propia, de familiares o amigos (sin pago)"
4.0,200000.0,a. Vacaciones/recreación/Ocio ,a. Hotel 
4.0,500000.0,b. Visita a familiares y amigos,"e. Casa propia, de familiares o amigos (sin pago)"
2.0,1000000.0,b. Visita a familiares y amigos,"e. Casa propia, de familiares o amigos (sin pago)"
4.0,1000000.0,a. Vacaciones/recreación/Ocio ,a. Hotel 
3.0,300.0,b. Visita a familiares y amigos,"e. Casa propia, de familiares o amigos (sin pago)"
2.0,500.0,b. Visita a familiares y amigos,"e. Casa propia, de familiares o amigos (sin pago)"
6.0,300000.0,a. Vacaciones/recreación/Ocio ,"e. Casa propia, de familiares o amigos (sin pago)"
7.0,2000000.0,a. Vacaciones/recreación/Ocio ,a. Hotel 
3.0,3000000.0,a. Vacaciones/recreación/Ocio ,a. Hotel 
3.0,600000.0,a. Vacaciones/recreación/Ocio ,a. Hotel 
3.0,600000.0,a. Vacaciones/recreación/Ocio ,"e. Casa propia, de familiares o amigos (sin pago)"
2.0,150000.0,b. Visita a familiares y amigos,"e. Casa propia, de familiares o amigos (sin pago)"
3.0,200000.0,h. Trabajo remunerado en otra ciudad,a. Hotel 
6.0,1000000.0,a. Vacaciones/recreación/Ocio ,"e. Casa propia, de familiares o amigos (sin pago)"
5.0,4000000.0,a. Vacaciones/recreación/Ocio ,a. Hotel 
1.0,1000000.0,h. Trabajo remunerado en otra ciudad,a. Hotel 
4.0,500000.0,b. Visita a familiares y amigos,"e. Casa propia, de familiares o amigos (sin pago)"
7.0,100000.0,b. Visita a familiares y amigos,"e. Casa propia, de familiares o amigos (sin pago)"
2.0,1000000.0,b. Visita a familiares y amigos,"e. Casa propia, de familiares o amigos (sin pago)"
2.0,300.0,b. Visita a familiares y amigos,"e. Casa propia, de familiares o amigos (sin pago)"
3.0,150000.0,h. Trabajo remunerado en otra ciudad,"e. Casa propia, de familiares o amigos (sin pago)"
5.0,7000000.0,a. Vacaciones/recreación/Ocio ,b. Hostal
3.0,100000.0,b. Visita a familiares y amigos,"e. Casa propia, de familiares o amigos (sin pago)"
6.0,50000.0,a. Vacaciones/recreación/Ocio ,"e. Casa propia, de familiares o amigos (sin pago)"
4.0,750000.0,a. Vacaciones/recreación/Ocio ,"e. Casa propia, de familiares o amigos (sin pago)"
3.0,600000.0,b. Visita a familiares y amigos,"e. Casa propia, de familiares o amigos (sin pago)"
10.0,10000000.0,a. Vacaciones/recreación/Ocio ,a. Hotel 
2.0,450000.0,a. Vacaciones/recreación/Ocio ,c. Apartahotel
1.0,250000.0,g. Negocios y motivos profesionales,a. Hotel 
3.0,350000.0,b. Visita a familiares y amigos,"e. Casa propia, de familiares o amigos (sin pago)"
4.0,300000.0,b. Visita a familiares y amigos,"e. Casa propia, de familiares o amigos (sin pago)"
4.0,5000000.0,a. Vacaciones/recreación/Ocio ,a. Hotel 
7.0,400000.0,b. Visita a familiares y amigos,"e. Casa propia, de familiares o amigos (sin pago)"
4.0,500000.0,a. Vacaciones/recreación/Ocio ,a. Hotel 
3.0,150000.0,b. Visita a familiares y amigos,"e. Casa propia, de familiares o amigos (sin pago)"
16.0,3000000.0,a. Vacaciones/recreación/Ocio ,b. Hostal
8.0,500000.0,a. Vacaciones/recreación/Ocio ,"e. Casa propia, de familiares o amigos (sin pago)"
1.0,200000.0,b. Visita a familiares y amigos,"e. Casa propia, de familiares o amigos (sin pago)"
5.0,2000000.0,g. Negocios y motivos profesionales,a. Hotel 
10.0,300000.0,a. Vacaciones/recreación/Ocio ,"e. Casa propia, de familiares o amigos (sin pago)"
2.0,160000.0,b. Visita a familiares y amigos,"e. Casa propia, de familiares o amigos (sin pago)"
4.0,6000000.0,a. Vacaciones/recreación/Ocio ,a. Hotel 
4.0,300000.0,b. Visita a familiares y amigos,"e. Casa propia, de familiares o amigos (sin pago)"
30.0,5000000.0,a. Vacaciones/recreación/Ocio ,"e. Casa propia, de familiares o amigos (sin pago)"
6.0,1100000.0,a. Vacaciones/recreación/Ocio ,a. Hotel 
3.0,150000.0,b. Visita a familiares y amigos,"e. Casa propia, de familiares o amigos (sin pago)"
5.0,500000.0,a. Vacaciones/recreación/Ocio ,a. Hotel 
8.0,1200000.0,b. Visita a familiares y amigos,"e. Casa propia, de familiares o amigos (sin pago)"
2.0,800000.0,b. Visita a familiares y amigos,a. Hotel 
3.0,200000.0,b. Visita a familiares y amigos,"e. Casa propia, de familiares o amigos (sin pago)"
3.0,300000.0,b. Visita a familiares y amigos,"e. Casa propia, de familiares o amigos (sin pago)"
2.0,2000000.0,h. Trabajo remunerado en otra ciudad,a. Hotel 
6.0,200000.0,b. Visita a familiares y amigos,"e. Casa propia, de familiares o amigos (sin pago)"
3.0,3000000.0,a. Vacaciones/recreación/Ocio ,a. Hotel 
5.0,1000000.0,a. Vacaciones/recreación/Ocio ,d. Inmueble de alquiler (pagos por plataforma dig)
3.0,1000000.0,b. Visita a familiares y amigos,a. Hotel 
4.0,150.0,b. Visita a familiares y amigos,"e. Casa propia, de familiares o amigos (sin pago)"
2.0,300000.0,b. Visita a familiares y amigos,"e. Casa propia, de familiares o amigos (sin pago)"
3.0,0.0,a. Vacaciones/recreación/Ocio ,a. Hotel 
15.0,600000.0,b. Visita a familiares y amigos,"e. Casa propia, de familiares o amigos (sin pago)"
10.0,6000000.0,b. Visita a familiares y amigos,"e. Casa propia, de familiares o amigos (sin pago)"
2.0,400000.0,"d. Salud , Bienestar y atención médica","e. Casa propia, de familiares o amigos (sin pago)"
8.0,400000.0,b. Visita a familiares y amigos,"e. Casa propia, de familiares o amigos (sin pago)"
4.0,500000.0,a. Vacaciones/recreación/Ocio ,"e. Casa propia, de familiares o amigos (sin pago)"
1.0,200000.0,h. Trabajo remunerado en otra ciudad,a. Hotel 
3.0,2000000.0,b. Visita a familiares y amigos,a. Hotel 
3.0,600000.0,a. Vacaciones/recreación/Ocio ,a. Hotel 
4.0,2000000.0,a. Vacaciones/recreación/Ocio ,a. Hotel 
40.0,400000.0,b. Visita a familiares y amigos,"e. Casa propia, de familiares o amigos (sin pago)"
2.0,500000.0,b. Visita a familiares y amigos,"e. Casa propia, de familiares o amigos (sin pago)"
3.0,3000000.0,a. Vacaciones/recreación/Ocio ,c. Apartahotel
4.0,300000.0,a. Vacaciones/recreación/Ocio ,a. Hotel 
30.0,2000000.0,a. Vacaciones/recreación/Ocio ,"e. Casa propia, de familiares o amigos (sin pago)"
4.0,270000.0,b. Visita a familiares y amigos,"e. Casa propia, de familiares o amigos (sin pago)"
3.0,500000.0,b. Visita a familiares y amigos,"e. Casa propia, de familiares o amigos (sin pago)"
4.0,1000000.0,a. Vacaciones/recreación/Ocio ,a. Hotel 
2.0,500000.0,a. Vacaciones/recreación/Ocio ,"e. Casa propia, de familiares o amigos (sin pago)"
1.0,200000.0,h. Trabajo remunerado en otra ciudad,"e. Casa propia, de familiares o amigos (sin pago)"
1.0,100000.0,b. Visita a familiares y amigos,"e. Casa propia, de familiares o amigos (sin pago)"
3.0,220000.0,b. Visita a familiares y amigos,"e. Casa propia, de familiares o amigos (sin pago)"
7.0,400000.0,b. Visita a familiares y amigos,"e. Casa propia, de familiares o amigos (sin pago)"
5.0,200000.0,b. Visita a familiares y amigos,"e. Casa propia, de familiares o amigos (sin pago)"
7.0,2000000.0,a. Vacaciones/recreación/Ocio ,"e. Casa propia, de familiares o amigos (sin pago)"
5.0,500000.0,a. Vacaciones/recreación/Ocio ,a. Hotel 
10.0,1000000.0,a. Vacaciones/recreación/Ocio ,"e. Casa propia, de familiares o amigos (sin pago)"
5.0,500000.0,b. Visita a familiares y amigos,"e. Casa propia, de familiares o amigos (sin pago)"
5.0,650000.0,a. Vacaciones/recreación/Ocio ,"e. Casa propia, de familiares o amigos (sin pago)"
2.0,200000.0,b. Visita a familiares y amigos,"e. Casa propia, de familiares o amigos (sin pago)"
7.0,100000.0,b. Visita a familiares y amigos,"e. Casa propia, de familiares o amigos (sin pago)"
6.0,2000000.0,a. Vacaciones/recreación/Ocio ,a. Hotel 
4.0,400000.0,b. Visita a familiares y amigos,"e. Casa propia, de familiares o amigos (sin pago)"
4.0,150000.0,b. Visita a familiares y amigos,"e. Casa propia, de familiares o amigos (sin pago)"
1.0,300000.0,a. Vacaciones/recreación/Ocio ,a. Hotel 
9.0,3000000.0,a. Vacaciones/recreación/Ocio ,d. Inmueble de alquiler (pagos por plataforma dig)
60.0,300000.0,h. Trabajo remunerado en otra ciudad,"e. Casa propia, de familiares o amigos (sin pago)"
2.0,3000000.0,b. Visita a familiares y amigos,a. Hotel 
3.0,400000.0,a. Vacaciones/recreación/Ocio ,"e. Casa propia, de familiares o amigos (sin pago)"
4.0,200000.0,b. Visita a familiares y amigos,"e. Casa propia, de familiares o amigos (sin pago)"
5.0,500000.0,h. Trabajo remunerado en otra ciudad,"e. Casa propia, de familiares o amigos (sin pago)"
2.0,500000.0,b. Visita a familiares y amigos,"e. Casa propia, de familiares o amigos (sin pago)"
8.0,1000000.0,b. Visita a familiares y amigos,"e. Casa propia, de familiares o amigos (sin pago)"
999.0,300000.0,b. Visita a familiares y amigos,"e. Casa propia, de familiares o amigos (sin pago)"
4.0,300000.0,a. Vacaciones/recreación/Ocio ,"e. Casa propia, de familiares o amigos (sin pago)"
9.0,500000.0,b. Visita a familiares y amigos,"e. Casa propia, de familiares o amigos (sin pago)"
2.0,600000.0,g. Negocios y motivos profesionales,a. Hotel 
3.0,500000.0,b. Visita a familiares y amigos,"e. Casa propia, de familiares o amigos (sin pago)"
5.0,500000.0,a. Vacaciones/recreación/Ocio ,a. Hotel 
3.0,200000.0,b. Visita a familiares y amigos,"e. Casa propia, de familiares o amigos (sin pago)"
3.0,6000000.0,a. Vacaciones/recreación/Ocio ,d. Inmueble de alquiler (pagos por plataforma dig)
4.0,500000.0,a. Vacaciones/recreación/Ocio ,"e. Casa propia, de familiares o amigos (sin pago)"
45.0,7000000.0,a. Vacaciones/recreación/Ocio ,"e. Casa propia, de familiares o amigos (sin pago)"
3.0,4000000.0,a. Vacaciones/recreación/Ocio ,"e. Casa propia, de familiares o amigos (sin pago)"
15.0,2000000.0,b. Visita a familiares y amigos,"e. Casa propia, de familiares o amigos (sin pago)"
3.0,3000000.0,b. Visita a familiares y amigos,"e. Casa propia, de familiares o amigos (sin pago)"
4.0,300000.0,a. Vacaciones/recreación/Ocio ,"e. Casa propia, de familiares o amigos (sin pago)"
4.0,5000000.0,b. Visita a familiares y amigos,"e. Casa propia, de familiares o amigos (sin pago)"
4.0,100000.0,b. Visita a familiares y amigos,"e. Casa propia, de familiares o amigos (sin pago)"
7.0,1000000.0,b. Visita a familiares y amigos,"e. Casa propia, de familiares o amigos (sin pago)"
1.0,300000.0,c. Educación y formación,c. Apartahotel
4.0,10000000.0,a. Vacaciones/recreación/Ocio ,a. Hotel 
2.0,180000.0,b. Visita a familiares y amigos,"e. Casa propia, de familiares o amigos (sin pago)"
4.0,500000.0,a. Vacaciones/recreación/Ocio ,"e. Casa propia, de familiares o amigos (sin pago)"
3.0,4000000.0,a. Vacaciones/recreación/Ocio ,a. Hotel 
19.0,150000.0,a. Vacaciones/recreación/Ocio ,c. Apartahotel
15.0,2000000.0,b. Visita a familiares y amigos,"e. Casa propia, de familiares o amigos (sin pago)"
7.0,300000.0,b. Visita a familiares y amigos,"e. Casa propia, de familiares o amigos (sin pago)"
4.0,300000.0,a. Vacaciones/recreación/Ocio ,a. Hotel 
4.0,2000000.0,a. Vacaciones/recreación/Ocio ,d. Inmueble de alquiler (pagos por plataforma dig)
30.0,200000.0,a. Vacaciones/recreación/Ocio ,"e. Casa propia, de familiares o amigos (sin pago)"
8.0,2000000.0,a. Vacaciones/recreación/Ocio ,"e. Casa propia, de familiares o amigos (sin pago)"
2.0,2000000.0,h. Trabajo remunerado en otra ciudad,a. Hotel 
2.0,250000.0,b. Visita a familiares y amigos,"e. Casa propia, de familiares o amigos (sin pago)"
120.0,30000000.0,h. Trabajo remunerado en otra ciudad,"e. Casa propia, de familiares o amigos (sin pago)"
5.0,80000.0,b. Visita a familiares y amigos,"e. Casa propia, de familiares o amigos (sin pago)"
4.0,200000.0,b. Visita a familiares y amigos,"e. Casa propia, de familiares o amigos (sin pago)"
7.0,350000.0,b. Visita a familiares y amigos,"e. Casa propia, de familiares o amigos (sin pago)"
3.0,700000.0,a. Vacaciones/recreación/Ocio ,a. Hotel 
8.0,2000000.0,a. Vacaciones/recreación/Ocio ,"e. Casa propia, de familiares o amigos (sin pago)"
3.0,12000000.0,a. Vacaciones/recreación/Ocio ,a. Hotel 
6.0,100000.0,a. Vacaciones/recreación/Ocio ,"e. Casa propia, de familiares o amigos (sin pago)"
7.0,500000.0,a. Vacaciones/recreación/Ocio ,"e. Casa propia, de familiares o amigos (sin pago)"
3.0,400000.0,b. Visita a familiares y amigos,"e. Casa propia, de familiares o amigos (sin pago)"
4.0,800000.0,a. Vacaciones/recreación/Ocio ,a. Hotel 
22.0,20000000.0,a. Vacaciones/recreación/Ocio ,a. Hotel 
4.0,100000.0,a. Vacaciones/recreación/Ocio ,"e. Casa propia, de familiares o amigos (sin pago)"
6.0,500000.0,h. Trabajo remunerado en otra ciudad,"e. Casa propia, de familiares o amigos (sin pago)"
4.0,1000000.0,a. Vacaciones/recreación/Ocio ,a. Hotel 
5.0,1000000.0,a. Vacaciones/recreación/Ocio ,c. Apartahotel
3.0,150000.0,a. Vacaciones/recreación/Ocio ,"e. Casa propia, de familiares o amigos (sin pago)"
2.0,80000.0,h. Trabajo remunerado en otra ciudad,"e. Casa propia, de familiares o amigos (sin pago)"
999.0,500000.0,a. Vacaciones/recreación/Ocio ,"e. Casa propia, de familiares o amigos (sin pago)"
4.0,300000.0,h. Trabajo remunerado en otra ciudad,"e. Casa propia, de familiares o amigos (sin pago)"
6.0,1000000.0,a. Vacaciones/recreación/Ocio ,"e. Casa propia, de familiares o amigos (sin pago)"
25.0,30000000.0,b. Visita a familiares y amigos,b. Hostal
365.0,5000000.0,c. Educación y formación,a. Hotel 
5.0,200000.0,b. Visita a familiares y amigos,a. Hotel 
3.0,200000.0,b. Visita a familiares y amigos,"e. Casa propia, de familiares o amigos (sin pago)"
2.0,500000.0,h. Trabajo remunerado en otra ciudad,a. Hotel 
2.0,200000.0,a. Vacaciones/recreación/Ocio ,d. Inmueble de alquiler (pagos por plataforma dig)
4.0,1000.0,a. Vacaciones/recreación/Ocio ,a. Hotel 
4.0,1500000.0,a. Vacaciones/recreación/Ocio ,a. Hotel 
7.0,900000.0,a. Vacaciones/recreación/Ocio ,"e. Casa propia, de familiares o amigos (sin pago)"
4.0,6000000.0,a. Vacaciones/recreación/Ocio ,a. Hotel 
10.0,500000.0,b. Visita a familiares y amigos,"e. Casa propia, de familiares o amigos (sin pago)"
3.0,200000.0,b. Visita a familiares y amigos,"e. Casa propia, de familiares o amigos (sin pago)"
4.0,100000.0,a. Vacaciones/recreación/Ocio ,"e. Casa propia, de familiares o amigos (sin pago)"
15.0,5000000.0,a. Vacaciones/recreación/Ocio ,a. Hotel 
10.0,4600000.0,h. Trabajo remunerado en otra ciudad,a. Hotel 
3.0,200000.0,b. Visita a familiares y amigos,"e. Casa propia, de familiares o amigos (sin pago)"
2.0,350000.0,a. Vacaciones/recreación/Ocio ,b. Hostal
2.0,100000.0,b. Visita a familiares y amigos,"e. Casa propia, de familiares o amigos (sin pago)"
4.0,600000.0,b. Visita a familiares y amigos,"e. Casa propia, de familiares o amigos (sin pago)"
2.0,500000.0,a. Vacaciones/recreación/Ocio ,"e. Casa propia, de familiares o amigos (sin pago)"
3.0,3000000.0,b. Visita a familiares y amigos,"e. Casa propia, de familiares o amigos (sin pago)"
8.0,500000.0,b. Visita a familiares y amigos,"e. Casa propia, de familiares o amigos (sin pago)"
3.0,360000.0,b. Visita a familiares y amigos,"e. Casa propia, de familiares o amigos (sin pago)"
6.0,3000000.0,h. Trabajo remunerado en otra ciudad,"e. Casa propia, de familiares o amigos (sin pago)"
3.0,300000.0,a. Vacaciones/recreación/Ocio ,"e. Casa propia, de familiares o amigos (sin pago)"
4.0,5000000.0,a. Vacaciones/recreación/Ocio ,b. Hostal
1.0,3000000.0,a. Vacaciones/recreación/Ocio ,d. Inmueble de alquiler (pagos por plataforma dig)
8.0,2000000.0,b. Visita a familiares y amigos,"e. Casa propia, de familiares o amigos (sin pago)"
4.0,350000.0,b. Visita a familiares y amigos,"e. Casa propia, de familiares o amigos (sin pago)"
6.0,2400000.0,a. Vacaciones/recreación/Ocio ,d. Inmueble de alquiler (pagos por plataforma dig)
8.0,600000.0,b. Visita a familiares y amigos,"e. Casa propia, de familiares o amigos (sin pago)"
30.0,2000000.0,b. Visita a familiares y amigos,"e. Casa propia, de familiares o amigos (sin pago)"
3.0,0.0,b. Visita a familiares y amigos,"e. Casa propia, de familiares o amigos (sin pago)"
2.0,20000.0,b. Visita a familiares y amigos,"e. Casa propia, de familiares o amigos (sin pago)"
9.0,800000.0,b. Visita a familiares y amigos,"e. Casa propia, de familiares o amigos (sin pago)"
2.0,100000.0,b. Visita a familiares y amigos,"e. Casa propia, de familiares o amigos (sin pago)"
3.0,350000.0,a. Vacaciones/recreación/Ocio ,b. Hostal
4.0,500000.0,a. Vacaciones/recreación/Ocio ,a. Hotel 
3.0,500000.0,b. Visita a familiares y amigos,"e. Casa propia, de familiares o amigos (sin pago)"
10.0,4000000.0,a. Vacaciones/recreación/Ocio ,a. Hotel 
2.0,250000.0,b. Visita a familiares y amigos,"e. Casa propia, de familiares o amigos (sin pago)"
5.0,500000.0,a. Vacaciones/recreación/Ocio ,a. Hotel 
3.0,2000000.0,h. Trabajo remunerado en otra ciudad,a. Hotel 
4.0,300000.0,b. Visita a familiares y amigos,"e. Casa propia, de familiares o amigos (sin pago)"
7.0,600000.0,b. Visita a familiares y amigos,"e. Casa propia, de familiares o amigos (sin pago)"
1.0,2000000.0,h. Trabajo remunerado en otra ciudad,a. Hotel 
4.0,2000000.0,a. Vacaciones/recreación/Ocio ,a. Hotel 
5.0,2000000.0,a. Vacaciones/recreación/Ocio ,d. Inmueble de alquiler (pagos por plataforma dig)
3.0,1800000.0,b. Visita a familiares y amigos,"e. Casa propia, de familiares o amigos (sin pago)"
2.0,150000.0,g. Negocios y motivos profesionales,a. Hotel 
3.0,250000.0,b. Visita a familiares y amigos,"e. Casa propia, de familiares o amigos (sin pago)"
2.0,50000.0,b. Visita a familiares y amigos,"e. Casa propia, de familiares o amigos (sin pago)"
5.0,1000000.0,b. Visita a familiares y amigos,"e. Casa propia, de familiares o amigos (sin pago)"
7.0,500000.0,b. Visita a familiares y amigos,"e. Casa propia, de familiares o amigos (sin pago)"
2.0,800000.0,b. Visita a familiares y amigos,"e. Casa propia, de familiares o amigos (sin pago)"
3.0,500.0,b. Visita a familiares y amigos,"e. Casa propia, de familiares o amigos (sin pago)"
2.0,200000.0,b. Visita a familiares y amigos,"e. Casa propia, de familiares o amigos (sin pago)"
3.0,2000000.0,b. Visita a familiares y amigos,"e. Casa propia, de familiares o amigos (sin pago)"
4.0,500000.0,a. Vacaciones/recreación/Ocio ,a. Hotel 
3.0,200000.0,b. Visita a familiares y amigos,"e. Casa propia, de familiares o amigos (sin pago)"
8.0,1000000.0,a. Vacaciones/recreación/Ocio ,"e. Casa propia, de familiares o amigos (sin pago)"
8.0,500000.0,b. Visita a familiares y amigos,"e. Casa propia, de familiares o amigos (sin pago)"
4.0,4000000.0,a. Vacaciones/recreación/Ocio ,a. Hotel 
8.0,500000.0,b. Visita a familiares y amigos,"e. Casa propia, de familiares o amigos (sin pago)"
3.0,3000000.0,a. Vacaciones/recreación/Ocio ,a. Hotel 
5.0,1000000.0,a. Vacaciones/recreación/Ocio ,a. Hotel 
4.0,1000000.0,a. Vacaciones/recreación/Ocio ,a. Hotel 
3.0,200000.0,b. Visita a familiares y amigos,"e. Casa propia, de familiares o amigos (sin pago)"
5.0,1000000.0,a. Vacaciones/recreación/Ocio ,"e. Casa propia, de familiares o amigos (sin pago)"
5.0,500000.0,a. Vacaciones/recreación/Ocio ,"e. Casa propia, de familiares o amigos (sin pago)"
8.0,800000.0,b. Visita a familiares y amigos,"e. Casa propia, de familiares o amigos (sin pago)"
3.0,550000.0,b. Visita a familiares y amigos,"e. Casa propia, de familiares o amigos (sin pago)"
2.0,100000.0,b. Visita a familiares y amigos,"e. Casa propia, de familiares o amigos (sin pago)"
4.0,500000.0,a. Vacaciones/recreación/Ocio ,a. Hotel 
8.0,200000.0,b. Visita a familiares y amigos,"e. Casa propia, de familiares o amigos (sin pago)"
7.0,5000000.0,a. Vacaciones/recreación/Ocio ,a. Hotel 
1.0,150000.0,h. Trabajo remunerado en otra ciudad,"e. Casa propia, de familiares o amigos (sin pago)"
7.0,200000.0,b. Visita a familiares y amigos,"e. Casa propia, de familiares o amigos (sin pago)"
2.0,70000.0,g. Negocios y motivos profesionales,"e. Casa propia, de familiares o amigos (sin pago)"
4.0,300000.0,b. Visita a familiares y amigos,"e. Casa propia, de familiares o amigos (sin pago)"
3.0,200000.0,b. Visita a familiares y amigos,"e. Casa propia, de familiares o amigos (sin pago)"
6.0,400000.0,a. Vacaciones/recreación/Ocio ,"e. Casa propia, de familiares o amigos (sin pago)"
5.0,400000.0,b. Visita a familiares y amigos,"e. Casa propia, de familiares o amigos (sin pago)"
2.0,500000.0,b. Visita a familiares y amigos,"e. Casa propia, de familiares o amigos (sin pago)"
3.0,200.0,b. Visita a familiares y amigos,"e. Casa propia, de familiares o amigos (sin pago)"
5.0,500000.0,b. Visita a familiares y amigos,"e. Casa propia, de familiares o amigos (sin pago)"
6.0,3000000.0,a. Vacaciones/recreación/Ocio ,b. Hostal
5.0,4000000.0,b. Visita a familiares y amigos,"e. Casa propia, de familiares o amigos (sin pago)"
5.0,4000000.0,a. Vacaciones/recreación/Ocio ,a. Hotel 
1.0,500000.0,f. Compras,a. Hotel 
3.0,350000.0,a. Vacaciones/recreación/Ocio ,c. Apartahotel
4.0,600000.0,a. Vacaciones/recreación/Ocio ,"e. Casa propia, de familiares o amigos (sin pago)"
4.0,2000000.0,a. Vacaciones/recreación/Ocio ,"e. Casa propia, de familiares o amigos (sin pago)"
2.0,300000.0,b. Visita a familiares y amigos,"e. Casa propia, de familiares o amigos (sin pago)"
10.0,70000.0,a. Vacaciones/recreación/Ocio ,"e. Casa propia, de familiares o amigos (sin pago)"
8.0,350000.0,b. Visita a familiares y amigos,a. Hotel 
7.0,200000.0,b. Visita a familiares y amigos,"e. Casa propia, de familiares o amigos (sin pago)"
4.0,400000.0,b. Visita a familiares y amigos,"e. Casa propia, de familiares o amigos (sin pago)"
1.0,100000.0,b. Visita a familiares y amigos,"e. Casa propia, de familiares o amigos (sin pago)"
2.0,800000.0,g. Negocios y motivos profesionales,a. Hotel 
8.0,150000.0,"d. Salud , Bienestar y atención médica","e. Casa propia, de familiares o amigos (sin pago)"
3.0,500000.0,g. Negocios y motivos profesionales,"e. Casa propia, de familiares o amigos (sin pago)"
3.0,600000.0,b. Visita a familiares y amigos,"e. Casa propia, de familiares o amigos (sin pago)"
5.0,500000.0,a. Vacaciones/recreación/Ocio ,"e. Casa propia, de familiares o amigos (sin pago)"
6.0,0.0,b. Visita a familiares y amigos,"e. Casa propia, de familiares o amigos (sin pago)"
3.0,500000.0,a. Vacaciones/recreación/Ocio ,"e. Casa propia, de familiares o amigos (sin pago)"
14.0,400000.0,a. Vacaciones/recreación/Ocio ,"e. Casa propia, de familiares o amigos (sin pago)"
6.0,1000000.0,a. Vacaciones/recreación/Ocio ,"e. Casa propia, de familiares o amigos (sin pago)"
4.0,800000.0,b. Visita a familiares y amigos,"e. Casa propia, de familiares o amigos (sin pago)"
3.0,300000.0,b. Visita a familiares y amigos,"e. Casa propia, de familiares o amigos (sin pago)"
13.0,1000000.0,a. Vacaciones/recreación/Ocio ,d. Inmueble de alquiler (pagos por plataforma dig)
4.0,900000.0,b. Visita a familiares y amigos,"e. Casa propia, de familiares o amigos (sin pago)"
16.0,300000.0,b. Visita a familiares y amigos,"e. Casa propia, de familiares o amigos (sin pago)"
5.0,200000.0,a. Vacaciones/recreación/Ocio ,"e. Casa propia, de familiares o amigos (sin pago)"
6.0,500000.0,a. Vacaciones/recreación/Ocio ,a. Hotel 
7.0,200000.0,a. Vacaciones/recreación/Ocio ,"e. Casa propia, de familiares o amigos (sin pago)"
5.0,200000.0,a. Vacaciones/recreación/Ocio ,"e. Casa propia, de familiares o amigos (sin pago)"
8.0,200000.0,b. Visita a familiares y amigos,"e. Casa propia, de familiares o amigos (sin pago)"
7.0,200000.0,b. Visita a familiares y amigos,"e. Casa propia, de familiares o amigos (sin pago)"
4.0,200000.0,a. Vacaciones/recreación/Ocio ,a. Hotel 
3.0,3000000.0,g. Negocios y motivos profesionales,d. Inmueble de alquiler (pagos por plataforma dig)
4.0,200000.0,b. Visita a familiares y amigos,"e. Casa propia, de familiares o amigos (sin pago)"
3.0,60000.0,b. Visita a familiares y amigos,"e. Casa propia, de familiares o amigos (sin pago)"
8.0,200000.0,b. Visita a familiares y amigos,"e. Casa propia, de familiares o amigos (sin pago)"
5.0,200000.0,b. Visita a familiares y amigos,"e. Casa propia, de familiares o amigos (sin pago)"
4.0,700000.0,b. Visita a familiares y amigos,d. Inmueble de alquiler (pagos por plataforma dig)
7.0,400000.0,b. Visita a familiares y amigos,"e. Casa propia, de familiares o amigos (sin pago)"
4.0,150000.0,b. Visita a familiares y amigos,"e. Casa propia, de familiares o amigos (sin pago)"
5.0,700000.0,a. Vacaciones/recreación/Ocio ,a. Hotel 
4.0,100000.0,b. Visita a familiares y amigos,"e. Casa propia, de familiares o amigos (sin pago)"
6.0,1200000.0,b. Visita a familiares y amigos,"e. Casa propia, de familiares o amigos (sin pago)"
6.0,800000.0,b. Visita a familiares y amigos,"e. Casa propia, de familiares o amigos (sin pago)"
4.0,400000.0,b. Visita a familiares y amigos,"e. Casa propia, de familiares o amigos (sin pago)"
2.0,100000.0,b. Visita a familiares y amigos,"e. Casa propia, de familiares o amigos (sin pago)"
3.0,300000.0,h. Trabajo remunerado en otra ciudad,a. Hotel 
4.0,4000000.0,a. Vacaciones/recreación/Ocio ,a. Hotel 
4.0,3000000.0,a. Vacaciones/recreación/Ocio ,a. Hotel 
5.0,500000.0,a. Vacaciones/recreación/Ocio ,a. Hotel 
7.0,200000.0,b. Visita a familiares y amigos,"e. Casa propia, de familiares o amigos (sin pago)"
3.0,500000.0,a. Vacaciones/recreación/Ocio ,"e. Casa propia, de familiares o amigos (sin pago)"
2.0,350000.0,b. Visita a familiares y amigos,b. Hostal
3.0,500000.0,b. Visita a familiares y amigos,"e. Casa propia, de familiares o amigos (sin pago)"
2.0,100000.0,b. Visita a familiares y amigos,"e. Casa propia, de familiares o amigos (sin pago)"
9.0,2000000.0,a. Vacaciones/recreación/Ocio ,"e. Casa propia, de familiares o amigos (sin pago)"
45.0,7000000.0,b. Visita a familiares y amigos,"e. Casa propia, de familiares o amigos (sin pago)"
4.0,5000000.0,a. Vacaciones/recreación/Ocio ,a. Hotel 
21.0,8000000.0,a. Vacaciones/recreación/Ocio ,a. Hotel 
20.0,7000000.0,a. Vacaciones/recreación/Ocio ,a. Hotel 
60.0,400000.0,b. Visita a familiares y amigos,"e. Casa propia, de familiares o amigos (sin pago)"
3.0,600000.0,a. Vacaciones/recreación/Ocio ,"e. Casa propia, de familiares o amigos (sin pago)"
4.0,500000.0,b. Visita a familiares y amigos,"e. Casa propia, de familiares o amigos (sin pago)"
4.0,1300000.0,b. Visita a familiares y amigos,"e. Casa propia, de familiares o amigos (sin pago)"
15.0,200000.0,a. Vacaciones/recreación/Ocio ,a. Hotel 
2.0,100000.0,e. Religión/Peregrinaciones,"e. Casa propia, de familiares o amigos (sin pago)"
4.0,4000000.0,b. Visita a familiares y amigos,d. Inmueble de alquiler (pagos por plataforma dig)
4.0,5000000.0,a. Vacaciones/recreación/Ocio ,a. Hotel 
4.0,500000.0,a. Vacaciones/recreación/Ocio ,"e. Casa propia, de familiares o amigos (sin pago)"
2.0,500000.0,b. Visita a familiares y amigos,"e. Casa propia, de familiares o amigos (sin pago)"
3.0,4000000.0,a. Vacaciones/recreación/Ocio ,a. Hotel 
1.0,400000.0,a. Vacaciones/recreación/Ocio ,a. Hotel 
4.0,300000.0,b. Visita a familiares y amigos,"e. Casa propia, de familiares o amigos (sin pago)"
11.0,2000000.0,g. Negocios y motivos profesionales,d. Inmueble de alquiler (pagos por plataforma dig)
3.0,300000.0,b. Visita a familiares y amigos,"e. Casa propia, de familiares o amigos (sin pago)"
10.0,200000.0,b. Visita a familiares y amigos,"e. Casa propia, de familiares o amigos (sin pago)"
7.0,300000.0,h. Trabajo remunerado en otra ciudad,a. Hotel 
4.0,200000.0,e. Religión/Peregrinaciones,"e. Casa propia, de familiares o amigos (sin pago)"
5.0,3000000.0,a. Vacaciones/recreación/Ocio ,a. Hotel 
3.0,200.0,b. Visita a familiares y amigos,"e. Casa propia, de familiares o amigos (sin pago)"
2.0,250000.0,b. Visita a familiares y amigos,"e. Casa propia, de familiares o amigos (sin pago)"
3.0,200000.0,b. Visita a familiares y amigos,"e. Casa propia, de familiares o amigos (sin pago)"
3.0,1500000.0,b. Visita a familiares y amigos,"e. Casa propia, de familiares o amigos (sin pago)"
4.0,500000.0,b. Visita a familiares y amigos,"e. Casa propia, de familiares o amigos (sin pago)"
2.0,300000.0,b. Visita a familiares y amigos,"e. Casa propia, de familiares o amigos (sin pago)"
8.0,2000000.0,b. Visita a familiares y amigos,"e. Casa propia, de familiares o amigos (sin pago)"
4.0,200000.0,b. Visita a familiares y amigos,"e. Casa propia, de familiares o amigos (sin pago)"
8.0,1000000.0,a. Vacaciones/recreación/Ocio ,"e. Casa propia, de familiares o amigos (sin pago)"
2.0,200000.0,b. Visita a familiares y amigos,"e. Casa propia, de familiares o amigos (sin pago)"
5.0,1500000.0,b. Visita a familiares y amigos,"e. Casa propia, de familiares o amigos (sin pago)"
3.0,200000.0,b. Visita a familiares y amigos,"e. Casa propia, de familiares o amigos (sin pago)"
8.0,600000.0,a. Vacaciones/recreación/Ocio ,"e. Casa propia, de familiares o amigos (sin pago)"
8.0,1000000.0,a. Vacaciones/recreación/Ocio ,a. Hotel 
2.0,50000.0,b. Visita a familiares y amigos,"e. Casa propia, de familiares o amigos (sin pago)"
5.0,2000000.0,a. Vacaciones/recreación/Ocio ,b. Hostal
7.0,500000.0,b. Visita a familiares y amigos,"e. Casa propia, de familiares o amigos (sin pago)"
4.0,4000000.0,a. Vacaciones/recreación/Ocio ,a. Hotel 
2.0,30000.0,g. Negocios y motivos profesionales,"e. Casa propia, de familiares o amigos (sin pago)"
2.0,200000.0,a. Vacaciones/recreación/Ocio ,"e. Casa propia, de familiares o amigos (sin pago)"
10.0,600000.0,b. Visita a familiares y amigos,"e. Casa propia, de familiares o amigos (sin pago)"
1.0,200000.0,b. Visita a familiares y amigos,"e. Casa propia, de familiares o amigos (sin pago)"
20.0,5000000.0,a. Vacaciones/recreación/Ocio ,a. Hotel 
2.0,200000.0,b. Visita a familiares y amigos,"e. Casa propia, de familiares o amigos (sin pago)"
6.0,900000.0,a. Vacaciones/recreación/Ocio ,"e. Casa propia, de familiares o amigos (sin pago)"
5.0,500000.0,b. Visita a familiares y amigos,"e. Casa propia, de familiares o amigos (sin pago)"
5.0,300000.0,a. Vacaciones/recreación/Ocio ,a. Hotel 
4.0,500000.0,a. Vacaciones/recreación/Ocio ,"e. Casa propia, de familiares o amigos (sin pago)"
13.0,20000000.0,a. Vacaciones/recreación/Ocio ,a. Hotel 
90.0,500000.0,a. Vacaciones/recreación/Ocio ,"e. Casa propia, de familiares o amigos (sin pago)"
21.0,0.0,h. Trabajo remunerado en otra ciudad,a. Hotel 
4.0,3000000.0,a. Vacaciones/recreación/Ocio ,a. Hotel 
7.0,500000.0,a. Vacaciones/recreación/Ocio ,"e. Casa propia, de familiares o amigos (sin pago)"
19.0,200000.0,h. Trabajo remunerado en otra ciudad,a. Hotel 
7.0,6000000.0,a. Vacaciones/recreación/Ocio ,a. Hotel 
5.0,220000.0,b. Visita a familiares y amigos,"e. Casa propia, de familiares o amigos (sin pago)"
3.0,150000.0,b. Visita a familiares y amigos,"e. Casa propia, de familiares o amigos (sin pago)"
3.0,3000000.0,h. Trabajo remunerado en otra ciudad,a. Hotel 
4.0,500000.0,a. Vacaciones/recreación/Ocio ,d. Inmueble de alquiler (pagos por plataforma dig)
3.0,350000.0,a. Vacaciones/recreación/Ocio ,b. Hostal
6.0,200000.0,b. Visita a familiares y amigos,"e. Casa propia, de familiares o amigos (sin pago)"
23.0,4000000.0,h. Trabajo remunerado en otra ciudad,d. Inmueble de alquiler (pagos por plataforma dig)
5.0,3400000.0,a. Vacaciones/recreación/Ocio ,a. Hotel 
15.0,200000.0,b. Visita a familiares y amigos,"e. Casa propia, de familiares o amigos (sin pago)"
3.0,2000000.0,b. Visita a familiares y amigos,"e. Casa propia, de familiares o amigos (sin pago)"
7.0,850000.0,h. Trabajo remunerado en otra ciudad,a. Hotel 
3.0,1000000.0,b. Visita a familiares y amigos,"e. Casa propia, de familiares o amigos (sin pago)"
7.0,500000.0,b. Visita a familiares y amigos,"e. Casa propia, de familiares o amigos (sin pago)"
2.0,300000.0,h. Trabajo remunerado en otra ciudad,a. Hotel 
4.0,1200000.0,a. Vacaciones/recreación/Ocio ,a. Hotel 
6.0,1600000.0,a. Vacaciones/recreación/Ocio ,"e. Casa propia, de familiares o amigos (sin pago)"
2.0,500000.0,g. Negocios y motivos profesionales,a. Hotel 
6.0,2000000.0,a. Vacaciones/recreación/Ocio ,a. Hotel 
3.0,500000.0,h. Trabajo remunerado en otra ciudad,a. Hotel 
3.0,2000000.0,g. Negocios y motivos profesionales,a. Hotel 
6.0,1000000.0,b. Visita a familiares y amigos,"e. Casa propia, de familiares o amigos (sin pago)"
3.0,2000000.0,"d. Salud , Bienestar y atención médica",a. Hotel 
3.0,1000000.0,a. Vacaciones/recreación/Ocio ,d. Inmueble de alquiler (pagos por plataforma dig)
6.0,2500000.0,a. Vacaciones/recreación/Ocio ,a. Hotel 
8.0,2500.0,a. Vacaciones/recreación/Ocio ,a. Hotel 
5.0,1500000.0,a. Vacaciones/recreación/Ocio ,"e. Casa propia, de familiares o amigos (sin pago)"
2.0,600000.0,b. Visita a familiares y amigos,"e. Casa propia, de familiares o amigos (sin pago)"
3.0,800000.0,h. Trabajo remunerado en otra ciudad,a. Hotel 
1.0,1000000.0,"d. Salud , Bienestar y atención médica",a. Hotel 
2.0,300000.0,b. Visita a familiares y amigos,"e. Casa propia, de familiares o amigos (sin pago)"
4.0,1500000.0,a. Vacaciones/recreación/Ocio ,a. Hotel 
6.0,2000000.0,a. Vacaciones/recreación/Ocio ,a. Hotel 
9.0,700000.0,b. Visita a familiares y amigos,"e. Casa propia, de familiares o amigos (sin pago)"
3.0,1000000.0,a. Vacaciones/recreación/Ocio ,a. Hotel 
2.0,800000.0,b. Visita a familiares y amigos,"e. Casa propia, de familiares o amigos (sin pago)"
6.0,2000000.0,a. Vacaciones/recreación/Ocio ,a. Hotel 
15.0,1000000.0,h. Trabajo remunerado en otra ciudad,"e. Casa propia, de familiares o amigos (sin pago)"
1.0,600000.0,h. Trabajo remunerado en otra ciudad,a. Hotel 
2.0,300000.0,g. Negocios y motivos profesionales,a. Hotel 
3.0,1000000.0,h. Trabajo remunerado en otra ciudad,"e. Casa propia, de familiares o amigos (sin pago)"
3.0,3000000.0,g. Negocios y motivos profesionales,a. Hotel 
3.0,1000000.0,h. Trabajo remunerado en otra ciudad,c. Apartahotel
20.0,500000.0,b. Visita a familiares y amigos,"e. Casa propia, de familiares o amigos (sin pago)"
6.0,5000000.0,a. Vacaciones/recreación/Ocio ,a. Hotel 
3.0,300000.0,a. Vacaciones/recreación/Ocio ,"e. Casa propia, de familiares o amigos (sin pago)"
3.0,1600000.0,a. Vacaciones/recreación/Ocio ,a. Hotel 
4.0,650000.0,b. Visita a familiares y amigos,"e. Casa propia, de familiares o amigos (sin pago)"
2.0,200000.0,b. Visita a familiares y amigos,"e. Casa propia, de familiares o amigos (sin pago)"
4.0,200000.0,b. Visita a familiares y amigos,"e. Casa propia, de familiares o amigos (sin pago)"
4.0,1200000.0,b. Visita a familiares y amigos,"e. Casa propia, de familiares o amigos (sin pago)"
5.0,1500000.0,a. Vacaciones/recreación/Ocio ,a. Hotel 
5.0,1650000.0,b. Visita a familiares y amigos,"e. Casa propia, de familiares o amigos (sin pago)"
3.0,800000.0,b. Visita a familiares y amigos,"e. Casa propia, de familiares o amigos (sin pago)"
8.0,1000000.0,a. Vacaciones/recreación/Ocio ,"e. Casa propia, de familiares o amigos (sin pago)"
10.0,6000000.0,a. Vacaciones/recreación/Ocio ,a. Hotel 
3.0,600000.0,a. Vacaciones/recreación/Ocio ,c. Apartahotel
15.0,2500000.0,b. Visita a familiares y amigos,"e. Casa propia, de familiares o amigos (sin pago)"
3.0,300000.0,c. Educación y formación,a. Hotel 
2.0,300000.0,b. Visita a familiares y amigos,"e. Casa propia, de familiares o amigos (sin pago)"
3.0,1200000.0,b. Visita a familiares y amigos,"e. Casa propia, de familiares o amigos (sin pago)"
4.0,1200000.0,b. Visita a familiares y amigos,"e. Casa propia, de familiares o amigos (sin pago)"
6.0,3000000.0,a. Vacaciones/recreación/Ocio ,a. Hotel 
4.0,1500000.0,b. Visita a familiares y amigos,"e. Casa propia, de familiares o amigos (sin pago)"
1.0,300000.0,h. Trabajo remunerado en otra ciudad,a. Hotel 
3.0,2000000.0,h. Trabajo remunerado en otra ciudad,a. Hotel 
2.0,400000.0,g. Negocios y motivos profesionales,a. Hotel 
2.0,200000.0,h. Trabajo remunerado en otra ciudad,a. Hotel 
2.0,100000.0,b. Visita a familiares y amigos,"e. Casa propia, de familiares o amigos (sin pago)"
3.0,1800000.0,b. Visita a familiares y amigos,"e. Casa propia, de familiares o amigos (sin pago)"
15.0,5000000.0,a. Vacaciones/recreación/Ocio ,"e. Casa propia, de familiares o amigos (sin pago)"
4.0,1500000.0,h. Trabajo remunerado en otra ciudad,"e. Casa propia, de familiares o amigos (sin pago)"
2.0,1000000.0,a. Vacaciones/recreación/Ocio ,"e. Casa propia, de familiares o amigos (sin pago)"
5.0,800000.0,g. Negocios y motivos profesionales,"e. Casa propia, de familiares o amigos (sin pago)"
8.0,1000000.0,"d. Salud , Bienestar y atención médica","e. Casa propia, de familiares o amigos (sin pago)"
3.0,800000.0,h. Trabajo remunerado en otra ciudad,a. Hotel 
1.0,800000.0,g. Negocios y motivos profesionales,a. Hotel 
5.0,1500000.0,a. Vacaciones/recreación/Ocio ,a. Hotel 
4.0,1500000.0,g. Negocios y motivos profesionales,a. Hotel 
2.0,100000.0,b. Visita a familiares y amigos,"e. Casa propia, de familiares o amigos (sin pago)"
4.0,2000000.0,h. Trabajo remunerado en otra ciudad,a. Hotel 
3.0,1000000.0,h. Trabajo remunerado en otra ciudad,a. Hotel 
8.0,5000000.0,a. Vacaciones/recreación/Ocio ,a. Hotel 
3.0,860000.0,b. Visita a familiares y amigos,"e. Casa propia, de familiares o amigos (sin pago)"
4.0,1000000.0,b. Visita a familiares y amigos,"e. Casa propia, de familiares o amigos (sin pago)"
5.0,700000.0,a. Vacaciones/recreación/Ocio ,b. Hostal
2.0,2000000.0,a. Vacaciones/recreación/Ocio ,d. Inmueble de alquiler (pagos por plataforma dig)
10.0,500000.0,b. Visita a familiares y amigos,"e. Casa propia, de familiares o amigos (sin pago)"
5.0,600000.0,b. Visita a familiares y amigos,"e. Casa propia, de familiares o amigos (sin pago)"
5.0,1000000.0,g. Negocios y motivos profesionales,a. Hotel 
2.0,350000.0,b. Visita a familiares y amigos,d. Inmueble de alquiler (pagos por plataforma dig)
3.0,500000.0,a. Vacaciones/recreación/Ocio ,"e. Casa propia, de familiares o amigos (sin pago)"
999.0,2000000.0,a. Vacaciones/recreación/Ocio ,a. Hotel 
10.0,1500000.0,a. Vacaciones/recreación/Ocio ,a. Hotel 
4.0,3000000.0,a. Vacaciones/recreación/Ocio ,a. Hotel 
5.0,3000000.0,a. Vacaciones/recreación/Ocio ,"e. Casa propia, de familiares o amigos (sin pago)"
15.0,700000.0,h. Trabajo remunerado en otra ciudad,"e. Casa propia, de familiares o amigos (sin pago)"
6.0,2000000.0,a. Vacaciones/recreación/Ocio ,a. Hotel 
3.0,1200000.0,a. Vacaciones/recreación/Ocio ,c. Apartahotel
4.0,2000000.0,a. Vacaciones/recreación/Ocio ,a. Hotel 
3.0,200000.0,b. Visita a familiares y amigos,"e. Casa propia, de familiares o amigos (sin pago)"
5.0,1000000.0,h. Trabajo remunerado en otra ciudad,a. Hotel 
3.0,700000.0,c. Educación y formación,a. Hotel 
4.0,1500000.0,h. Trabajo remunerado en otra ciudad,a. Hotel 
3.0,500000.0,b. Visita a familiares y amigos,"e. Casa propia, de familiares o amigos (sin pago)"
2.0,1000000.0,a. Vacaciones/recreación/Ocio ,a. Hotel 
2.0,400000.0,g. Negocios y motivos profesionales,a. Hotel 
7.0,1000000.0,b. Visita a familiares y amigos,"e. Casa propia, de familiares o amigos (sin pago)"
4.0,2000000.0,a. Vacaciones/recreación/Ocio ,a. Hotel 
7.0,2000000.0,a. Vacaciones/recreación/Ocio ,a. Hotel 
5.0,2000000.0,a. Vacaciones/recreación/Ocio ,"e. Casa propia, de familiares o amigos (sin pago)"
2.0,800000.0,a. Vacaciones/recreación/Ocio ,"e. Casa propia, de familiares o amigos (sin pago)"
2.0,650000.0,a. Vacaciones/recreación/Ocio ,a. Hotel 
4.0,400000.0,a. Vacaciones/recreación/Ocio ,a. Hotel 
4.0,2000000.0,h. Trabajo remunerado en otra ciudad,a. Hotel 
2.0,800000.0,h. Trabajo remunerado en otra ciudad,"e. Casa propia, de familiares o amigos (sin pago)"
6.0,500000.0,a. Vacaciones/recreación/Ocio ,a. Hotel 
2.0,300000.0,b. Visita a familiares y amigos,"e. Casa propia, de familiares o amigos (sin pago)"
5.0,500000.0,a. Vacaciones/recreación/Ocio ,a. Hotel 
6.0,25000000.0,a. Vacaciones/recreación/Ocio ,a. Hotel 
4.0,3000000.0,a. Vacaciones/recreación/Ocio ,a. Hotel 
5.0,2000000.0,a. Vacaciones/recreación/Ocio ,a. Hotel 
5.0,3000000.0,b. Visita a familiares y amigos,"e. Casa propia, de familiares o amigos (sin pago)"
2.0,1000000.0,a. Vacaciones/recreación/Ocio ,a. Hotel 
7.0,3000000.0,g. Negocios y motivos profesionales,a. Hotel 
17.0,10000000.0,a. Vacaciones/recreación/Ocio ,a. Hotel 
15.0,5000000.0,a. Vacaciones/recreación/Ocio ,a. Hotel 
15.0,2000000.0,b. Visita a familiares y amigos,"e. Casa propia, de familiares o amigos (sin pago)"
5.0,900000.0,a. Vacaciones/recreación/Ocio ,a. Hotel 
3.0,800000.0,b. Visita a familiares y amigos,"e. Casa propia, de familiares o amigos (sin pago)"
2.0,350000.0,a. Vacaciones/recreación/Ocio ,a. Hotel 
7.0,500000.0,b. Visita a familiares y amigos,"e. Casa propia, de familiares o amigos (sin pago)"
3.0,500000.0,h. Trabajo remunerado en otra ciudad,"e. Casa propia, de familiares o amigos (sin pago)"
3.0,1000000.0,b. Visita a familiares y amigos,"e. Casa propia, de familiares o amigos (sin pago)"
6.0,3000000.0,a. Vacaciones/recreación/Ocio ,a. Hotel 
2.0,500000.0,b. Visita a familiares y amigos,"e. Casa propia, de familiares o amigos (sin pago)"
10.0,3000000.0,b. Visita a familiares y amigos,"e. Casa propia, de familiares o amigos (sin pago)"
2.0,700000.0,b. Visita a familiares y amigos,"e. Casa propia, de familiares o amigos (sin pago)"
7.0,600000.0,b. Visita a familiares y amigos,"e. Casa propia, de familiares o amigos (sin pago)"
6.0,2500000.0,a. Vacaciones/recreación/Ocio ,b. Hostal
30.0,15000000.0,a. Vacaciones/recreación/Ocio ,"e. Casa propia, de familiares o amigos (sin pago)"
15.0,3000000.0,g. Negocios y motivos profesionales,a. Hotel 
4.0,800000.0,a. Vacaciones/recreación/Ocio ,a. Hotel 
999.0,2000000.0,a. Vacaciones/recreación/Ocio ,a. Hotel 
2.0,500000.0,h. Trabajo remunerado en otra ciudad,a. Hotel 
5.0,1000000.0,b. Visita a familiares y amigos,"e. Casa propia, de familiares o amigos (sin pago)"
5.0,1600000.0,b. Visita a familiares y amigos,"e. Casa propia, de familiares o amigos (sin pago)"
3.0,2000000.0,h. Trabajo remunerado en otra ciudad,a. Hotel 
4.0,1000000.0,a. Vacaciones/recreación/Ocio ,c. Apartahotel
3.0,2000000.0,a. Vacaciones/recreación/Ocio ,a. Hotel 
6.0,1500000.0,b. Visita a familiares y amigos,"e. Casa propia, de familiares o amigos (sin pago)"
2.0,960000.0,b. Visita a familiares y amigos,"e. Casa propia, de familiares o amigos (sin pago)"
10.0,1500000.0,b. Visita a familiares y amigos,"e. Casa propia, de familiares o amigos (sin pago)"
2.0,500000.0,h. Trabajo remunerado en otra ciudad,a. Hotel 
5.0,1000000.0,a. Vacaciones/recreación/Ocio ,c. Apartahotel
8.0,1.0,h. Trabajo remunerado en otra ciudad,a. Hotel 
6.0,1500000.0,a. Vacaciones/recreación/Ocio ,"e. Casa propia, de familiares o amigos (sin pago)"
15.0,5000000.0,a. Vacaciones/recreación/Ocio ,a. Hotel 
2.0,800000.0,b. Visita a familiares y amigos,"e. Casa propia, de familiares o amigos (sin pago)"
3.0,400000.0,b. Visita a familiares y amigos,"e. Casa propia, de familiares o amigos (sin pago)"
10.0,3500000.0,a. Vacaciones/recreación/Ocio ,a. Hotel 
999.0,600000.0,a. Vacaciones/recreación/Ocio ,"e. Casa propia, de familiares o amigos (sin pago)"
5.0,2500000.0,a. Vacaciones/recreación/Ocio ,a. Hotel 
4.0,600000.0,b. Visita a familiares y amigos,"e. Casa propia, de familiares o amigos (sin pago)"
5.0,350000.0,h. Trabajo remunerado en otra ciudad,a. Hotel 
5.0,2000000.0,a. Vacaciones/recreación/Ocio ,a. Hotel 
2.0,2500000.0,g. Negocios y motivos profesionales,a. Hotel 
3.0,300000.0,b. Visita a familiares y amigos,"e. Casa propia, de familiares o amigos (sin pago)"
7.0,2000000.0,a. Vacaciones/recreación/Ocio ,a. Hotel 
6.0,1500000.0,h. Trabajo remunerado en otra ciudad,a. Hotel 
3.0,1000000.0,b. Visita a familiares y amigos,"e. Casa propia, de familiares o amigos (sin pago)"
6.0,4000000.0,a. Vacaciones/recreación/Ocio ,a. Hotel 
5.0,300000.0,b. Visita a familiares y amigos,"e. Casa propia, de familiares o amigos (sin pago)"
6.0,500000.0,h. Trabajo remunerado en otra ciudad,a. Hotel 
5.0,3500000.0,a. Vacaciones/recreación/Ocio ,a. Hotel 
3.0,500000.0,a. Vacaciones/recreación/Ocio ,a. Hotel 
1.0,300000.0,b. Visita a familiares y amigos,"e. Casa propia, de familiares o amigos (sin pago)"
7.0,1000000.0,g. Negocios y motivos profesionales,a. Hotel 
5.0,2000000.0,a. Vacaciones/recreación/Ocio ,a. Hotel 
3.0,500000.0,b. Visita a familiares y amigos,"e. Casa propia, de familiares o amigos (sin pago)"
999.0,1560000.0,b. Visita a familiares y amigos,"e. Casa propia, de familiares o amigos (sin pago)"
7.0,500000.0,a. Vacaciones/recreación/Ocio ,a. Hotel 
2.0,600000.0,h. Trabajo remunerado en otra ciudad,a. Hotel 
8.0,500000.0,a. Vacaciones/recreación/Ocio ,"e. Casa propia, de familiares o amigos (sin pago)"
6.0,3000000.0,a. Vacaciones/recreación/Ocio ,"e. Casa propia, de familiares o amigos (sin pago)"
15.0,450000.0,b. Visita a familiares y amigos,"e. Casa propia, de familiares o amigos (sin pago)"
4.0,500000.0,b. Visita a familiares y amigos,"e. Casa propia, de familiares o amigos (sin pago)"
3.0,460000.0,b. Visita a familiares y amigos,"e. Casa propia, de familiares o amigos (sin pago)"
4.0,300000.0,b. Visita a familiares y amigos,"e. Casa propia, de familiares o amigos (sin pago)"
5.0,2000000.0,b. Visita a familiares y amigos,"e. Casa propia, de familiares o amigos (sin pago)"
2.0,250000.0,"d. Salud , Bienestar y atención médica",c. Apartahotel
7.0,1500000.0,a. Vacaciones/recreación/Ocio ,a. Hotel 
1.0,500000.0,h. Trabajo remunerado en otra ciudad,c. Apartahotel
4.0,2000000.0,b. Visita a familiares y amigos,"e. Casa propia, de familiares o amigos (sin pago)"
1.0,1000000.0,a. Vacaciones/recreación/Ocio ,a. Hotel 
1.0,200000.0,h. Trabajo remunerado en otra ciudad,a. Hotel 
4.0,250000.0,b. Visita a familiares y amigos,d. Inmueble de alquiler (pagos por plataforma dig)
2.0,500000.0,b. Visita a familiares y amigos,"e. Casa propia, de familiares o amigos (sin pago)"
2.0,1500000.0,g. Negocios y motivos profesionales,a. Hotel 
2.0,1000000.0,a. Vacaciones/recreación/Ocio ,d. Inmueble de alquiler (pagos por plataforma dig)
3.0,1000000.0,a. Vacaciones/recreación/Ocio ,c. Apartahotel
7.0,2000000.0,a. Vacaciones/recreación/Ocio ,a. Hotel 
5.0,5000000.0,a. Vacaciones/recreación/Ocio ,a. Hotel 
2.0,350000.0,c. Educación y formación,a. Hotel 
3.0,600000.0,b. Visita a familiares y amigos,"e. Casa propia, de familiares o amigos (sin pago)"
8.0,300000.0,h. Trabajo remunerado en otra ciudad,"e. Casa propia, de familiares o amigos (sin pago)"
3.0,1500000.0,a. Vacaciones/recreación/Ocio ,"e. Casa propia, de familiares o amigos (sin pago)"
4.0,560000.0,b. Visita a familiares y amigos,"e. Casa propia, de familiares o amigos (sin pago)"
5.0,2000000.0,a. Vacaciones/recreación/Ocio ,a. Hotel 
999.0,2000000.0,b. Visita a familiares y amigos,"e. Casa propia, de familiares o amigos (sin pago)"
2.0,800000.0,h. Trabajo remunerado en otra ciudad,a. Hotel 
4.0,250000.0,c. Educación y formación,a. Hotel 
2.0,1000000.0,g. Negocios y motivos profesionales,a. Hotel 
2.0,1500000.0,a. Vacaciones/recreación/Ocio ,d. Inmueble de alquiler (pagos por plataforma dig)
5.0,700000.0,b. Visita a familiares y amigos,"e. Casa propia, de familiares o amigos (sin pago)"
3.0,500000.0,h. Trabajo remunerado en otra ciudad,a. Hotel 
7.0,3000000.0,a. Vacaciones/recreación/Ocio ,a. Hotel 
6.0,3000000.0,a. Vacaciones/recreación/Ocio ,a. Hotel 
15.0,800000.0,h. Trabajo remunerado en otra ciudad,f. Otro
7.0,1500000.0,a. Vacaciones/recreación/Ocio ,a. Hotel 
6.0,2000000.0,a. Vacaciones/recreación/Ocio ,a. Hotel 
3.0,500000.0,b. Visita a familiares y amigos,"e. Casa propia, de familiares o amigos (sin pago)"
3.0,800000.0,g. Negocios y motivos profesionales,a. Hotel 
30.0,2000000.0,b. Visita a familiares y amigos,"e. Casa propia, de familiares o amigos (sin pago)"
4.0,1000000.0,b. Visita a familiares y amigos,"e. Casa propia, de familiares o amigos (sin pago)"
10.0,2000000.0,g. Negocios y motivos profesionales,a. Hotel 
5.0,1500000.0,a. Vacaciones/recreación/Ocio ,"e. Casa propia, de familiares o amigos (sin pago)"
4.0,600000.0,a. Vacaciones/recreación/Ocio ,a. Hotel 
3.0,200000.0,g. Negocios y motivos profesionales,a. Hotel 
3.0,400000.0,b. Visita a familiares y amigos,"e. Casa propia, de familiares o amigos (sin pago)"
6.0,1000000.0,b. Visita a familiares y amigos,"e. Casa propia, de familiares o amigos (sin pago)"
4.0,2800000.0,a. Vacaciones/recreación/Ocio ,a. Hotel 
4.0,1500000.0,a. Vacaciones/recreación/Ocio ,a. Hotel 
5.0,1000000.0,a. Vacaciones/recreación/Ocio ,"e. Casa propia, de familiares o amigos (sin pago)"
3.0,3000000.0,a. Vacaciones/recreación/Ocio ,"e. Casa propia, de familiares o amigos (sin pago)"
5.0,500000.0,g. Negocios y motivos profesionales,b. Hostal
5.0,1000000.0,b. Visita a familiares y amigos,"e. Casa propia, de familiares o amigos (sin pago)"
7.0,2000000.0,a. Vacaciones/recreación/Ocio ,a. Hotel 
4.0,2000000.0,a. Vacaciones/recreación/Ocio ,a. Hotel 
3.0,1500000.0,b. Visita a familiares y amigos,a. Hotel 
5.0,500000.0,b. Visita a familiares y amigos,"e. Casa propia, de familiares o amigos (sin pago)"
4.0,3000000.0,a. Vacaciones/recreación/Ocio ,a. Hotel 
3.0,3000000.0,h. Trabajo remunerado en otra ciudad,c. Apartahotel
7.0,4000000.0,a. Vacaciones/recreación/Ocio ,a. Hotel 
8.0,3000000.0,a. Vacaciones/recreación/Ocio ,a. Hotel 
4.0,1000000.0,a. Vacaciones/recreación/Ocio ,"e. Casa propia, de familiares o amigos (sin pago)"
6.0,1000000.0,b. Visita a familiares y amigos,"e. Casa propia, de familiares o amigos (sin pago)"
15.0,5000000.0,a. Vacaciones/recreación/Ocio ,"e. Casa propia, de familiares o amigos (sin pago)"
2.0,500000.0,a. Vacaciones/recreación/Ocio ,a. Hotel 
7.0,800000.0,b. Visita a familiares y amigos,"e. Casa propia, de familiares o amigos (sin pago)"
3.0,500000.0,a. Vacaciones/recreación/Ocio ,a. Hotel 
5.0,3000000.0,a. Vacaciones/recreación/Ocio ,a. Hotel 
4.0,800000.0,b. Visita a familiares y amigos,"e. Casa propia, de familiares o amigos (sin pago)"
3.0,120000.0,h. Trabajo remunerado en otra ciudad,"e. Casa propia, de familiares o amigos (sin pago)"
4.0,500000.0,b. Visita a familiares y amigos,"e. Casa propia, de familiares o amigos (sin pago)"
4.0,2000000.0,h. Trabajo remunerado en otra ciudad,a. Hotel 
5.0,800000.0,b. Visita a familiares y amigos,"e. Casa propia, de familiares o amigos (sin pago)"
2.0,100000.0,g. Negocios y motivos profesionales,d. Inmueble de alquiler (pagos por plataforma dig)
20.0,1000000.0,h. Trabajo remunerado en otra ciudad,"e. Casa propia, de familiares o amigos (sin pago)"
2.0,600000.0,a. Vacaciones/recreación/Ocio ,c. Apartahotel
8.0,4000000.0,a. Vacaciones/recreación/Ocio ,"e. Casa propia, de familiares o amigos (sin pago)"
6.0,3000000.0,a. Vacaciones/recreación/Ocio ,a. Hotel 
6.0,1000000.0,a. Vacaciones/recreación/Ocio ,c. Apartahotel
5.0,1800000.0,b. Visita a familiares y amigos,"e. Casa propia, de familiares o amigos (sin pago)"
4.0,3000000.0,a. Vacaciones/recreación/Ocio ,a. Hotel 
20.0,2000000.0,a. Vacaciones/recreación/Ocio ,"e. Casa propia, de familiares o amigos (sin pago)"
2.0,100000.0,h. Trabajo remunerado en otra ciudad,a. Hotel 
3.0,1500000.0,a. Vacaciones/recreación/Ocio ,a. Hotel 
4.0,1300000.0,b. Visita a familiares y amigos,"e. Casa propia, de familiares o amigos (sin pago)"
4.0,500000.0,a. Vacaciones/recreación/Ocio ,a. Hotel 
2.0,300000.0,g. Negocios y motivos profesionales,a. Hotel 
2.0,700000.0,a. Vacaciones/recreación/Ocio ,a. Hotel 
4.0,1200000.0,a. Vacaciones/recreación/Ocio ,c. Apartahotel
3.0,1000000.0,h. Trabajo remunerado en otra ciudad,a. Hotel 
5.0,2000000.0,b. Visita a familiares y amigos,"e. Casa propia, de familiares o amigos (sin pago)"
4.0,3000000.0,a. Vacaciones/recreación/Ocio ,a. Hotel 
7.0,3000000.0,a. Vacaciones/recreación/Ocio ,a. Hotel 
3.0,500000.0,b. Visita a familiares y amigos,"e. Casa propia, de familiares o amigos (sin pago)"
1.0,400000.0,a. Vacaciones/recreación/Ocio ,a. Hotel 
8.0,1600000.0,b. Visita a familiares y amigos,"e. Casa propia, de familiares o amigos (sin pago)"
3.0,300000.0,a. Vacaciones/recreación/Ocio ,a. Hotel 
3.0,2000000.0,b. Visita a familiares y amigos,"e. Casa propia, de familiares o amigos (sin pago)"
5.0,5000000.0,a. Vacaciones/recreación/Ocio ,a. Hotel 
4.0,700000.0,b. Visita a familiares y amigos,"e. Casa propia, de familiares o amigos (sin pago)"
1.0,1000000.0,g. Negocios y motivos profesionales,a. Hotel 
3.0,2000000.0,g. Negocios y motivos profesionales,a. Hotel 
2.0,300000.0,g. Negocios y motivos profesionales,a. Hotel 
8.0,4000000.0,b. Visita a familiares y amigos,"e. Casa propia, de familiares o amigos (sin pago)"
4.0,1000000.0,g. Negocios y motivos profesionales,a. Hotel 
5.0,500000.0,b. Visita a familiares y amigos,"e. Casa propia, de familiares o amigos (sin pago)"
4.0,1000000.0,a. Vacaciones/recreación/Ocio ,a. Hotel 
1.0,800000.0,h. Trabajo remunerado en otra ciudad,a. Hotel 
7.0,2000000.0,a. Vacaciones/recreación/Ocio ,a. Hotel 
2.0,500000.0,a. Vacaciones/recreación/Ocio ,"e. Casa propia, de familiares o amigos (sin pago)"
4.0,1500000.0,b. Visita a familiares y amigos,"e. Casa propia, de familiares o amigos (sin pago)"
7.0,3000000.0,a. Vacaciones/recreación/Ocio ,a. Hotel 
4.0,300000.0,b. Visita a familiares y amigos,"e. Casa propia, de familiares o amigos (sin pago)"
2.0,1000000.0,a. Vacaciones/recreación/Ocio ,"e. Casa propia, de familiares o amigos (sin pago)"
4.0,600000.0,"d. Salud , Bienestar y atención médica",a. Hotel 
6.0,2500000.0,a. Vacaciones/recreación/Ocio ,"e. Casa propia, de familiares o amigos (sin pago)"
2.0,200000.0,h. Trabajo remunerado en otra ciudad,"e. Casa propia, de familiares o amigos (sin pago)"
3.0,700000.0,b. Visita a familiares y amigos,"e. Casa propia, de familiares o amigos (sin pago)"
3.0,500000.0,b. Visita a familiares y amigos,"e. Casa propia, de familiares o amigos (sin pago)"
2.0,2000000.0,g. Negocios y motivos profesionales,a. Hotel 
4.0,1000000.0,a. Vacaciones/recreación/Ocio ,a. Hotel 
5.0,3000000.0,a. Vacaciones/recreación/Ocio ,a. Hotel 
2.0,250000.0,a. Vacaciones/recreación/Ocio ,a. Hotel 
999.0,150000.0,h. Trabajo remunerado en otra ciudad,f. Otro
5.0,1600000.0,b. Visita a familiares y amigos,"e. Casa propia, de familiares o amigos (sin pago)"
4.0,1180000.0,b. Visita a familiares y amigos,"e. Casa propia, de familiares o amigos (sin pago)"
3.0,600000.0,b. Visita a familiares y amigos,"e. Casa propia, de familiares o amigos (sin pago)"
4.0,1500000.0,a. Vacaciones/recreación/Ocio ,"e. Casa propia, de familiares o amigos (sin pago)"
5.0,800000.0,b. Visita a familiares y amigos,"e. Casa propia, de familiares o amigos (sin pago)"
4.0,300000.0,a. Vacaciones/recreación/Ocio ,"e. Casa propia, de familiares o amigos (sin pago)"
4.0,1600000.0,b. Visita a familiares y amigos,"e. Casa propia, de familiares o amigos (sin pago)"
3.0,1200000.0,b. Visita a familiares y amigos,"e. Casa propia, de familiares o amigos (sin pago)"
3.0,440000.0,a. Vacaciones/recreación/Ocio ,"e. Casa propia, de familiares o amigos (sin pago)"
3.0,560000.0,b. Visita a familiares y amigos,"e. Casa propia, de familiares o amigos (sin pago)"
3.0,300000.0,b. Visita a familiares y amigos,"e. Casa propia, de familiares o amigos (sin pago)"
2.0,300000.0,f. Compras,a. Hotel 
8.0,1000000.0,b. Visita a familiares y amigos,"e. Casa propia, de familiares o amigos (sin pago)"
3.0,1600000.0,b. Visita a familiares y amigos,"e. Casa propia, de familiares o amigos (sin pago)"
5.0,500000.0,b. Visita a familiares y amigos,"e. Casa propia, de familiares o amigos (sin pago)"
3.0,500000.0,h. Trabajo remunerado en otra ciudad,a. Hotel 
4.0,2500000.0,a. Vacaciones/recreación/Ocio ,a. Hotel 
10.0,4000000.0,a. Vacaciones/recreación/Ocio ,c. Apartahotel
15.0,12000000.0,a. Vacaciones/recreación/Ocio ,a. Hotel 
7.0,500000.0,b. Visita a familiares y amigos,"e. Casa propia, de familiares o amigos (sin pago)"
3.0,1000000.0,b. Visita a familiares y amigos,"e. Casa propia, de familiares o amigos (sin pago)"
3.0,1000000.0,a. Vacaciones/recreación/Ocio ,a. Hotel 
15.0,250000.0,g. Negocios y motivos profesionales,a. Hotel 
15.0,1000000.0,b. Visita a familiares y amigos,"e. Casa propia, de familiares o amigos (sin pago)"
6.0,5000000.0,a. Vacaciones/recreación/Ocio ,a. Hotel 
6.0,2000000.0,a. Vacaciones/recreación/Ocio ,a. Hotel 
15.0,1000000.0,g. Negocios y motivos profesionales,a. Hotel 
6.0,1000000.0,a. Vacaciones/recreación/Ocio ,a. Hotel 
3.0,800000.0,a. Vacaciones/recreación/Ocio ,a. Hotel 
4.0,700000.0,a. Vacaciones/recreación/Ocio ,a. Hotel 
1.0,1000000.0,g. Negocios y motivos profesionales,a. Hotel 
6.0,500000.0,g. Negocios y motivos profesionales,a. Hotel 
2.0,800000.0,h. Trabajo remunerado en otra ciudad,a. Hotel 
1.0,1000000.0,h. Trabajo remunerado en otra ciudad,"e. Casa propia, de familiares o amigos (sin pago)"
3.0,20000.0,h. Trabajo remunerado en otra ciudad,f. Otro
6.0,2500000.0,a. Vacaciones/recreación/Ocio ,a. Hotel 
4.0,300000.0,b. Visita a familiares y amigos,"e. Casa propia, de familiares o amigos (sin pago)"
20.0,2600000.0,b. Visita a familiares y amigos,"e. Casa propia, de familiares o amigos (sin pago)"
5.0,1000000.0,b. Visita a familiares y amigos,"e. Casa propia, de familiares o amigos (sin pago)"
15.0,1000000.0,b. Visita a familiares y amigos,"e. Casa propia, de familiares o amigos (sin pago)"
4.0,1000000.0,a. Vacaciones/recreación/Ocio ,a. Hotel 
2.0,1000000.0,b. Visita a familiares y amigos,a. Hotel 
2.0,300000.0,g. Negocios y motivos profesionales,a. Hotel 
2.0,600000.0,"d. Salud , Bienestar y atención médica","e. Casa propia, de familiares o amigos (sin pago)"
3.0,800000.0,a. Vacaciones/recreación/Ocio ,"e. Casa propia, de familiares o amigos (sin pago)"
999.0,1200000.0,b. Visita a familiares y amigos,"e. Casa propia, de familiares o amigos (sin pago)"
3.0,120000.0,h. Trabajo remunerado en otra ciudad,"e. Casa propia, de familiares o amigos (sin pago)"
8.0,1000000.0,b. Visita a familiares y amigos,"e. Casa propia, de familiares o amigos (sin pago)"
4.0,1200000.0,b. Visita a familiares y amigos,"e. Casa propia, de familiares o amigos (sin pago)"
2.0,1000000.0,b. Visita a familiares y amigos,"e. Casa propia, de familiares o amigos (sin pago)"
20.0,600000.0,h. Trabajo remunerado en otra ciudad,"e. Casa propia, de familiares o amigos (sin pago)"
5.0,1000000.0,a. Vacaciones/recreación/Ocio ,a. Hotel 
3.0,600000.0,a. Vacaciones/recreación/Ocio ,a. Hotel 
4.0,1200000.0,b. Visita a familiares y amigos,"e. Casa propia, de familiares o amigos (sin pago)"
2.0,1000000.0,h. Trabajo remunerado en otra ciudad,c. Apartahotel
20.0,800000.0,h. Trabajo remunerado en otra ciudad,f. Otro
60.0,80000000.0,"d. Salud , Bienestar y atención médica","e. Casa propia, de familiares o amigos (sin pago)"
4.0,1600000.0,b. Visita a familiares y amigos,"e. Casa propia, de familiares o amigos (sin pago)"
7.0,2500000.0,a. Vacaciones/recreación/Ocio ,"e. Casa propia, de familiares o amigos (sin pago)"
15.0,3000000.0,b. Visita a familiares y amigos,"e. Casa propia, de familiares o amigos (sin pago)"
10.0,2000000.0,h. Trabajo remunerado en otra ciudad,a. Hotel 
2.0,1000000.0,h. Trabajo remunerado en otra ciudad,a. Hotel 
14.0,600000.0,b. Visita a familiares y amigos,"e. Casa propia, de familiares o amigos (sin pago)"
15.0,1500000.0,b. Visita a familiares y amigos,"e. Casa propia, de familiares o amigos (sin pago)"
4.0,2000000.0,a. Vacaciones/recreación/Ocio ,a. Hotel 
4.0,1000000.0,h. Trabajo remunerado en otra ciudad,a. Hotel 
5.0,2000000.0,b. Visita a familiares y amigos,a. Hotel 
4.0,2000000.0,a. Vacaciones/recreación/Ocio ,a. Hotel 
4.0,800000.0,a. Vacaciones/recreación/Ocio ,"e. Casa propia, de familiares o amigos (sin pago)"
5.0,5000000.0,a. Vacaciones/recreación/Ocio ,a. Hotel 
2.0,300000.0,h. Trabajo remunerado en otra ciudad,a. Hotel 
7.0,4000000.0,a. Vacaciones/recreación/Ocio ,a. Hotel 
5.0,6000000.0,a. Vacaciones/recreación/Ocio ,a. Hotel 
5.0,2000000.0,b. Visita a familiares y amigos,"e. Casa propia, de familiares o amigos (sin pago)"
3.0,700000.0,b. Visita a familiares y amigos,"e. Casa propia, de familiares o amigos (sin pago)"
3.0,1000000.0,b. Visita a familiares y amigos,"e. Casa propia, de familiares o amigos (sin pago)"
5.0,200000.0,b. Visita a familiares y amigos,a. Hotel 
6.0,500000.0,b. Visita a familiares y amigos,"e. Casa propia, de familiares o amigos (sin pago)"
4.0,1000000.0,g. Negocios y motivos profesionales,a. Hotel 
4.0,2000000.0,a. Vacaciones/recreación/Ocio ,a. Hotel 
4.0,400000.0,a. Vacaciones/recreación/Ocio ,c. Apartahotel
7.0,1000000.0,b. Visita a familiares y amigos,"e. Casa propia, de familiares o amigos (sin pago)"
5.0,3000000.0,a. Vacaciones/recreación/Ocio ,a. Hotel 
5.0,5000000.0,a. Vacaciones/recreación/Ocio ,a. Hotel 
5.0,2000000.0,a. Vacaciones/recreación/Ocio ,a. Hotel 
15.0,5000000.0,h. Trabajo remunerado en otra ciudad,c. Apartahotel
4.0,700000.0,b. Visita a familiares y amigos,"e. Casa propia, de familiares o amigos (sin pago)"
999.0,4000000.0,a. Vacaciones/recreación/Ocio ,a. Hotel 
5.0,1000000.0,b. Visita a familiares y amigos,"e. Casa propia, de familiares o amigos (sin pago)"
7.0,1000000.0,b. Visita a familiares y amigos,"e. Casa propia, de familiares o amigos (sin pago)"
5.0,500000.0,b. Visita a familiares y amigos,"e. Casa propia, de familiares o amigos (sin pago)"
1.0,10000000.0,h. Trabajo remunerado en otra ciudad,a. Hotel 
2.0,100000.0,h. Trabajo remunerado en otra ciudad,"e. Casa propia, de familiares o amigos (sin pago)"
2.0,400000.0,b. Visita a familiares y amigos,"e. Casa propia, de familiares o amigos (sin pago)"
5.0,3500000.0,a. Vacaciones/recreación/Ocio ,a. Hotel 
999.0,3000000.0,g. Negocios y motivos profesionales,a. Hotel 
2.0,1000000.0,g. Negocios y motivos profesionales,a. Hotel 
4.0,2000000.0,b. Visita a familiares y amigos,"e. Casa propia, de familiares o amigos (sin pago)"
4.0,300000.0,b. Visita a familiares y amigos,"e. Casa propia, de familiares o amigos (sin pago)"
3.0,2000000.0,a. Vacaciones/recreación/Ocio ,d. Inmueble de alquiler (pagos por plataforma dig)
4.0,600000.0,a. Vacaciones/recreación/Ocio ,"e. Casa propia, de familiares o amigos (sin pago)"
1.0,400000.0,h. Trabajo remunerado en otra ciudad,a. Hotel 
5.0,500000.0,b. Visita a familiares y amigos,"e. Casa propia, de familiares o amigos (sin pago)"
15.0,700000.0,a. Vacaciones/recreación/Ocio ,b. Hostal
4.0,2000000.0,a. Vacaciones/recreación/Ocio ,a. Hotel 
5.0,2500000.0,h. Trabajo remunerado en otra ciudad,a. Hotel 
3.0,400000.0,a. Vacaciones/recreación/Ocio ,"e. Casa propia, de familiares o amigos (sin pago)"
2.0,250000.0,b. Visita a familiares y amigos,"e. Casa propia, de familiares o amigos (sin pago)"
4.0,400000.0,b. Visita a familiares y amigos,"e. Casa propia, de familiares o amigos (sin pago)"
5.0,1500000.0,b. Visita a familiares y amigos,"e. Casa propia, de familiares o amigos (sin pago)"
3.0,800000.0,b. Visita a familiares y amigos,"e. Casa propia, de familiares o amigos (sin pago)"
3.0,2000000.0,a. Vacaciones/recreación/Ocio ,a. Hotel 
4.0,1000000.0,a. Vacaciones/recreación/Ocio ,a. Hotel 
4.0,200000.0,b. Visita a familiares y amigos,"e. Casa propia, de familiares o amigos (sin pago)"
5.0,580000.0,b. Visita a familiares y amigos,"e. Casa propia, de familiares o amigos (sin pago)"
7.0,1000000.0,a. Vacaciones/recreación/Ocio ,"e. Casa propia, de familiares o amigos (sin pago)"
5.0,2500000.0,a. Vacaciones/recreación/Ocio ,a. Hotel 
5.0,500000.0,b. Visita a familiares y amigos,"e. Casa propia, de familiares o amigos (sin pago)"
2.0,800000.0,g. Negocios y motivos profesionales,a. Hotel 
15.0,300000.0,h. Trabajo remunerado en otra ciudad,"e. Casa propia, de familiares o amigos (sin pago)"
3.0,800000.0,b. Visita a familiares y amigos,"e. Casa propia, de familiares o amigos (sin pago)"
999.0,350000.0,g. Negocios y motivos profesionales,a. Hotel 
7.0,1000000.0,b. Visita a familiares y amigos,"e. Casa propia, de familiares o amigos (sin pago)"
2.0,1000000.0,h. Trabajo remunerado en otra ciudad,a. Hotel 
7.0,3500000.0,a. Vacaciones/recreación/Ocio ,a. Hotel 
6.0,800000.0,b. Visita a familiares y amigos,"e. Casa propia, de familiares o amigos (sin pago)"
2.0,600000.0,e. Religión/Peregrinaciones,a. Hotel 
5.0,150000.0,b. Visita a familiares y amigos,"e. Casa propia, de familiares o amigos (sin pago)"
4.0,300000.0,b. Visita a familiares y amigos,"e. Casa propia, de familiares o amigos (sin pago)"
2.0,1000000.0,a. Vacaciones/recreación/Ocio ,a. Hotel 
6.0,2000000.0,b. Visita a familiares y amigos,"e. Casa propia, de familiares o amigos (sin pago)"
5.0,500000.0,a. Vacaciones/recreación/Ocio ,a. Hotel 
999.0,600000.0,b. Visita a familiares y amigos,"e. Casa propia, de familiares o amigos (sin pago)"
15.0,650000.0,a. Vacaciones/recreación/Ocio ,"e. Casa propia, de familiares o amigos (sin pago)"
3.0,300000.0,b. Visita a familiares y amigos,"e. Casa propia, de familiares o amigos (sin pago)"
10.0,800000.0,b. Visita a familiares y amigos,"e. Casa propia, de familiares o amigos (sin pago)"
2.0,860000.0,b. Visita a familiares y amigos,"e. Casa propia, de familiares o amigos (sin pago)"
6.0,3000000.0,a. Vacaciones/recreación/Ocio ,a. Hotel 
6.0,10000000.0,a. Vacaciones/recreación/Ocio ,a. Hotel 
999.0,300000.0,e. Religión/Peregrinaciones,"e. Casa propia, de familiares o amigos (sin pago)"
5.0,700000.0,a. Vacaciones/recreación/Ocio ,a. Hotel 
4.0,1500000.0,a. Vacaciones/recreación/Ocio ,a. Hotel 
3.0,1000000.0,b. Visita a familiares y amigos,"e. Casa propia, de familiares o amigos (sin pago)"
5.0,900000.0,a. Vacaciones/recreación/Ocio ,"e. Casa propia, de familiares o amigos (sin pago)"
8.0,600000.0,b. Visita a familiares y amigos,"e. Casa propia, de familiares o amigos (sin pago)"
4.0,3000000.0,a. Vacaciones/recreación/Ocio ,a. Hotel 
5.0,2000000.0,a. Vacaciones/recreación/Ocio ,c. Apartahotel
6.0,3000000.0,a. Vacaciones/recreación/Ocio ,a. Hotel 
2.0,500000.0,a. Vacaciones/recreación/Ocio ,a. Hotel 
4.0,1500000.0,b. Visita a familiares y amigos,"e. Casa propia, de familiares o amigos (sin pago)"
5.0,1600000.0,a. Vacaciones/recreación/Ocio ,"e. Casa propia, de familiares o amigos (sin pago)"
8.0,2000000.0,a. Vacaciones/recreación/Ocio ,a. Hotel 
2.0,250000.0,b. Visita a familiares y amigos,"e. Casa propia, de familiares o amigos (sin pago)"
4.0,3000000.0,a. Vacaciones/recreación/Ocio ,a. Hotel 
5.0,500000.0,a. Vacaciones/recreación/Ocio ,"e. Casa propia, de familiares o amigos (sin pago)"
5.0,1000000.0,a. Vacaciones/recreación/Ocio ,a. Hotel 
20.0,2000000.0,a. Vacaciones/recreación/Ocio ,"e. Casa propia, de familiares o amigos (sin pago)"
3.0,1000000.0,g. Negocios y motivos profesionales,a. Hotel 
7.0,2000000.0,a. Vacaciones/recreación/Ocio ,"e. Casa propia, de familiares o amigos (sin pago)"
5.0,2000000.0,h. Trabajo remunerado en otra ciudad,a. Hotel 
4.0,780000.0,a. Vacaciones/recreación/Ocio ,"e. Casa propia, de familiares o amigos (sin pago)"
5.0,500000.0,b. Visita a familiares y amigos,"e. Casa propia, de familiares o amigos (sin pago)"
3.0,300000.0,b. Visita a familiares y amigos,"e. Casa propia, de familiares o amigos (sin pago)"
3.0,700000.0,b. Visita a familiares y amigos,"e. Casa propia, de familiares o amigos (sin pago)"
8.0,3000000.0,b. Visita a familiares y amigos,"e. Casa propia, de familiares o amigos (sin pago)"
5.0,1000000.0,b. Visita a familiares y amigos,"e. Casa propia, de familiares o amigos (sin pago)"
3.0,650000.0,b. Visita a familiares y amigos,"e. Casa propia, de familiares o amigos (sin pago)"
6.0,2500000.0,a. Vacaciones/recreación/Ocio ,a. Hotel 
2.0,500000.0,b. Visita a familiares y amigos,"e. Casa propia, de familiares o amigos (sin pago)"
2.0,500000.0,a. Vacaciones/recreación/Ocio ,c. Apartahotel
15.0,800000.0,b. Visita a familiares y amigos,"e. Casa propia, de familiares o amigos (sin pago)"
1.0,300000.0,g. Negocios y motivos profesionales,a. Hotel 
16.0,3000000.0,a. Vacaciones/recreación/Ocio ,"e. Casa propia, de familiares o amigos (sin pago)"
4.0,3000000.0,g. Negocios y motivos profesionales,a. Hotel 
5.0,300000.0,b. Visita a familiares y amigos,"e. Casa propia, de familiares o amigos (sin pago)"
15.0,2000000.0,a. Vacaciones/recreación/Ocio ,a. Hotel 
4.0,1500000.0,h. Trabajo remunerado en otra ciudad,"e. Casa propia, de familiares o amigos (sin pago)"
5.0,700000.0,a. Vacaciones/recreación/Ocio ,a. Hotel 
5.0,3000000.0,a. Vacaciones/recreación/Ocio ,a. Hotel 
4.0,1000000.0,a. Vacaciones/recreación/Ocio ,a. Hotel 
8.0,3000000.0,h. Trabajo remunerado en otra ciudad,a. Hotel 
5.0,1500000.0,b. Visita a familiares y amigos,"e. Casa propia, de familiares o amigos (sin pago)"
3.0,700000.0,b. Visita a familiares y amigos,"e. Casa propia, de familiares o amigos (sin pago)"
2.0,300000.0,b. Visita a familiares y amigos,"e. Casa propia, de familiares o amigos (sin pago)"
5.0,1200000.0,a. Vacaciones/recreación/Ocio ,a. Hotel 
4.0,2000000.0,b. Visita a familiares y amigos,"e. Casa propia, de familiares o amigos (sin pago)"
6.0,3200000.0,b. Visita a familiares y amigos,"e. Casa propia, de familiares o amigos (sin pago)"
5.0,1500000.0,a. Vacaciones/recreación/Ocio ,a. Hotel 
3.0,800000.0,b. Visita a familiares y amigos,"e. Casa propia, de familiares o amigos (sin pago)"
3.0,500000.0,b. Visita a familiares y amigos,"e. Casa propia, de familiares o amigos (sin pago)"
10.0,1000000.0,b. Visita a familiares y amigos,"e. Casa propia, de familiares o amigos (sin pago)"
3.0,700000.0,b. Visita a familiares y amigos,"e. Casa propia, de familiares o amigos (sin pago)"
2.0,800000.0,h. Trabajo remunerado en otra ciudad,a. Hotel 
3.0,100000.0,b. Visita a familiares y amigos,"e. Casa propia, de familiares o amigos (sin pago)"
6.0,860000.0,a. Vacaciones/recreación/Ocio ,"e. Casa propia, de familiares o amigos (sin pago)"
3.0,700000.0,a. Vacaciones/recreación/Ocio ,a. Hotel 
5.0,2000000.0,b. Visita a familiares y amigos,"e. Casa propia, de familiares o amigos (sin pago)"
5.0,2000000.0,b. Visita a familiares y amigos,"e. Casa propia, de familiares o amigos (sin pago)"
10.0,1000000.0,b. Visita a familiares y amigos,"e. Casa propia, de familiares o amigos (sin pago)"
1.0,80000.0,b. Visita a familiares y amigos,"e. Casa propia, de familiares o amigos (sin pago)"
3.0,1000000.0,a. Vacaciones/recreación/Ocio ,a. Hotel 
4.0,600000.0,a. Vacaciones/recreación/Ocio ,"e. Casa propia, de familiares o amigos (sin pago)"
5.0,600000.0,a. Vacaciones/recreación/Ocio ,c. Apartahotel
2.0,1500000.0,g. Negocios y motivos profesionales,a. Hotel 
15.0,1500000.0,b. Visita a familiares y amigos,"e. Casa propia, de familiares o amigos (sin pago)"
10.0,4000000.0,a. Vacaciones/recreación/Ocio ,a. Hotel 
3.0,4000000.0,a. Vacaciones/recreación/Ocio ,a. Hotel 
2.0,350000.0,a. Vacaciones/recreación/Ocio ,"e. Casa propia, de familiares o amigos (sin pago)"
5.0,1000000.0,a. Vacaciones/recreación/Ocio ,a. Hotel 
15.0,750000.0,b. Visita a familiares y amigos,"e. Casa propia, de familiares o amigos (sin pago)"
4.0,3000000.0,a. Vacaciones/recreación/Ocio ,a. Hotel 
1.0,500000.0,g. Negocios y motivos profesionales,a. Hotel 
6.0,3000000.0,a. Vacaciones/recreación/Ocio ,a. Hotel 
2.0,800000.0,a. Vacaciones/recreación/Ocio ,a. Hotel 
7.0,300000.0,"d. Salud , Bienestar y atención médica","e. Casa propia, de familiares o amigos (sin pago)"
3.0,1000000.0,b. Visita a familiares y amigos,"e. Casa propia, de familiares o amigos (sin pago)"
2.0,300000.0,h. Trabajo remunerado en otra ciudad,a. Hotel 
5.0,1400000.0,b. Visita a familiares y amigos,"e. Casa propia, de familiares o amigos (sin pago)"
3.0,1000000.0,b. Visita a familiares y amigos,"e. Casa propia, de familiares o amigos (sin pago)"
5.0,2000000.0,a. Vacaciones/recreación/Ocio ,a. Hotel 
7.0,700000.0,a. Vacaciones/recreación/Ocio ,a. Hotel 
20.0,300000.0,h. Trabajo remunerado en otra ciudad,"e. Casa propia, de familiares o amigos (sin pago)"
3.0,500000.0,a. Vacaciones/recreación/Ocio ,a. Hotel 
4.0,600000.0,b. Visita a familiares y amigos,"e. Casa propia, de familiares o amigos (sin pago)"
2.0,800000.0,g. Negocios y motivos profesionales,a. Hotel 
3.0,1000000.0,a. Vacaciones/recreación/Ocio ,a. Hotel 
6.0,800000.0,a. Vacaciones/recreación/Ocio ,"e. Casa propia, de familiares o amigos (sin pago)"
4.0,600000.0,h. Trabajo remunerado en otra ciudad,a. Hotel 
2.0,1000000.0,g. Negocios y motivos profesionales,a. Hotel 
5.0,3500000.0,a. Vacaciones/recreación/Ocio ,a. Hotel 
4.0,4000000.0,b. Visita a familiares y amigos,"e. Casa propia, de familiares o amigos (sin pago)"
3.0,1500000.0,b. Visita a familiares y amigos,"e. Casa propia, de familiares o amigos (sin pago)"
15.0,1000000.0,h. Trabajo remunerado en otra ciudad,"e. Casa propia, de familiares o amigos (sin pago)"
18.0,500000.0,h. Trabajo remunerado en otra ciudad,a. Hotel 
2.0,1000000.0,h. Trabajo remunerado en otra ciudad,b. Hostal
3.0,600000.0,b. Visita a familiares y amigos,"e. Casa propia, de familiares o amigos (sin pago)"
2.0,500000.0,b. Visita a familiares y amigos,"e. Casa propia, de familiares o amigos (sin pago)"
5.0,1000000.0,a. Vacaciones/recreación/Ocio ,a. Hotel 
5.0,3000000.0,a. Vacaciones/recreación/Ocio ,a. Hotel 
2.0,500000.0,a. Vacaciones/recreación/Ocio ,"e. Casa propia, de familiares o amigos (sin pago)"
8.0,1500000.0,a. Vacaciones/recreación/Ocio ,a. Hotel 
5.0,3000000.0,a. Vacaciones/recreación/Ocio ,a. Hotel 
7.0,1000000.0,a. Vacaciones/recreación/Ocio ,a. Hotel 
3.0,1000000.0,a. Vacaciones/recreación/Ocio ,a. Hotel 
2.0,300000.0,b. Visita a familiares y amigos,"e. Casa propia, de familiares o amigos (sin pago)"
7.0,3000000.0,a. Vacaciones/recreación/Ocio ,a. Hotel 
7.0,3000000.0,a. Vacaciones/recreación/Ocio ,a. Hotel 
2.0,380000.0,b. Visita a familiares y amigos,"e. Casa propia, de familiares o amigos (sin pago)"
7.0,3500000.0,a. Vacaciones/recreación/Ocio ,a. Hotel 
2.0,100000.0,g. Negocios y motivos profesionales,a. Hotel 
6.0,3000000.0,a. Vacaciones/recreación/Ocio ,"e. Casa propia, de familiares o amigos (sin pago)"
5.0,2500000.0,a. Vacaciones/recreación/Ocio ,c. Apartahotel
4.0,1500000.0,b. Visita a familiares y amigos,"e. Casa propia, de familiares o amigos (sin pago)"
5.0,1000000.0,a. Vacaciones/recreación/Ocio ,a. Hotel 
3.0,260000.0,b. Visita a familiares y amigos,"e. Casa propia, de familiares o amigos (sin pago)"
15.0,2000000.0,b. Visita a familiares y amigos,"e. Casa propia, de familiares o amigos (sin pago)"
2.0,500000.0,g. Negocios y motivos profesionales,a. Hotel 
2.0,500000.0,h. Trabajo remunerado en otra ciudad,a. Hotel 
5.0,500000.0,b. Visita a familiares y amigos,"e. Casa propia, de familiares o amigos (sin pago)"
3.0,320000.0,b. Visita a familiares y amigos,"e. Casa propia, de familiares o amigos (sin pago)"
3.0,700.0,a. Vacaciones/recreación/Ocio ,a. Hotel 
3.0,100000.0,g. Negocios y motivos profesionales,a. Hotel 
4.0,2000000.0,a. Vacaciones/recreación/Ocio ,a. Hotel 
6.0,700000.0,b. Visita a familiares y amigos,"e. Casa propia, de familiares o amigos (sin pago)"
999.0,600000.0,b. Visita a familiares y amigos,"e. Casa propia, de familiares o amigos (sin pago)"
5.0,1500000.0,g. Negocios y motivos profesionales,a. Hotel 
10.0,3500000.0,a. Vacaciones/recreación/Ocio ,"e. Casa propia, de familiares o amigos (sin pago)"
7.0,2000000.0,a. Vacaciones/recreación/Ocio ,a. Hotel 
2.0,1500000.0,a. Vacaciones/recreación/Ocio ,"e. Casa propia, de familiares o amigos (sin pago)"
15.0,1000000.0,b. Visita a familiares y amigos,"e. Casa propia, de familiares o amigos (sin pago)"
8.0,1500000.0,b. Visita a familiares y amigos,"e. Casa propia, de familiares o amigos (sin pago)"
3.0,500000.0,b. Visita a familiares y amigos,"e. Casa propia, de familiares o amigos (sin pago)"
4.0,800000.0,b. Visita a familiares y amigos,"e. Casa propia, de familiares o amigos (sin pago)"
4.0,1000000.0,a. Vacaciones/recreación/Ocio ,c. Apartahotel
10.0,2500000.0,a. Vacaciones/recreación/Ocio ,c. Apartahotel
3.0,1500000.0,a. Vacaciones/recreación/Ocio ,a. Hotel 
5.0,1500000.0,b. Visita a familiares y amigos,"e. Casa propia, de familiares o amigos (sin pago)"
5.0,500000.0,h. Trabajo remunerado en otra ciudad,"e. Casa propia, de familiares o amigos (sin pago)"
5.0,1200000.0,b. Visita a familiares y amigos,"e. Casa propia, de familiares o amigos (sin pago)"
30.0,2000000.0,b. Visita a familiares y amigos,"e. Casa propia, de familiares o amigos (sin pago)"
4.0,560000.0,b. Visita a familiares y amigos,"e. Casa propia, de familiares o amigos (sin pago)"
3.0,1000000.0,a. Vacaciones/recreación/Ocio ,a. Hotel 
3.0,1000000.0,h. Trabajo remunerado en otra ciudad,a. Hotel 
10.0,1800000.0,b. Visita a familiares y amigos,"e. Casa propia, de familiares o amigos (sin pago)"
6.0,500000.0,b. Visita a familiares y amigos,"e. Casa propia, de familiares o amigos (sin pago)"
5.0,400000.0,b. Visita a familiares y amigos,"e. Casa propia, de familiares o amigos (sin pago)"
3.0,500000.0,g. Negocios y motivos profesionales,a. Hotel 
2.0,500000.0,b. Visita a familiares y amigos,"e. Casa propia, de familiares o amigos (sin pago)"
2.0,320000.0,b. Visita a familiares y amigos,"e. Casa propia, de familiares o amigos (sin pago)"
6.0,10000000.0,a. Vacaciones/recreación/Ocio ,a. Hotel 
7.0,500000.0,b. Visita a familiares y amigos,"e. Casa propia, de familiares o amigos (sin pago)"
13.0,500000.0,b. Visita a familiares y amigos,"e. Casa propia, de familiares o amigos (sin pago)"
5.0,30000.0,h. Trabajo remunerado en otra ciudad,f. Otro
2.0,500000.0,g. Negocios y motivos profesionales,a. Hotel 
7.0,4000000.0,a. Vacaciones/recreación/Ocio ,a. Hotel 
7.0,60000.0,h. Trabajo remunerado en otra ciudad,a. Hotel 
8.0,500000.0,b. Visita a familiares y amigos,"e. Casa propia, de familiares o amigos (sin pago)"
5.0,500000.0,a. Vacaciones/recreación/Ocio ,a. Hotel 
5.0,1200000.0,b. Visita a familiares y amigos,"e. Casa propia, de familiares o amigos (sin pago)"
4.0,1200000.0,b. Visita a familiares y amigos,"e. Casa propia, de familiares o amigos (sin pago)"
3.0,400000.0,b. Visita a familiares y amigos,"e. Casa propia, de familiares o amigos (sin pago)"
3.0,1500000.0,b. Visita a familiares y amigos,"e. Casa propia, de familiares o amigos (sin pago)"
15.0,1000000.0,h. Trabajo remunerado en otra ciudad,"e. Casa propia, de familiares o amigos (sin pago)"
3.0,1000000.0,b. Visita a familiares y amigos,"e. Casa propia, de familiares o amigos (sin pago)"
3.0,1000000.0,h. Trabajo remunerado en otra ciudad,a. Hotel 
1.0,150000.0,b. Visita a familiares y amigos,"e. Casa propia, de familiares o amigos (sin pago)"
7.0,5000000.0,a. Vacaciones/recreación/Ocio ,a. Hotel 
5.0,800000.0,a. Vacaciones/recreación/Ocio ,"e. Casa propia, de familiares o amigos (sin pago)"
2.0,300000.0,a. Vacaciones/recreación/Ocio ,a. Hotel 
3.0,2000000.0,h. Trabajo remunerado en otra ciudad,a. Hotel 
2.0,400000.0,h. Trabajo remunerado en otra ciudad,a. Hotel 
3.0,500000.0,b. Visita a familiares y amigos,"e. Casa propia, de familiares o amigos (sin pago)"
4.0,3000000.0,a. Vacaciones/recreación/Ocio ,"e. Casa propia, de familiares o amigos (sin pago)"
3.0,1500000.0,h. Trabajo remunerado en otra ciudad,a. Hotel 
4.0,1200000.0,a. Vacaciones/recreación/Ocio ,a. Hotel 
5.0,3000000.0,a. Vacaciones/recreación/Ocio ,a. Hotel 
4.0,1700000.0,a. Vacaciones/recreación/Ocio ,a. Hotel 
5.0,200000.0,h. Trabajo remunerado en otra ciudad,d. Inmueble de alquiler (pagos por plataforma dig)
5.0,500000.0,a. Vacaciones/recreación/Ocio ,a. Hotel 
3.0,1000000.0,a. Vacaciones/recreación/Ocio ,c. Apartahotel
5.0,1500000.0,b. Visita a familiares y amigos,"e. Casa propia, de familiares o amigos (sin pago)"
5.0,500000.0,g. Negocios y motivos profesionales,a. Hotel 
4.0,1000000.0,b. Visita a familiares y amigos,"e. Casa propia, de familiares o amigos (sin pago)"
5.0,1200000.0,a. Vacaciones/recreación/Ocio ,"e. Casa propia, de familiares o amigos (sin pago)"
5.0,3000000.0,b. Visita a familiares y amigos,"e. Casa propia, de familiares o amigos (sin pago)"
10.0,1000000.0,b. Visita a familiares y amigos,"e. Casa propia, de familiares o amigos (sin pago)"
4.0,800000.0,b. Visita a familiares y amigos,"e. Casa propia, de familiares o amigos (sin pago)"
5.0,2000000.0,a. Vacaciones/recreación/Ocio ,a. Hotel 
2.0,200000.0,b. Visita a familiares y amigos,"e. Casa propia, de familiares o amigos (sin pago)"
6.0,100000000.0,a. Vacaciones/recreación/Ocio ,a. Hotel 
5.0,2000000.0,a. Vacaciones/recreación/Ocio ,a. Hotel 
1.0,500000.0,h. Trabajo remunerado en otra ciudad,a. Hotel 
5.0,1500000.0,b. Visita a familiares y amigos,"e. Casa propia, de familiares o amigos (sin pago)"
4.0,2500000.0,a. Vacaciones/recreación/Ocio ,a. Hotel 
7.0,4000000.0,a. Vacaciones/recreación/Ocio ,a. Hotel 
7.0,2000000.0,b. Visita a familiares y amigos,"e. Casa propia, de familiares o amigos (sin pago)"
20.0,10000000.0,a. Vacaciones/recreación/Ocio ,a. Hotel 
4.0,1500000.0,a. Vacaciones/recreación/Ocio ,c. Apartahotel
40.0,6000000.0,a. Vacaciones/recreación/Ocio ,"e. Casa propia, de familiares o amigos (sin pago)"
20.0,2500000.0,a. Vacaciones/recreación/Ocio ,"e. Casa propia, de familiares o amigos (sin pago)"
10.0,700000.0,a. Vacaciones/recreación/Ocio ,"e. Casa propia, de familiares o amigos (sin pago)"
4.0,2500000.0,a. Vacaciones/recreación/Ocio ,a. Hotel 
5.0,2000000.0,a. Vacaciones/recreación/Ocio ,a. Hotel 
30.0,500000.0,b. Visita a familiares y amigos,"e. Casa propia, de familiares o amigos (sin pago)"
10.0,3000000.0,b. Visita a familiares y amigos,"e. Casa propia, de familiares o amigos (sin pago)"
5.0,3000000.0,b. Visita a familiares y amigos,"e. Casa propia, de familiares o amigos (sin pago)"
5.0,5000000.0,a. Vacaciones/recreación/Ocio ,a. Hotel 
5.0,2000000.0,a. Vacaciones/recreación/Ocio ,a. Hotel 
35.0,8000000.0,a. Vacaciones/recreación/Ocio ,"e. Casa propia, de familiares o amigos (sin pago)"
6.0,3000000.0,a. Vacaciones/recreación/Ocio ,a. Hotel 
8.0,800000.0,a. Vacaciones/recreación/Ocio ,"e. Casa propia, de familiares o amigos (sin pago)"
5.0,3000000.0,a. Vacaciones/recreación/Ocio ,a. Hotel 
20.0,4500000.0,b. Visita a familiares y amigos,"e. Casa propia, de familiares o amigos (sin pago)"
7.0,250000.0,a. Vacaciones/recreación/Ocio ,a. Hotel 
3.0,500000.0,g. Negocios y motivos profesionales,a. Hotel 
8.0,4000000.0,a. Vacaciones/recreación/Ocio ,a. Hotel 
5.0,2000000.0,a. Vacaciones/recreación/Ocio ,a. Hotel 
3.0,3800000.0,b. Visita a familiares y amigos,"e. Casa propia, de familiares o amigos (sin pago)"
5.0,1000000.0,a. Vacaciones/recreación/Ocio ,a. Hotel 
5.0,1000000.0,b. Visita a familiares y amigos,"e. Casa propia, de familiares o amigos (sin pago)"
30.0,20000000.0,a. Vacaciones/recreación/Ocio ,c. Apartahotel
5.0,3500000.0,a. Vacaciones/recreación/Ocio ,a. Hotel 
10.0,10000000.0,a. Vacaciones/recreación/Ocio ,a. Hotel 
3.0,1500000.0,g. Negocios y motivos profesionales,a. Hotel 
6.0,2000000.0,a. Vacaciones/recreación/Ocio ,c. Apartahotel
6.0,1500000.0,a. Vacaciones/recreación/Ocio ,a. Hotel 
4.0,300000.0,h. Trabajo remunerado en otra ciudad,"e. Casa propia, de familiares o amigos (sin pago)"
8.0,3000000.0,a. Vacaciones/recreación/Ocio ,a. Hotel 
5.0,1500000.0,a. Vacaciones/recreación/Ocio ,a. Hotel 
12.0,3000000.0,a. Vacaciones/recreación/Ocio ,"e. Casa propia, de familiares o amigos (sin pago)"
4.0,3000000.0,b. Visita a familiares y amigos,"e. Casa propia, de familiares o amigos (sin pago)"
20.0,6000000.0,a. Vacaciones/recreación/Ocio ,"e. Casa propia, de familiares o amigos (sin pago)"
4.0,3000000.0,a. Vacaciones/recreación/Ocio ,a. Hotel 
5.0,2000000.0,b. Visita a familiares y amigos,"e. Casa propia, de familiares o amigos (sin pago)"
15.0,1000000.0,a. Vacaciones/recreación/Ocio ,"e. Casa propia, de familiares o amigos (sin pago)"
6.0,800000.0,a. Vacaciones/recreación/Ocio ,"e. Casa propia, de familiares o amigos (sin pago)"
4.0,2500000.0,a. Vacaciones/recreación/Ocio ,a. Hotel 
6.0,2000000.0,a. Vacaciones/recreación/Ocio ,a. Hotel 
7.0,1500000.0,e. Religión/Peregrinaciones,a. Hotel 
4.0,2000000.0,a. Vacaciones/recreación/Ocio ,a. Hotel 
28.0,6000000.0,a. Vacaciones/recreación/Ocio ,"e. Casa propia, de familiares o amigos (sin pago)"
5.0,2000000.0,a. Vacaciones/recreación/Ocio ,"e. Casa propia, de familiares o amigos (sin pago)"
4.0,3000000.0,a. Vacaciones/recreación/Ocio ,a. Hotel 
10.0,2000000.0,b. Visita a familiares y amigos,"e. Casa propia, de familiares o amigos (sin pago)"
15.0,1800000.0,a. Vacaciones/recreación/Ocio ,"e. Casa propia, de familiares o amigos (sin pago)"
10.0,4000000.0,a. Vacaciones/recreación/Ocio ,b. Hostal
5.0,3000000.0,a. Vacaciones/recreación/Ocio ,a. Hotel 
7.0,500000.0,a. Vacaciones/recreación/Ocio ,"e. Casa propia, de familiares o amigos (sin pago)"
15.0,2500000.0,b. Visita a familiares y amigos,"e. Casa propia, de familiares o amigos (sin pago)"
25.0,1000000.0,a. Vacaciones/recreación/Ocio ,"e. Casa propia, de familiares o amigos (sin pago)"
3.0,900000.0,a. Vacaciones/recreación/Ocio ,a. Hotel 
10.0,2000000.0,b. Visita a familiares y amigos,"e. Casa propia, de familiares o amigos (sin pago)"
4.0,3000000.0,b. Visita a familiares y amigos,"e. Casa propia, de familiares o amigos (sin pago)"
15.0,5000000.0,a. Vacaciones/recreación/Ocio ,"e. Casa propia, de familiares o amigos (sin pago)"
4.0,2000000.0,a. Vacaciones/recreación/Ocio ,a. Hotel 
6.0,3000000.0,a. Vacaciones/recreación/Ocio ,a. Hotel 
5.0,3000000.0,a. Vacaciones/recreación/Ocio ,a. Hotel 
5.0,2500000.0,a. Vacaciones/recreación/Ocio ,a. Hotel 
20.0,5000000.0,a. Vacaciones/recreación/Ocio ,a. Hotel 
15.0,3800000.0,a. Vacaciones/recreación/Ocio ,a. Hotel 
5.0,850000.0,h. Trabajo remunerado en otra ciudad,a. Hotel 
10.0,4000000.0,a. Vacaciones/recreación/Ocio ,"e. Casa propia, de familiares o amigos (sin pago)"
7.0,3500000.0,a. Vacaciones/recreación/Ocio ,a. Hotel 
6.0,5000000.0,a. Vacaciones/recreación/Ocio ,a. Hotel 
7.0,1500000.0,b. Visita a familiares y amigos,d. Inmueble de alquiler (pagos por plataforma dig)
25.0,4000000.0,b. Visita a familiares y amigos,"e. Casa propia, de familiares o amigos (sin pago)"
6.0,6000000.0,a. Vacaciones/recreación/Ocio ,a. Hotel 
8.0,800000.0,b. Visita a familiares y amigos,"e. Casa propia, de familiares o amigos (sin pago)"
5.0,3000000.0,b. Visita a familiares y amigos,"e. Casa propia, de familiares o amigos (sin pago)"
7.0,2500000.0,a. Vacaciones/recreación/Ocio ,a. Hotel 
8.0,750000.0,h. Trabajo remunerado en otra ciudad,"e. Casa propia, de familiares o amigos (sin pago)"
5.0,4500000.0,a. Vacaciones/recreación/Ocio ,a. Hotel 
10.0,3000000.0,b. Visita a familiares y amigos,"e. Casa propia, de familiares o amigos (sin pago)"
4.0,750000.0,g. Negocios y motivos profesionales,"e. Casa propia, de familiares o amigos (sin pago)"
5.0,3000000.0,b. Visita a familiares y amigos,"e. Casa propia, de familiares o amigos (sin pago)"
4.0,500000.0,h. Trabajo remunerado en otra ciudad,a. Hotel 
5.0,1500000.0,a. Vacaciones/recreación/Ocio ,"e. Casa propia, de familiares o amigos (sin pago)"
3.0,1000000.0,g. Negocios y motivos profesionales,a. Hotel 
30.0,1000000.0,a. Vacaciones/recreación/Ocio ,"e. Casa propia, de familiares o amigos (sin pago)"
3.0,2000000.0,a. Vacaciones/recreación/Ocio ,a. Hotel 
5.0,3000000.0,b. Visita a familiares y amigos,"e. Casa propia, de familiares o amigos (sin pago)"
4.0,300000.0,a. Vacaciones/recreación/Ocio ,"e. Casa propia, de familiares o amigos (sin pago)"
25.0,5000000.0,b. Visita a familiares y amigos,"e. Casa propia, de familiares o amigos (sin pago)"
35.0,3000000.0,a. Vacaciones/recreación/Ocio ,"e. Casa propia, de familiares o amigos (sin pago)"
15.0,2600000.0,a. Vacaciones/recreación/Ocio ,"e. Casa propia, de familiares o amigos (sin pago)"
8.0,5000000.0,a. Vacaciones/recreación/Ocio ,a. Hotel 
6.0,1200000.0,h. Trabajo remunerado en otra ciudad,c. Apartahotel
4.0,800000.0,b. Visita a familiares y amigos,"e. Casa propia, de familiares o amigos (sin pago)"
5.0,2000000.0,a. Vacaciones/recreación/Ocio ,a. Hotel 
7.0,1000000.0,a. Vacaciones/recreación/Ocio ,"e. Casa propia, de familiares o amigos (sin pago)"
5.0,1000000.0,a. Vacaciones/recreación/Ocio ,a. Hotel 
5.0,3000000.0,a. Vacaciones/recreación/Ocio ,d. Inmueble de alquiler (pagos por plataforma dig)
3.0,1500000.0,g. Negocios y motivos profesionales,a. Hotel 
6.0,26000000.0,a. Vacaciones/recreación/Ocio ,"e. Casa propia, de familiares o amigos (sin pago)"
5.0,300000.0,a. Vacaciones/recreación/Ocio ,"e. Casa propia, de familiares o amigos (sin pago)"
20.0,500000.0,a. Vacaciones/recreación/Ocio ,"e. Casa propia, de familiares o amigos (sin pago)"
7.0,2000000.0,b. Visita a familiares y amigos,"e. Casa propia, de familiares o amigos (sin pago)"
5.0,1500000.0,b. Visita a familiares y amigos,a. Hotel 
10.0,1000000.0,a. Vacaciones/recreación/Ocio ,"e. Casa propia, de familiares o amigos (sin pago)"
6.0,3000000.0,a. Vacaciones/recreación/Ocio ,a. Hotel 
30.0,2000000.0,a. Vacaciones/recreación/Ocio ,"e. Casa propia, de familiares o amigos (sin pago)"
7.0,3000000.0,a. Vacaciones/recreación/Ocio ,a. Hotel 
5.0,250000.0,b. Visita a familiares y amigos,"e. Casa propia, de familiares o amigos (sin pago)"
5.0,2500000.0,a. Vacaciones/recreación/Ocio ,a. Hotel 
5.0,600000.0,b. Visita a familiares y amigos,"e. Casa propia, de familiares o amigos (sin pago)"
2.0,1000000.0,i. Otro.,a. Hotel 
5.0,4000000.0,b. Visita a familiares y amigos,"e. Casa propia, de familiares o amigos (sin pago)"
8.0,1500000.0,a. Vacaciones/recreación/Ocio ,d. Inmueble de alquiler (pagos por plataforma dig)
8.0,1500000.0,b. Visita a familiares y amigos,"e. Casa propia, de familiares o amigos (sin pago)"
5.0,5000000.0,a. Vacaciones/recreación/Ocio ,a. Hotel 
6.0,3000000.0,a. Vacaciones/recreación/Ocio ,f. Otro
45.0,25000000.0,b. Visita a familiares y amigos,"e. Casa propia, de familiares o amigos (sin pago)"
5.0,5000000.0,a. Vacaciones/recreación/Ocio ,"e. Casa propia, de familiares o amigos (sin pago)"
4.0,3000000.0,g. Negocios y motivos profesionales,a. Hotel 
5.0,2000000.0,a. Vacaciones/recreación/Ocio ,a. Hotel 
8.0,5000000.0,a. Vacaciones/recreación/Ocio ,a. Hotel 
6.0,4000000.0,a. Vacaciones/recreación/Ocio ,a. Hotel 
6.0,800000.0,b. Visita a familiares y amigos,"e. Casa propia, de familiares o amigos (sin pago)"
6.0,2000000.0,a. Vacaciones/recreación/Ocio ,a. Hotel 
8.0,1500000.0,a. Vacaciones/recreación/Ocio ,d. Inmueble de alquiler (pagos por plataforma dig)
50.0,8000000.0,a. Vacaciones/recreación/Ocio ,"e. Casa propia, de familiares o amigos (sin pago)"
6.0,5000000.0,a. Vacaciones/recreación/Ocio ,a. Hotel 
5.0,4000000.0,a. Vacaciones/recreación/Ocio ,d. Inmueble de alquiler (pagos por plataforma dig)
7.0,1000000.0,b. Visita a familiares y amigos,"e. Casa propia, de familiares o amigos (sin pago)"
6.0,500000.0,a. Vacaciones/recreación/Ocio ,"e. Casa propia, de familiares o amigos (sin pago)"
4.0,2000000.0,a. Vacaciones/recreación/Ocio ,a. Hotel 
15.0,2000000.0,b. Visita a familiares y amigos,"e. Casa propia, de familiares o amigos (sin pago)"
8.0,2000000.0,a. Vacaciones/recreación/Ocio ,a. Hotel 
7.0,3200000.0,a. Vacaciones/recreación/Ocio ,a. Hotel 
6.0,1000000.0,a. Vacaciones/recreación/Ocio ,d. Inmueble de alquiler (pagos por plataforma dig)
6.0,3000000.0,a. Vacaciones/recreación/Ocio ,a. Hotel 
7.0,4000000.0,a. Vacaciones/recreación/Ocio ,a. Hotel 
7.0,750000.0,a. Vacaciones/recreación/Ocio ,"e. Casa propia, de familiares o amigos (sin pago)"
7.0,2500000.0,a. Vacaciones/recreación/Ocio ,a. Hotel 
4.0,800000.0,b. Visita a familiares y amigos,"e. Casa propia, de familiares o amigos (sin pago)"
5.0,2000000.0,a. Vacaciones/recreación/Ocio ,a. Hotel 
4.0,500000.0,h. Trabajo remunerado en otra ciudad,a. Hotel 
15.0,500000.0,h. Trabajo remunerado en otra ciudad,"e. Casa propia, de familiares o amigos (sin pago)"
6.0,3500000.0,a. Vacaciones/recreación/Ocio ,a. Hotel 
6.0,750000.0,a. Vacaciones/recreación/Ocio ,"e. Casa propia, de familiares o amigos (sin pago)"
5.0,3000000.0,a. Vacaciones/recreación/Ocio ,a. Hotel 
10.0,700000.0,h. Trabajo remunerado en otra ciudad,"e. Casa propia, de familiares o amigos (sin pago)"
15.0,1000000.0,b. Visita a familiares y amigos,"e. Casa propia, de familiares o amigos (sin pago)"
40.0,4500000.0,a. Vacaciones/recreación/Ocio ,"e. Casa propia, de familiares o amigos (sin pago)"
15.0,5000000.0,a. Vacaciones/recreación/Ocio ,a. Hotel 
5.0,1500000.0,a. Vacaciones/recreación/Ocio ,c. Apartahotel
8.0,3000000.0,a. Vacaciones/recreación/Ocio ,d. Inmueble de alquiler (pagos por plataforma dig)
4.0,300000.0,a. Vacaciones/recreación/Ocio ,"e. Casa propia, de familiares o amigos (sin pago)"
8.0,600000.0,b. Visita a familiares y amigos,"e. Casa propia, de familiares o amigos (sin pago)"
7.0,2500000.0,a. Vacaciones/recreación/Ocio ,a. Hotel 
45.0,1000000.0,b. Visita a familiares y amigos,"e. Casa propia, de familiares o amigos (sin pago)"
5.0,2000000.0,a. Vacaciones/recreación/Ocio ,a. Hotel 
5.0,3000000.0,b. Visita a familiares y amigos,"e. Casa propia, de familiares o amigos (sin pago)"
7.0,3000000.0,a. Vacaciones/recreación/Ocio ,a. Hotel 
7.0,2500000.0,b. Visita a familiares y amigos,"e. Casa propia, de familiares o amigos (sin pago)"
3.0,900000.0,b. Visita a familiares y amigos,"e. Casa propia, de familiares o amigos (sin pago)"
12.0,3500000.0,a. Vacaciones/recreación/Ocio ,a. Hotel 
5.0,1200000.0,a. Vacaciones/recreación/Ocio ,"e. Casa propia, de familiares o amigos (sin pago)"
1.0,100000.0,c. Educación y formación,c. Apartahotel
4.0,1000000.0,a. Vacaciones/recreación/Ocio ,a. Hotel 
1.0,1000000.0,b. Visita a familiares y amigos,a. Hotel 
8.0,1500000.0,a. Vacaciones/recreación/Ocio ,"e. Casa propia, de familiares o amigos (sin pago)"
15.0,3000000.0,a. Vacaciones/recreación/Ocio ,"e. Casa propia, de familiares o amigos (sin pago)"
15.0,1500000.0,b. Visita a familiares y amigos,"e. Casa propia, de familiares o amigos (sin pago)"
4.0,1000000.0,b. Visita a familiares y amigos,"e. Casa propia, de familiares o amigos (sin pago)"
5.0,100000.0,h. Trabajo remunerado en otra ciudad,a. Hotel 
4.0,400000.0,b. Visita a familiares y amigos,"e. Casa propia, de familiares o amigos (sin pago)"
5.0,300000.0,h. Trabajo remunerado en otra ciudad,b. Hostal
7.0,1000000.0,b. Visita a familiares y amigos,"e. Casa propia, de familiares o amigos (sin pago)"
5.0,1500000.0,b. Visita a familiares y amigos,"e. Casa propia, de familiares o amigos (sin pago)"
4.0,500000.0,b. Visita a familiares y amigos,"e. Casa propia, de familiares o amigos (sin pago)"
8.0,1000000.0,b. Visita a familiares y amigos,"e. Casa propia, de familiares o amigos (sin pago)"
8.0,2000000.0,a. Vacaciones/recreación/Ocio ,"e. Casa propia, de familiares o amigos (sin pago)"
7.0,1000000.0,b. Visita a familiares y amigos,"e. Casa propia, de familiares o amigos (sin pago)"
15.0,1200000.0,b. Visita a familiares y amigos,"e. Casa propia, de familiares o amigos (sin pago)"
4.0,1500000.0,a. Vacaciones/recreación/Ocio ,"e. Casa propia, de familiares o amigos (sin pago)"
4.0,3000000.0,b. Visita a familiares y amigos,a. Hotel 
2.0,500000.0,b. Visita a familiares y amigos,"e. Casa propia, de familiares o amigos (sin pago)"
3.0,500000.0,h. Trabajo remunerado en otra ciudad,a. Hotel 
20.0,2500000.0,b. Visita a familiares y amigos,"e. Casa propia, de familiares o amigos (sin pago)"
4.0,500000.0,b. Visita a familiares y amigos,"e. Casa propia, de familiares o amigos (sin pago)"
2.0,250000.0,b. Visita a familiares y amigos,"e. Casa propia, de familiares o amigos (sin pago)"
4.0,1500000.0,a. Vacaciones/recreación/Ocio ,a. Hotel 
4.0,1000000.0,a. Vacaciones/recreación/Ocio ,a. Hotel 
5.0,600000.0,a. Vacaciones/recreación/Ocio ,"e. Casa propia, de familiares o amigos (sin pago)"
2.0,500000.0,a. Vacaciones/recreación/Ocio ,a. Hotel 
4.0,2000000.0,a. Vacaciones/recreación/Ocio ,a. Hotel 
4.0,3000000.0,a. Vacaciones/recreación/Ocio ,a. Hotel 
60.0,3000000.0,b. Visita a familiares y amigos,"e. Casa propia, de familiares o amigos (sin pago)"
3.0,2000000.0,a. Vacaciones/recreación/Ocio ,"e. Casa propia, de familiares o amigos (sin pago)"
4.0,500000.0,b. Visita a familiares y amigos,"e. Casa propia, de familiares o amigos (sin pago)"
4.0,500000.0,a. Vacaciones/recreación/Ocio ,"e. Casa propia, de familiares o amigos (sin pago)"
4.0,400000.0,h. Trabajo remunerado en otra ciudad,a. Hotel 
2.0,500000.0,h. Trabajo remunerado en otra ciudad,a. Hotel 
2.0,450000.0,a. Vacaciones/recreación/Ocio ,d. Inmueble de alquiler (pagos por plataforma dig)
14.0,4000000.0,b. Visita a familiares y amigos,"e. Casa propia, de familiares o amigos (sin pago)"
10.0,5000000.0,a. Vacaciones/recreación/Ocio ,a. Hotel 
30.0,2000000.0,a. Vacaciones/recreación/Ocio ,a. Hotel 
4.0,2000000.0,a. Vacaciones/recreación/Ocio ,"e. Casa propia, de familiares o amigos (sin pago)"
8.0,750000.0,a. Vacaciones/recreación/Ocio ,"e. Casa propia, de familiares o amigos (sin pago)"
5.0,800000.0,b. Visita a familiares y amigos,"e. Casa propia, de familiares o amigos (sin pago)"
2.0,500000.0,b. Visita a familiares y amigos,"e. Casa propia, de familiares o amigos (sin pago)"
3.0,1000000.0,a. Vacaciones/recreación/Ocio ,"e. Casa propia, de familiares o amigos (sin pago)"
5.0,1000000.0,b. Visita a familiares y amigos,"e. Casa propia, de familiares o amigos (sin pago)"
4.0,530000.0,a. Vacaciones/recreación/Ocio ,"e. Casa propia, de familiares o amigos (sin pago)"
7.0,1000000.0,b. Visita a familiares y amigos,"e. Casa propia, de familiares o amigos (sin pago)"
4.0,500000.0,b. Visita a familiares y amigos,"e. Casa propia, de familiares o amigos (sin pago)"
1.0,300000.0,a. Vacaciones/recreación/Ocio ,a. Hotel 
2.0,700000.0,b. Visita a familiares y amigos,"e. Casa propia, de familiares o amigos (sin pago)"
6.0,1000000.0,b. Visita a familiares y amigos,b. Hostal
7.0,1000000.0,a. Vacaciones/recreación/Ocio ,a. Hotel 
4.0,1200000.0,b. Visita a familiares y amigos,"e. Casa propia, de familiares o amigos (sin pago)"
8.0,5000000.0,b. Visita a familiares y amigos,"e. Casa propia, de familiares o amigos (sin pago)"
4.0,2500000.0,h. Trabajo remunerado en otra ciudad,a. Hotel 
3.0,700000.0,b. Visita a familiares y amigos,"e. Casa propia, de familiares o amigos (sin pago)"
3.0,700000.0,h. Trabajo remunerado en otra ciudad,a. Hotel 
2.0,130000.0,b. Visita a familiares y amigos,"e. Casa propia, de familiares o amigos (sin pago)"
4.0,1200000.0,a. Vacaciones/recreación/Ocio ,c. Apartahotel
5.0,1000000.0,a. Vacaciones/recreación/Ocio ,"e. Casa propia, de familiares o amigos (sin pago)"
4.0,4000000.0,g. Negocios y motivos profesionales,a. Hotel 
3.0,2000000.0,g. Negocios y motivos profesionales,a. Hotel 
7.0,350000.0,b. Visita a familiares y amigos,"e. Casa propia, de familiares o amigos (sin pago)"
1.0,800000.0,h. Trabajo remunerado en otra ciudad,"e. Casa propia, de familiares o amigos (sin pago)"
3.0,220000.0,h. Trabajo remunerado en otra ciudad,b. Hostal
3.0,250000.0,b. Visita a familiares y amigos,"e. Casa propia, de familiares o amigos (sin pago)"
6.0,12000.0,b. Visita a familiares y amigos,"e. Casa propia, de familiares o amigos (sin pago)"
2.0,200000.0,b. Visita a familiares y amigos,"e. Casa propia, de familiares o amigos (sin pago)"
2.0,680000.0,b. Visita a familiares y amigos,"e. Casa propia, de familiares o amigos (sin pago)"
4.0,500000.0,h. Trabajo remunerado en otra ciudad,"e. Casa propia, de familiares o amigos (sin pago)"
2.0,500000.0,a. Vacaciones/recreación/Ocio ,a. Hotel 
5.0,3000000.0,a. Vacaciones/recreación/Ocio ,a. Hotel 
2.0,200000.0,b. Visita a familiares y amigos,a. Hotel 
3.0,400000.0,b. Visita a familiares y amigos,"e. Casa propia, de familiares o amigos (sin pago)"
3.0,1000000.0,h. Trabajo remunerado en otra ciudad,"e. Casa propia, de familiares o amigos (sin pago)"
3.0,600000.0,a. Vacaciones/recreación/Ocio ,"e. Casa propia, de familiares o amigos (sin pago)"
2.0,200000.0,b. Visita a familiares y amigos,"e. Casa propia, de familiares o amigos (sin pago)"
3.0,1000000.0,a. Vacaciones/recreación/Ocio ,"e. Casa propia, de familiares o amigos (sin pago)"
5.0,1000000.0,b. Visita a familiares y amigos,"e. Casa propia, de familiares o amigos (sin pago)"
15.0,3000000.0,g. Negocios y motivos profesionales,a. Hotel 
8.0,2000000.0,b. Visita a familiares y amigos,"e. Casa propia, de familiares o amigos (sin pago)"
2.0,500000.0,h. Trabajo remunerado en otra ciudad,a. Hotel 
1.0,500000.0,h. Trabajo remunerado en otra ciudad,a. Hotel 
8.0,2500000.0,b. Visita a familiares y amigos,a. Hotel 
7.0,2000000.0,b. Visita a familiares y amigos,"e. Casa propia, de familiares o amigos (sin pago)"
4.0,1500000.0,a. Vacaciones/recreación/Ocio ,a. Hotel 
12.0,400000.0,b. Visita a familiares y amigos,"e. Casa propia, de familiares o amigos (sin pago)"
2.0,250000.0,b. Visita a familiares y amigos,"e. Casa propia, de familiares o amigos (sin pago)"
5.0,1000000.0,b. Visita a familiares y amigos,"e. Casa propia, de familiares o amigos (sin pago)"
4.0,2000000.0,b. Visita a familiares y amigos,"e. Casa propia, de familiares o amigos (sin pago)"
4.0,1000000.0,b. Visita a familiares y amigos,a. Hotel 
6.0,850000.0,a. Vacaciones/recreación/Ocio ,"e. Casa propia, de familiares o amigos (sin pago)"
2.0,800000.0,b. Visita a familiares y amigos,"e. Casa propia, de familiares o amigos (sin pago)"
2.0,100000.0,h. Trabajo remunerado en otra ciudad,a. Hotel 
3.0,500000.0,b. Visita a familiares y amigos,"e. Casa propia, de familiares o amigos (sin pago)"
6.0,1200000.0,b. Visita a familiares y amigos,"e. Casa propia, de familiares o amigos (sin pago)"
3.0,800000.0,g. Negocios y motivos profesionales,a. Hotel 
2.0,800000.0,h. Trabajo remunerado en otra ciudad,a. Hotel 
2.0,800000.0,h. Trabajo remunerado en otra ciudad,a. Hotel 
3.0,2000000.0,a. Vacaciones/recreación/Ocio ,a. Hotel 
5.0,1000000.0,b. Visita a familiares y amigos,"e. Casa propia, de familiares o amigos (sin pago)"
5.0,3000000.0,a. Vacaciones/recreación/Ocio ,a. Hotel 
4.0,1500000.0,b. Visita a familiares y amigos,"e. Casa propia, de familiares o amigos (sin pago)"
6.0,2000000.0,b. Visita a familiares y amigos,"e. Casa propia, de familiares o amigos (sin pago)"
2.0,600000.0,b. Visita a familiares y amigos,f. Otro
8.0,1000000.0,h. Trabajo remunerado en otra ciudad,a. Hotel 
3.0,500000.0,h. Trabajo remunerado en otra ciudad,"e. Casa propia, de familiares o amigos (sin pago)"
3.0,300000.0,b. Visita a familiares y amigos,"e. Casa propia, de familiares o amigos (sin pago)"
3.0,200000.0,b. Visita a familiares y amigos,"e. Casa propia, de familiares o amigos (sin pago)"
2.0,500000.0,b. Visita a familiares y amigos,"e. Casa propia, de familiares o amigos (sin pago)"
3.0,180000.0,b. Visita a familiares y amigos,"e. Casa propia, de familiares o amigos (sin pago)"
3.0,1000000.0,b. Visita a familiares y amigos,a. Hotel 
4.0,800000.0,b. Visita a familiares y amigos,"e. Casa propia, de familiares o amigos (sin pago)"
15.0,1000000.0,b. Visita a familiares y amigos,"e. Casa propia, de familiares o amigos (sin pago)"
3.0,580000.0,b. Visita a familiares y amigos,"e. Casa propia, de familiares o amigos (sin pago)"
12.0,1000000.0,a. Vacaciones/recreación/Ocio ,"e. Casa propia, de familiares o amigos (sin pago)"
5.0,2000000.0,a. Vacaciones/recreación/Ocio ,a. Hotel 
3.0,160000.0,h. Trabajo remunerado en otra ciudad,f. Otro
4.0,600000.0,b. Visita a familiares y amigos,"e. Casa propia, de familiares o amigos (sin pago)"
1.0,800000.0,h. Trabajo remunerado en otra ciudad,a. Hotel 
19.0,2500000.0,a. Vacaciones/recreación/Ocio ,"e. Casa propia, de familiares o amigos (sin pago)"
4.0,1000000.0,b. Visita a familiares y amigos,"e. Casa propia, de familiares o amigos (sin pago)"
4.0,500000.0,b. Visita a familiares y amigos,"e. Casa propia, de familiares o amigos (sin pago)"
6.0,200000.0,b. Visita a familiares y amigos,"e. Casa propia, de familiares o amigos (sin pago)"
3.0,280000.0,a. Vacaciones/recreación/Ocio ,"e. Casa propia, de familiares o amigos (sin pago)"
2.0,700000.0,h. Trabajo remunerado en otra ciudad,a. Hotel 
4.0,1000000.0,h. Trabajo remunerado en otra ciudad,a. Hotel 
3.0,500000.0,b. Visita a familiares y amigos,"e. Casa propia, de familiares o amigos (sin pago)"
4.0,800000.0,b. Visita a familiares y amigos,"e. Casa propia, de familiares o amigos (sin pago)"
1.0,160000.0,h. Trabajo remunerado en otra ciudad,"e. Casa propia, de familiares o amigos (sin pago)"
4.0,5000000.0,a. Vacaciones/recreación/Ocio ,a. Hotel 
3.0,2000000.0,h. Trabajo remunerado en otra ciudad,a. Hotel 
10.0,2000000.0,b. Visita a familiares y amigos,"e. Casa propia, de familiares o amigos (sin pago)"
17.0,20000000.0,a. Vacaciones/recreación/Ocio ,"e. Casa propia, de familiares o amigos (sin pago)"
14.0,630000.0,b. Visita a familiares y amigos,"e. Casa propia, de familiares o amigos (sin pago)"
4.0,650000.0,a. Vacaciones/recreación/Ocio ,d. Inmueble de alquiler (pagos por plataforma dig)
9.0,3000000.0,a. Vacaciones/recreación/Ocio ,b. Hostal
2.0,300000.0,a. Vacaciones/recreación/Ocio ,"e. Casa propia, de familiares o amigos (sin pago)"
15.0,300000.0,b. Visita a familiares y amigos,"e. Casa propia, de familiares o amigos (sin pago)"
8.0,2000000.0,a. Vacaciones/recreación/Ocio ,"e. Casa propia, de familiares o amigos (sin pago)"
5.0,1000000.0,h. Trabajo remunerado en otra ciudad,a. Hotel 
4.0,550000.0,g. Negocios y motivos profesionales,a. Hotel 
15.0,200000.0,b. Visita a familiares y amigos,"e. Casa propia, de familiares o amigos (sin pago)"
5.0,500000.0,b. Visita a familiares y amigos,"e. Casa propia, de familiares o amigos (sin pago)"
2.0,300.0,b. Visita a familiares y amigos,"e. Casa propia, de familiares o amigos (sin pago)"
7.0,2000000.0,a. Vacaciones/recreación/Ocio ,a. Hotel 
3.0,500000.0,b. Visita a familiares y amigos,"e. Casa propia, de familiares o amigos (sin pago)"
4.0,500000.0,a. Vacaciones/recreación/Ocio ,a. Hotel 
7.0,800000.0,b. Visita a familiares y amigos,"e. Casa propia, de familiares o amigos (sin pago)"
4.0,3000000.0,b. Visita a familiares y amigos,"e. Casa propia, de familiares o amigos (sin pago)"
3.0,500000.0,a. Vacaciones/recreación/Ocio ,"e. Casa propia, de familiares o amigos (sin pago)"
2.0,600000.0,i. Otro.,a. Hotel 
2.0,300000.0,b. Visita a familiares y amigos,"e. Casa propia, de familiares o amigos (sin pago)"
4.0,800000.0,b. Visita a familiares y amigos,"e. Casa propia, de familiares o amigos (sin pago)"
6.0,300000.0,b. Visita a familiares y amigos,"e. Casa propia, de familiares o amigos (sin pago)"
3.0,600000.0,a. Vacaciones/recreación/Ocio ,"e. Casa propia, de familiares o amigos (sin pago)"
2.0,100000.0,b. Visita a familiares y amigos,"e. Casa propia, de familiares o amigos (sin pago)"
60.0,1500000.0,a. Vacaciones/recreación/Ocio ,c. Apartahotel
2.0,200000.0,b. Visita a familiares y amigos,"e. Casa propia, de familiares o amigos (sin pago)"
3.0,1000000.0,a. Vacaciones/recreación/Ocio ,"e. Casa propia, de familiares o amigos (sin pago)"
2.0,300000.0,a. Vacaciones/recreación/Ocio ,a. Hotel 
3.0,320000.0,b. Visita a familiares y amigos,"e. Casa propia, de familiares o amigos (sin pago)"
5.0,1200000.0,b. Visita a familiares y amigos,c. Apartahotel
6.0,600000.0,b. Visita a familiares y amigos,"e. Casa propia, de familiares o amigos (sin pago)"
8.0,1000000.0,b. Visita a familiares y amigos,"e. Casa propia, de familiares o amigos (sin pago)"
8.0,2000000.0,a. Vacaciones/recreación/Ocio ,"e. Casa propia, de familiares o amigos (sin pago)"
8.0,300000.0,b. Visita a familiares y amigos,"e. Casa propia, de familiares o amigos (sin pago)"
4.0,700000.0,b. Visita a familiares y amigos,"e. Casa propia, de familiares o amigos (sin pago)"
30.0,500000.0,h. Trabajo remunerado en otra ciudad,f. Otro
2.0,300000.0,a. Vacaciones/recreación/Ocio ,a. Hotel 
4.0,500000.0,a. Vacaciones/recreación/Ocio ,a. Hotel 
4.0,1000000.0,b. Visita a familiares y amigos,"e. Casa propia, de familiares o amigos (sin pago)"
2.0,200000.0,b. Visita a familiares y amigos,"e. Casa propia, de familiares o amigos (sin pago)"
5.0,700000.0,a. Vacaciones/recreación/Ocio ,a. Hotel 
6.0,600000.0,b. Visita a familiares y amigos,"e. Casa propia, de familiares o amigos (sin pago)"
4.0,300000.0,b. Visita a familiares y amigos,"e. Casa propia, de familiares o amigos (sin pago)"
11.0,1000000.0,a. Vacaciones/recreación/Ocio ,"e. Casa propia, de familiares o amigos (sin pago)"
4.0,2000000.0,a. Vacaciones/recreación/Ocio ,a. Hotel 
2.0,60000.0,h. Trabajo remunerado en otra ciudad,b. Hostal
5.0,700000.0,h. Trabajo remunerado en otra ciudad,a. Hotel 
12.0,1500000.0,b. Visita a familiares y amigos,"e. Casa propia, de familiares o amigos (sin pago)"
4.0,2000000.0,a. Vacaciones/recreación/Ocio ,"e. Casa propia, de familiares o amigos (sin pago)"
5.0,800000.0,b. Visita a familiares y amigos,"e. Casa propia, de familiares o amigos (sin pago)"
3.0,500.0,a. Vacaciones/recreación/Ocio ,a. Hotel 
10.0,2200000.0,a. Vacaciones/recreación/Ocio ,b. Hostal
1.0,200000.0,h. Trabajo remunerado en otra ciudad,a. Hotel 
3.0,350000.0,b. Visita a familiares y amigos,"e. Casa propia, de familiares o amigos (sin pago)"
4.0,600000.0,h. Trabajo remunerado en otra ciudad,a. Hotel 
4.0,1500000.0,a. Vacaciones/recreación/Ocio ,a. Hotel 
3.0,200000.0,b. Visita a familiares y amigos,"e. Casa propia, de familiares o amigos (sin pago)"
30.0,3000000.0,a. Vacaciones/recreación/Ocio ,"e. Casa propia, de familiares o amigos (sin pago)"
2.0,300000.0,b. Visita a familiares y amigos,"e. Casa propia, de familiares o amigos (sin pago)"
7.0,2500000.0,a. Vacaciones/recreación/Ocio ,"e. Casa propia, de familiares o amigos (sin pago)"
2.0,520000.0,b. Visita a familiares y amigos,"e. Casa propia, de familiares o amigos (sin pago)"
20.0,300000.0,a. Vacaciones/recreación/Ocio ,"e. Casa propia, de familiares o amigos (sin pago)"
3.0,1000000.0,b. Visita a familiares y amigos,"e. Casa propia, de familiares o amigos (sin pago)"
6.0,600000.0,b. Visita a familiares y amigos,"e. Casa propia, de familiares o amigos (sin pago)"
2.0,260000.0,b. Visita a familiares y amigos,"e. Casa propia, de familiares o amigos (sin pago)"
4.0,600000.0,b. Visita a familiares y amigos,"e. Casa propia, de familiares o amigos (sin pago)"
3.0,600000.0,g. Negocios y motivos profesionales,a. Hotel 
4.0,1000000.0,a. Vacaciones/recreación/Ocio ,a. Hotel 
7.0,300000.0,a. Vacaciones/recreación/Ocio ,"e. Casa propia, de familiares o amigos (sin pago)"
2.0,320000.0,b. Visita a familiares y amigos,"e. Casa propia, de familiares o amigos (sin pago)"
1.0,1000000.0,h. Trabajo remunerado en otra ciudad,a. Hotel 
2.0,200000.0,b. Visita a familiares y amigos,"e. Casa propia, de familiares o amigos (sin pago)"
3.0,2000000.0,a. Vacaciones/recreación/Ocio ,a. Hotel 
2.0,200000.0,b. Visita a familiares y amigos,"e. Casa propia, de familiares o amigos (sin pago)"
6.0,3000000.0,a. Vacaciones/recreación/Ocio ,a. Hotel 
3.0,2000000.0,a. Vacaciones/recreación/Ocio ,a. Hotel 
2.0,300000.0,g. Negocios y motivos profesionales,"e. Casa propia, de familiares o amigos (sin pago)"
5.0,300000.0,g. Negocios y motivos profesionales,a. Hotel 
20.0,1000000.0,a. Vacaciones/recreación/Ocio ,"e. Casa propia, de familiares o amigos (sin pago)"
5.0,3000000.0,a. Vacaciones/recreación/Ocio ,a. Hotel 
8.0,1000000.0,b. Visita a familiares y amigos,"e. Casa propia, de familiares o amigos (sin pago)"
3.0,500000.0,a. Vacaciones/recreación/Ocio ,"e. Casa propia, de familiares o amigos (sin pago)"
4.0,1000000.0,b. Visita a familiares y amigos,"e. Casa propia, de familiares o amigos (sin pago)"
3.0,600000.0,b. Visita a familiares y amigos,"e. Casa propia, de familiares o amigos (sin pago)"
40.0,1000000.0,h. Trabajo remunerado en otra ciudad,a. Hotel 
4.0,400000.0,b. Visita a familiares y amigos,"e. Casa propia, de familiares o amigos (sin pago)"
7.0,500000.0,a. Vacaciones/recreación/Ocio ,a. Hotel 
5.0,800000.0,a. Vacaciones/recreación/Ocio ,"e. Casa propia, de familiares o amigos (sin pago)"
3.0,500000.0,b. Visita a familiares y amigos,"e. Casa propia, de familiares o amigos (sin pago)"
3.0,800000.0,a. Vacaciones/recreación/Ocio ,"e. Casa propia, de familiares o amigos (sin pago)"
3.0,1000000.0,b. Visita a familiares y amigos,"e. Casa propia, de familiares o amigos (sin pago)"
2.0,600000.0,h. Trabajo remunerado en otra ciudad,a. Hotel 
8.0,3000000.0,a. Vacaciones/recreación/Ocio ,"e. Casa propia, de familiares o amigos (sin pago)"
4.0,2000000.0,a. Vacaciones/recreación/Ocio ,a. Hotel 
3.0,500000.0,a. Vacaciones/recreación/Ocio ,a. Hotel 
6.0,2000000.0,a. Vacaciones/recreación/Ocio ,a. Hotel 
1.0,500000.0,h. Trabajo remunerado en otra ciudad,a. Hotel 
2.0,200000.0,h. Trabajo remunerado en otra ciudad,a. Hotel 
2.0,1000000.0,h. Trabajo remunerado en otra ciudad,a. Hotel 
3.0,2000000.0,a. Vacaciones/recreación/Ocio ,a. Hotel 
4.0,2000000.0,a. Vacaciones/recreación/Ocio ,a. Hotel 
4.0,500000.0,b. Visita a familiares y amigos,"e. Casa propia, de familiares o amigos (sin pago)"
5.0,500000.0,b. Visita a familiares y amigos,"e. Casa propia, de familiares o amigos (sin pago)"
15.0,120000.0,h. Trabajo remunerado en otra ciudad,"e. Casa propia, de familiares o amigos (sin pago)"
2.0,1000000.0,b. Visita a familiares y amigos,"e. Casa propia, de familiares o amigos (sin pago)"
4.0,3000000.0,a. Vacaciones/recreación/Ocio ,a. Hotel 
5.0,1000000.0,h. Trabajo remunerado en otra ciudad,b. Hostal
15.0,3000000.0,a. Vacaciones/recreación/Ocio ,a. Hotel 
2.0,500000.0,b. Visita a familiares y amigos,"e. Casa propia, de familiares o amigos (sin pago)"
4.0,1000000.0,b. Visita a familiares y amigos,"e. Casa propia, de familiares o amigos (sin pago)"
4.0,800000.0,b. Visita a familiares y amigos,"e. Casa propia, de familiares o amigos (sin pago)"
8.0,2000000.0,a. Vacaciones/recreación/Ocio ,a. Hotel 
5.0,1000000.0,b. Visita a familiares y amigos,"e. Casa propia, de familiares o amigos (sin pago)"
2.0,500000.0,a. Vacaciones/recreación/Ocio ,a. Hotel 
4.0,400000.0,h. Trabajo remunerado en otra ciudad,a. Hotel 
5.0,2000000.0,a. Vacaciones/recreación/Ocio ,a. Hotel 
15.0,5000000.0,a. Vacaciones/recreación/Ocio ,d. Inmueble de alquiler (pagos por plataforma dig)
12.0,1000000.0,b. Visita a familiares y amigos,"e. Casa propia, de familiares o amigos (sin pago)"
2.0,400000.0,a. Vacaciones/recreación/Ocio ,a. Hotel 
10.0,700000.0,b. Visita a familiares y amigos,"e. Casa propia, de familiares o amigos (sin pago)"
9.0,500000.0,a. Vacaciones/recreación/Ocio ,"e. Casa propia, de familiares o amigos (sin pago)"
3.0,400000.0,b. Visita a familiares y amigos,"e. Casa propia, de familiares o amigos (sin pago)"
3.0,2000000.0,a. Vacaciones/recreación/Ocio ,"e. Casa propia, de familiares o amigos (sin pago)"
4.0,1000000.0,b. Visita a familiares y amigos,"e. Casa propia, de familiares o amigos (sin pago)"
5.0,3000000.0,a. Vacaciones/recreación/Ocio ,a. Hotel 
1.0,400000.0,a. Vacaciones/recreación/Ocio ,a. Hotel 
4.0,2000000.0,a. Vacaciones/recreación/Ocio ,"e. Casa propia, de familiares o amigos (sin pago)"
10.0,300000.0,b. Visita a familiares y amigos,"e. Casa propia, de familiares o amigos (sin pago)"
20.0,20000000.0,a. Vacaciones/recreación/Ocio ,a. Hotel 
4.0,600.0,a. Vacaciones/recreación/Ocio ,"e. Casa propia, de familiares o amigos (sin pago)"
5.0,2000000.0,b. Visita a familiares y amigos,a. Hotel 
4.0,500000.0,b. Visita a familiares y amigos,"e. Casa propia, de familiares o amigos (sin pago)"
4.0,300000.0,a. Vacaciones/recreación/Ocio ,a. Hotel 
4.0,2000000.0,a. Vacaciones/recreación/Ocio ,a. Hotel 
2.0,1000000.0,h. Trabajo remunerado en otra ciudad,a. Hotel 
3.0,800000.0,a. Vacaciones/recreación/Ocio ,a. Hotel 
3.0,600000.0,b. Visita a familiares y amigos,"e. Casa propia, de familiares o amigos (sin pago)"
5.0,800000.0,b. Visita a familiares y amigos,"e. Casa propia, de familiares o amigos (sin pago)"
3.0,500000.0,b. Visita a familiares y amigos,"e. Casa propia, de familiares o amigos (sin pago)"
2.0,600000.0,g. Negocios y motivos profesionales,a. Hotel 
12.0,500000.0,b. Visita a familiares y amigos,d. Inmueble de alquiler (pagos por plataforma dig)
5.0,650000.0,b. Visita a familiares y amigos,"e. Casa propia, de familiares o amigos (sin pago)"
5.0,1500000.0,a. Vacaciones/recreación/Ocio ,b. Hostal
5.0,600000.0,b. Visita a familiares y amigos,"e. Casa propia, de familiares o amigos (sin pago)"
3.0,300000.0,b. Visita a familiares y amigos,"e. Casa propia, de familiares o amigos (sin pago)"
4.0,1500000.0,b. Visita a familiares y amigos,"e. Casa propia, de familiares o amigos (sin pago)"
3.0,1000000.0,a. Vacaciones/recreación/Ocio ,c. Apartahotel
3.0,1200000.0,a. Vacaciones/recreación/Ocio ,b. Hostal
2.0,300000.0,a. Vacaciones/recreación/Ocio ,a. Hotel 
4.0,1000000.0,b. Visita a familiares y amigos,"e. Casa propia, de familiares o amigos (sin pago)"
3.0,400000.0,a. Vacaciones/recreación/Ocio ,"e. Casa propia, de familiares o amigos (sin pago)"
3.0,500000.0,a. Vacaciones/recreación/Ocio ,b. Hostal
8.0,3000000.0,a. Vacaciones/recreación/Ocio ,a. Hotel 
2.0,300000.0,b. Visita a familiares y amigos,"e. Casa propia, de familiares o amigos (sin pago)"
8.0,2000000.0,a. Vacaciones/recreación/Ocio ,a. Hotel 
3.0,500000.0,b. Visita a familiares y amigos,"e. Casa propia, de familiares o amigos (sin pago)"
3.0,1500000.0,b. Visita a familiares y amigos,a. Hotel 
2.0,600000.0,a. Vacaciones/recreación/Ocio ,a. Hotel 
3.0,600000.0,b. Visita a familiares y amigos,"e. Casa propia, de familiares o amigos (sin pago)"
3.0,300000.0,a. Vacaciones/recreación/Ocio ,"e. Casa propia, de familiares o amigos (sin pago)"
15.0,3000000.0,b. Visita a familiares y amigos,"e. Casa propia, de familiares o amigos (sin pago)"
3.0,500000.0,b. Visita a familiares y amigos,"e. Casa propia, de familiares o amigos (sin pago)"
90.0,50000.0,h. Trabajo remunerado en otra ciudad,"e. Casa propia, de familiares o amigos (sin pago)"
6.0,250000.0,b. Visita a familiares y amigos,"e. Casa propia, de familiares o amigos (sin pago)"
5.0,1500000.0,a. Vacaciones/recreación/Ocio ,a. Hotel 
4.0,58000.0,h. Trabajo remunerado en otra ciudad,f. Otro
2.0,1000000.0,h. Trabajo remunerado en otra ciudad,a. Hotel 
3.0,720.0,h. Trabajo remunerado en otra ciudad,a. Hotel 
4.0,1000000.0,a. Vacaciones/recreación/Ocio ,a. Hotel 
3.0,550000.0,a. Vacaciones/recreación/Ocio ,a. Hotel 
3.0,400000.0,a. Vacaciones/recreación/Ocio ,"e. Casa propia, de familiares o amigos (sin pago)"
4.0,2000000.0,a. Vacaciones/recreación/Ocio ,a. Hotel 
2.0,200000.0,b. Visita a familiares y amigos,"e. Casa propia, de familiares o amigos (sin pago)"
15.0,1000000.0,a. Vacaciones/recreación/Ocio ,"e. Casa propia, de familiares o amigos (sin pago)"
6.0,500000.0,b. Visita a familiares y amigos,"e. Casa propia, de familiares o amigos (sin pago)"
3.0,480000.0,b. Visita a familiares y amigos,a. Hotel 
6.0,500000.0,b. Visita a familiares y amigos,"e. Casa propia, de familiares o amigos (sin pago)"
2.0,500000.0,g. Negocios y motivos profesionales,a. Hotel 
2.0,500000.0,b. Visita a familiares y amigos,"e. Casa propia, de familiares o amigos (sin pago)"
4.0,800000.0,b. Visita a familiares y amigos,"e. Casa propia, de familiares o amigos (sin pago)"
6.0,1500000.0,a. Vacaciones/recreación/Ocio ,a. Hotel 
1.0,300000.0,a. Vacaciones/recreación/Ocio ,a. Hotel 
2.0,500000.0,a. Vacaciones/recreación/Ocio ,a. Hotel 
10.0,3000000.0,h. Trabajo remunerado en otra ciudad,a. Hotel 
2.0,400000.0,b. Visita a familiares y amigos,"e. Casa propia, de familiares o amigos (sin pago)"
25.0,1000000.0,h. Trabajo remunerado en otra ciudad,c. Apartahotel
30.0,2000000.0,a. Vacaciones/recreación/Ocio ,"e. Casa propia, de familiares o amigos (sin pago)"
10.0,50000.0,h. Trabajo remunerado en otra ciudad,"e. Casa propia, de familiares o amigos (sin pago)"
8.0,200000.0,h. Trabajo remunerado en otra ciudad,"e. Casa propia, de familiares o amigos (sin pago)"
6.0,3000000.0,a. Vacaciones/recreación/Ocio ,a. Hotel 
3.0,120000.0,a. Vacaciones/recreación/Ocio ,"e. Casa propia, de familiares o amigos (sin pago)"
3.0,32000.0,h. Trabajo remunerado en otra ciudad,f. Otro
2.0,500000.0,b. Visita a familiares y amigos,"e. Casa propia, de familiares o amigos (sin pago)"
4.0,1000000.0,b. Visita a familiares y amigos,"e. Casa propia, de familiares o amigos (sin pago)"
2.0,400000.0,a. Vacaciones/recreación/Ocio ,a. Hotel 
3.0,1200000.0,h. Trabajo remunerado en otra ciudad,a. Hotel 
3.0,300000.0,g. Negocios y motivos profesionales,a. Hotel 
5.0,1500000.0,b. Visita a familiares y amigos,"e. Casa propia, de familiares o amigos (sin pago)"
4.0,2000000.0,a. Vacaciones/recreación/Ocio ,"e. Casa propia, de familiares o amigos (sin pago)"
4.0,700000.0,b. Visita a familiares y amigos,"e. Casa propia, de familiares o amigos (sin pago)"
4.0,700000.0,b. Visita a familiares y amigos,"e. Casa propia, de familiares o amigos (sin pago)"
7.0,150000.0,b. Visita a familiares y amigos,"e. Casa propia, de familiares o amigos (sin pago)"
3.0,2500000.0,a. Vacaciones/recreación/Ocio ,a. Hotel 
14.0,2200000.0,a. Vacaciones/recreación/Ocio ,d. Inmueble de alquiler (pagos por plataforma dig)
30.0,3000000.0,b. Visita a familiares y amigos,"e. Casa propia, de familiares o amigos (sin pago)"
4.0,180000.0,a. Vacaciones/recreación/Ocio ,"e. Casa propia, de familiares o amigos (sin pago)"
3.0,4500000.0,b. Visita a familiares y amigos,"e. Casa propia, de familiares o amigos (sin pago)"
4.0,300000.0,b. Visita a familiares y amigos,"e. Casa propia, de familiares o amigos (sin pago)"
3.0,250000.0,b. Visita a familiares y amigos,"e. Casa propia, de familiares o amigos (sin pago)"
4.0,200000.0,b. Visita a familiares y amigos,"e. Casa propia, de familiares o amigos (sin pago)"
5.0,250000.0,a. Vacaciones/recreación/Ocio ,"e. Casa propia, de familiares o amigos (sin pago)"
2.0,350000.0,b. Visita a familiares y amigos,"e. Casa propia, de familiares o amigos (sin pago)"
15.0,1000000.0,b. Visita a familiares y amigos,"e. Casa propia, de familiares o amigos (sin pago)"
4.0,1500000.0,a. Vacaciones/recreación/Ocio ,"e. Casa propia, de familiares o amigos (sin pago)"
4.0,500000.0,b. Visita a familiares y amigos,"e. Casa propia, de familiares o amigos (sin pago)"
3.0,600.0,b. Visita a familiares y amigos,"e. Casa propia, de familiares o amigos (sin pago)"
3.0,2000000.0,a. Vacaciones/recreación/Ocio ,a. Hotel 
4.0,2000000.0,b. Visita a familiares y amigos,"e. Casa propia, de familiares o amigos (sin pago)"
5.0,1000000.0,b. Visita a familiares y amigos,"e. Casa propia, de familiares o amigos (sin pago)"
7.0,1000000.0,a. Vacaciones/recreación/Ocio ,"e. Casa propia, de familiares o amigos (sin pago)"
2.0,200000.0,a. Vacaciones/recreación/Ocio ,"e. Casa propia, de familiares o amigos (sin pago)"
3.0,500000.0,a. Vacaciones/recreación/Ocio ,"e. Casa propia, de familiares o amigos (sin pago)"
2.0,900000.0,b. Visita a familiares y amigos,"e. Casa propia, de familiares o amigos (sin pago)"
3.0,200000.0,b. Visita a familiares y amigos,"e. Casa propia, de familiares o amigos (sin pago)"
4.0,500000.0,b. Visita a familiares y amigos,"e. Casa propia, de familiares o amigos (sin pago)"
3.0,600000.0,b. Visita a familiares y amigos,"e. Casa propia, de familiares o amigos (sin pago)"
8.0,5000000.0,a. Vacaciones/recreación/Ocio ,"e. Casa propia, de familiares o amigos (sin pago)"
8.0,1600000.0,a. Vacaciones/recreación/Ocio ,a. Hotel 
5.0,800000.0,a. Vacaciones/recreación/Ocio ,d. Inmueble de alquiler (pagos por plataforma dig)
4.0,1200000.0,a. Vacaciones/recreación/Ocio ,a. Hotel 
14.0,2500000.0,a. Vacaciones/recreación/Ocio ,d. Inmueble de alquiler (pagos por plataforma dig)
3.0,400000.0,a. Vacaciones/recreación/Ocio ,"e. Casa propia, de familiares o amigos (sin pago)"
2.0,450000.0,a. Vacaciones/recreación/Ocio ,"e. Casa propia, de familiares o amigos (sin pago)"
4.0,1200000.0,b. Visita a familiares y amigos,"e. Casa propia, de familiares o amigos (sin pago)"
30.0,3000000.0,b. Visita a familiares y amigos,"e. Casa propia, de familiares o amigos (sin pago)"
4.0,2500000.0,a. Vacaciones/recreación/Ocio ,a. Hotel 
4.0,250000.0,a. Vacaciones/recreación/Ocio ,"e. Casa propia, de familiares o amigos (sin pago)"
4.0,2000000.0,a. Vacaciones/recreación/Ocio ,a. Hotel 
4.0,2000000.0,a. Vacaciones/recreación/Ocio ,a. Hotel 
2.0,500000.0,h. Trabajo remunerado en otra ciudad,a. Hotel 
20.0,1500000.0,a. Vacaciones/recreación/Ocio ,"e. Casa propia, de familiares o amigos (sin pago)"
15.0,2000000.0,b. Visita a familiares y amigos,"e. Casa propia, de familiares o amigos (sin pago)"
3.0,60000.0,g. Negocios y motivos profesionales,"e. Casa propia, de familiares o amigos (sin pago)"
15.0,1000000.0,h. Trabajo remunerado en otra ciudad,a. Hotel 
5.0,1000000.0,b. Visita a familiares y amigos,"e. Casa propia, de familiares o amigos (sin pago)"
5.0,3000000.0,a. Vacaciones/recreación/Ocio ,a. Hotel 
5.0,3000000.0,a. Vacaciones/recreación/Ocio ,a. Hotel 
4.0,1000000.0,a. Vacaciones/recreación/Ocio ,a. Hotel 
4.0,800000.0,a. Vacaciones/recreación/Ocio ,"e. Casa propia, de familiares o amigos (sin pago)"
8.0,500000.0,b. Visita a familiares y amigos,"e. Casa propia, de familiares o amigos (sin pago)"
3.0,250.0,b. Visita a familiares y amigos,"e. Casa propia, de familiares o amigos (sin pago)"
4.0,1200000.0,a. Vacaciones/recreación/Ocio ,"e. Casa propia, de familiares o amigos (sin pago)"
2.0,500000.0,b. Visita a familiares y amigos,"e. Casa propia, de familiares o amigos (sin pago)"
8.0,500000.0,e. Religión/Peregrinaciones,"e. Casa propia, de familiares o amigos (sin pago)"
10.0,2000000.0,a. Vacaciones/recreación/Ocio ,a. Hotel 
3.0,500000.0,b. Visita a familiares y amigos,"e. Casa propia, de familiares o amigos (sin pago)"
3.0,1000000.0,b. Visita a familiares y amigos,"e. Casa propia, de familiares o amigos (sin pago)"
1.0,200000.0,b. Visita a familiares y amigos,"e. Casa propia, de familiares o amigos (sin pago)"
22.0,2000000.0,a. Vacaciones/recreación/Ocio ,"e. Casa propia, de familiares o amigos (sin pago)"
4.0,1000000.0,b. Visita a familiares y amigos,"e. Casa propia, de familiares o amigos (sin pago)"
999.0,1500000.0,a. Vacaciones/recreación/Ocio ,"e. Casa propia, de familiares o amigos (sin pago)"
5.0,20000000.0,a. Vacaciones/recreación/Ocio ,a. Hotel 
5.0,1000000.0,b. Visita a familiares y amigos,"e. Casa propia, de familiares o amigos (sin pago)"
6.0,2000000.0,a. Vacaciones/recreación/Ocio ,a. Hotel 
2.0,1500000.0,g. Negocios y motivos profesionales,a. Hotel 
5.0,350000.0,b. Visita a familiares y amigos,"e. Casa propia, de familiares o amigos (sin pago)"
5.0,2000000.0,a. Vacaciones/recreación/Ocio ,b. Hostal
4.0,1000000.0,h. Trabajo remunerado en otra ciudad,a. Hotel 
2.0,100000.0,g. Negocios y motivos profesionales,"e. Casa propia, de familiares o amigos (sin pago)"
4.0,1500000.0,a. Vacaciones/recreación/Ocio ,"e. Casa propia, de familiares o amigos (sin pago)"
3.0,200000.0,a. Vacaciones/recreación/Ocio ,"e. Casa propia, de familiares o amigos (sin pago)"
7.0,1500000.0,a. Vacaciones/recreación/Ocio ,a. Hotel 
5.0,1000000.0,b. Visita a familiares y amigos,a. Hotel 
6.0,2000000.0,a. Vacaciones/recreación/Ocio ,a. Hotel 
3.0,1000000.0,h. Trabajo remunerado en otra ciudad,a. Hotel 
12.0,3000000.0,a. Vacaciones/recreación/Ocio ,a. Hotel 
9.0,700000.0,b. Visita a familiares y amigos,"e. Casa propia, de familiares o amigos (sin pago)"
2.0,800000.0,b. Visita a familiares y amigos,"e. Casa propia, de familiares o amigos (sin pago)"
30.0,10000000.0,a. Vacaciones/recreación/Ocio ,"e. Casa propia, de familiares o amigos (sin pago)"
5.0,320000.0,b. Visita a familiares y amigos,"e. Casa propia, de familiares o amigos (sin pago)"
5.0,1000000.0,b. Visita a familiares y amigos,"e. Casa propia, de familiares o amigos (sin pago)"
7.0,650000.0,a. Vacaciones/recreación/Ocio ,"e. Casa propia, de familiares o amigos (sin pago)"
30.0,300000.0,h. Trabajo remunerado en otra ciudad,f. Otro
13.0,10000000.0,a. Vacaciones/recreación/Ocio ,d. Inmueble de alquiler (pagos por plataforma dig)
4.0,600000.0,b. Visita a familiares y amigos,"e. Casa propia, de familiares o amigos (sin pago)"
4.0,200000.0,b. Visita a familiares y amigos,"e. Casa propia, de familiares o amigos (sin pago)"
2.0,1000000.0,h. Trabajo remunerado en otra ciudad,a. Hotel 
4.0,3000000.0,a. Vacaciones/recreación/Ocio ,a. Hotel 
10.0,50000.0,h. Trabajo remunerado en otra ciudad,f. Otro
3.0,250000.0,b. Visita a familiares y amigos,"e. Casa propia, de familiares o amigos (sin pago)"
30.0,300000.0,c. Educación y formación,"e. Casa propia, de familiares o amigos (sin pago)"
1.0,100000000.0,g. Negocios y motivos profesionales,a. Hotel 
5.0,800000.0,a. Vacaciones/recreación/Ocio ,"e. Casa propia, de familiares o amigos (sin pago)"
8.0,2000000.0,b. Visita a familiares y amigos,d. Inmueble de alquiler (pagos por plataforma dig)
5.0,650000.0,b. Visita a familiares y amigos,"e. Casa propia, de familiares o amigos (sin pago)"
3.0,1.0,b. Visita a familiares y amigos,"e. Casa propia, de familiares o amigos (sin pago)"
10.0,500000.0,b. Visita a familiares y amigos,"e. Casa propia, de familiares o amigos (sin pago)"
4.0,500000.0,b. Visita a familiares y amigos,"e. Casa propia, de familiares o amigos (sin pago)"
4.0,200000.0,a. Vacaciones/recreación/Ocio ,"e. Casa propia, de familiares o amigos (sin pago)"
15.0,1200000.0,b. Visita a familiares y amigos,"e. Casa propia, de familiares o amigos (sin pago)"
4.0,2000000.0,"d. Salud , Bienestar y atención médica",a. Hotel 
2.0,200000.0,b. Visita a familiares y amigos,"e. Casa propia, de familiares o amigos (sin pago)"
5.0,4000000.0,a. Vacaciones/recreación/Ocio ,c. Apartahotel
4.0,800000.0,b. Visita a familiares y amigos,"e. Casa propia, de familiares o amigos (sin pago)"
3.0,2000000.0,a. Vacaciones/recreación/Ocio ,a. Hotel 
4.0,2000000.0,a. Vacaciones/recreación/Ocio ,a. Hotel 
4.0,500000.0,b. Visita a familiares y amigos,"e. Casa propia, de familiares o amigos (sin pago)"
4.0,1500000.0,b. Visita a familiares y amigos,"e. Casa propia, de familiares o amigos (sin pago)"
2.0,300000.0,a. Vacaciones/recreación/Ocio ,"e. Casa propia, de familiares o amigos (sin pago)"
3.0,500000.0,b. Visita a familiares y amigos,"e. Casa propia, de familiares o amigos (sin pago)"
4.0,1000000.0,a. Vacaciones/recreación/Ocio ,a. Hotel 
4.0,500000.0,a. Vacaciones/recreación/Ocio ,"e. Casa propia, de familiares o amigos (sin pago)"
4.0,750000.0,a. Vacaciones/recreación/Ocio ,a. Hotel 
4.0,500000.0,g. Negocios y motivos profesionales,a. Hotel 
7.0,500000.0,a. Vacaciones/recreación/Ocio ,"e. Casa propia, de familiares o amigos (sin pago)"
3.0,500000.0,b. Visita a familiares y amigos,"e. Casa propia, de familiares o amigos (sin pago)"
4.0,300000.0,b. Visita a familiares y amigos,"e. Casa propia, de familiares o amigos (sin pago)"
3.0,2000000.0,a. Vacaciones/recreación/Ocio ,"e. Casa propia, de familiares o amigos (sin pago)"
1.0,600000.0,h. Trabajo remunerado en otra ciudad,a. Hotel 
3.0,300000.0,b. Visita a familiares y amigos,"e. Casa propia, de familiares o amigos (sin pago)"
3.0,800000.0,a. Vacaciones/recreación/Ocio ,a. Hotel 
4.0,800000.0,h. Trabajo remunerado en otra ciudad,a. Hotel 
3.0,1000000.0,b. Visita a familiares y amigos,"e. Casa propia, de familiares o amigos (sin pago)"
20.0,3000000.0,h. Trabajo remunerado en otra ciudad,a. Hotel 
4.0,1500000.0,a. Vacaciones/recreación/Ocio ,a. Hotel 
4.0,1200000.0,b. Visita a familiares y amigos,a. Hotel 
1.0,500000.0,h. Trabajo remunerado en otra ciudad,a. Hotel 
5.0,2500000.0,a. Vacaciones/recreación/Ocio ,a. Hotel 
3.0,500000.0,b. Visita a familiares y amigos,"e. Casa propia, de familiares o amigos (sin pago)"
3.0,900000.0,h. Trabajo remunerado en otra ciudad,a. Hotel 
4.0,700000.0,b. Visita a familiares y amigos,"e. Casa propia, de familiares o amigos (sin pago)"
2.0,800000.0,b. Visita a familiares y amigos,"e. Casa propia, de familiares o amigos (sin pago)"
1.0,200000.0,b. Visita a familiares y amigos,"e. Casa propia, de familiares o amigos (sin pago)"
5.0,1000000.0,b. Visita a familiares y amigos,a. Hotel 
10.0,1000000.0,b. Visita a familiares y amigos,"e. Casa propia, de familiares o amigos (sin pago)"
3.0,250000.0,b. Visita a familiares y amigos,"e. Casa propia, de familiares o amigos (sin pago)"
8.0,3000000.0,a. Vacaciones/recreación/Ocio ,c. Apartahotel
3.0,200000.0,b. Visita a familiares y amigos,"e. Casa propia, de familiares o amigos (sin pago)"
4.0,1000000.0,h. Trabajo remunerado en otra ciudad,a. Hotel 
4.0,1000000.0,a. Vacaciones/recreación/Ocio ,a. Hotel 
8.0,2000000.0,a. Vacaciones/recreación/Ocio ,"e. Casa propia, de familiares o amigos (sin pago)"
5.0,1500000.0,b. Visita a familiares y amigos,"e. Casa propia, de familiares o amigos (sin pago)"
3.0,3000000.0,a. Vacaciones/recreación/Ocio ,a. Hotel 
3.0,1000000.0,a. Vacaciones/recreación/Ocio ,a. Hotel 
1.0,250000.0,h. Trabajo remunerado en otra ciudad,a. Hotel 
4.0,2000000.0,a. Vacaciones/recreación/Ocio ,"e. Casa propia, de familiares o amigos (sin pago)"
15.0,500000.0,g. Negocios y motivos profesionales,"e. Casa propia, de familiares o amigos (sin pago)"
3.0,750000.0,a. Vacaciones/recreación/Ocio ,a. Hotel 
3.0,500000.0,b. Visita a familiares y amigos,"e. Casa propia, de familiares o amigos (sin pago)"
5.0,2000000.0,a. Vacaciones/recreación/Ocio ,a. Hotel 
4.0,650000.0,b. Visita a familiares y amigos,"e. Casa propia, de familiares o amigos (sin pago)"
8.0,1400000.0,h. Trabajo remunerado en otra ciudad,a. Hotel 
3.0,1000000.0,b. Visita a familiares y amigos,d. Inmueble de alquiler (pagos por plataforma dig)
15.0,1500000.0,b. Visita a familiares y amigos,"e. Casa propia, de familiares o amigos (sin pago)"
4.0,250000.0,b. Visita a familiares y amigos,"e. Casa propia, de familiares o amigos (sin pago)"
3.0,3000000.0,a. Vacaciones/recreación/Ocio ,"e. Casa propia, de familiares o amigos (sin pago)"
3.0,1000000.0,a. Vacaciones/recreación/Ocio ,"e. Casa propia, de familiares o amigos (sin pago)"
3.0,3000000.0,b. Visita a familiares y amigos,"e. Casa propia, de familiares o amigos (sin pago)"
3.0,500000.0,a. Vacaciones/recreación/Ocio ,"e. Casa propia, de familiares o amigos (sin pago)"
6.0,500000.0,b. Visita a familiares y amigos,"e. Casa propia, de familiares o amigos (sin pago)"
4.0,500000.0,b. Visita a familiares y amigos,"e. Casa propia, de familiares o amigos (sin pago)"
1.0,200000.0,b. Visita a familiares y amigos,"e. Casa propia, de familiares o amigos (sin pago)"
2.0,500.0,h. Trabajo remunerado en otra ciudad,a. Hotel 
7.0,1000000.0,a. Vacaciones/recreación/Ocio ,a. Hotel 
60.0,3000000.0,b. Visita a familiares y amigos,"e. Casa propia, de familiares o amigos (sin pago)"
4.0,3000000.0,a. Vacaciones/recreación/Ocio ,a. Hotel 
2.0,2000000.0,h. Trabajo remunerado en otra ciudad,a. Hotel 
5.0,2000000.0,a. Vacaciones/recreación/Ocio ,"e. Casa propia, de familiares o amigos (sin pago)"
4.0,300000.0,b. Visita a familiares y amigos,"e. Casa propia, de familiares o amigos (sin pago)"
4.0,600000.0,b. Visita a familiares y amigos,"e. Casa propia, de familiares o amigos (sin pago)"
6.0,1000000.0,a. Vacaciones/recreación/Ocio ,"e. Casa propia, de familiares o amigos (sin pago)"
8.0,3000000.0,a. Vacaciones/recreación/Ocio ,"e. Casa propia, de familiares o amigos (sin pago)"
1.0,300000.0,a. Vacaciones/recreación/Ocio ,a. Hotel 
30.0,2000000.0,b. Visita a familiares y amigos,"e. Casa propia, de familiares o amigos (sin pago)"
2.0,600000.0,b. Visita a familiares y amigos,"e. Casa propia, de familiares o amigos (sin pago)"
3.0,2000000.0,b. Visita a familiares y amigos,"e. Casa propia, de familiares o amigos (sin pago)"
4.0,600000.0,a. Vacaciones/recreación/Ocio ,a. Hotel 
4.0,500000.0,a. Vacaciones/recreación/Ocio ,a. Hotel 
4.0,500000.0,a. Vacaciones/recreación/Ocio ,"e. Casa propia, de familiares o amigos (sin pago)"
2.0,700000.0,a. Vacaciones/recreación/Ocio ,a. Hotel 
30.0,2000000.0,b. Visita a familiares y amigos,"e. Casa propia, de familiares o amigos (sin pago)"
4.0,1000000.0,a. Vacaciones/recreación/Ocio ,a. Hotel 
4.0,800000.0,b. Visita a familiares y amigos,"e. Casa propia, de familiares o amigos (sin pago)"
2.0,3000000.0,b. Visita a familiares y amigos,"e. Casa propia, de familiares o amigos (sin pago)"
7.0,1000000.0,a. Vacaciones/recreación/Ocio ,"e. Casa propia, de familiares o amigos (sin pago)"
3.0,500000.0,g. Negocios y motivos profesionales,a. Hotel 
1.0,150000.0,g. Negocios y motivos profesionales,a. Hotel 
2.0,1000000.0,b. Visita a familiares y amigos,"e. Casa propia, de familiares o amigos (sin pago)"
10.0,800000.0,b. Visita a familiares y amigos,"e. Casa propia, de familiares o amigos (sin pago)"
7.0,1500000.0,a. Vacaciones/recreación/Ocio ,"e. Casa propia, de familiares o amigos (sin pago)"
5.0,2000000.0,a. Vacaciones/recreación/Ocio ,a. Hotel 
5.0,500000.0,h. Trabajo remunerado en otra ciudad,a. Hotel 
5.0,900000.0,a. Vacaciones/recreación/Ocio ,"e. Casa propia, de familiares o amigos (sin pago)"
3.0,200000.0,h. Trabajo remunerado en otra ciudad,a. Hotel 
10.0,1500000.0,a. Vacaciones/recreación/Ocio ,"e. Casa propia, de familiares o amigos (sin pago)"
5.0,3000000.0,a. Vacaciones/recreación/Ocio ,"e. Casa propia, de familiares o amigos (sin pago)"
2.0,1000000.0,g. Negocios y motivos profesionales,a. Hotel 
18.0,600000.0,g. Negocios y motivos profesionales,"e. Casa propia, de familiares o amigos (sin pago)"
4.0,560000.0,a. Vacaciones/recreación/Ocio ,"e. Casa propia, de familiares o amigos (sin pago)"
7.0,3000000.0,h. Trabajo remunerado en otra ciudad,a. Hotel 
5.0,20000000.0,a. Vacaciones/recreación/Ocio ,"e. Casa propia, de familiares o amigos (sin pago)"
5.0,750000.0,b. Visita a familiares y amigos,"e. Casa propia, de familiares o amigos (sin pago)"
2.0,500000.0,a. Vacaciones/recreación/Ocio ,a. Hotel 
2.0,2000000.0,a. Vacaciones/recreación/Ocio ,c. Apartahotel
3.0,600000.0,h. Trabajo remunerado en otra ciudad,a. Hotel 
4.0,500000.0,a. Vacaciones/recreación/Ocio ,a. Hotel 
6.0,1000000.0,b. Visita a familiares y amigos,"e. Casa propia, de familiares o amigos (sin pago)"
6.0,700000.0,b. Visita a familiares y amigos,"e. Casa propia, de familiares o amigos (sin pago)"
3.0,1000000.0,b. Visita a familiares y amigos,"e. Casa propia, de familiares o amigos (sin pago)"
15.0,1500000.0,a. Vacaciones/recreación/Ocio ,a. Hotel 
4.0,2000000.0,a. Vacaciones/recreación/Ocio ,"e. Casa propia, de familiares o amigos (sin pago)"
8.0,1000000.0,a. Vacaciones/recreación/Ocio ,"e. Casa propia, de familiares o amigos (sin pago)"
2.0,1000000.0,h. Trabajo remunerado en otra ciudad,c. Apartahotel
1.0,200000.0,g. Negocios y motivos profesionales,a. Hotel 
5.0,500000.0,b. Visita a familiares y amigos,"e. Casa propia, de familiares o amigos (sin pago)"
3.0,500000.0,a. Vacaciones/recreación/Ocio ,c. Apartahotel
3.0,2000000.0,a. Vacaciones/recreación/Ocio ,a. Hotel 
2.0,300000.0,h. Trabajo remunerado en otra ciudad,a. Hotel 
30.0,500000.0,a. Vacaciones/recreación/Ocio ,"e. Casa propia, de familiares o amigos (sin pago)"
14.0,200000.0,b. Visita a familiares y amigos,"e. Casa propia, de familiares o amigos (sin pago)"
3.0,2000000.0,b. Visita a familiares y amigos,"e. Casa propia, de familiares o amigos (sin pago)"
5.0,3000000.0,a. Vacaciones/recreación/Ocio ,"e. Casa propia, de familiares o amigos (sin pago)"
2.0,600000.0,b. Visita a familiares y amigos,"e. Casa propia, de familiares o amigos (sin pago)"
3.0,500000.0,a. Vacaciones/recreación/Ocio ,"e. Casa propia, de familiares o amigos (sin pago)"
3.0,200000.0,c. Educación y formación,a. Hotel 
10.0,1000000.0,b. Visita a familiares y amigos,"e. Casa propia, de familiares o amigos (sin pago)"
3.0,1000000.0,a. Vacaciones/recreación/Ocio ,"e. Casa propia, de familiares o amigos (sin pago)"
8.0,2000000.0,h. Trabajo remunerado en otra ciudad,c. Apartahotel
2.0,220000.0,b. Visita a familiares y amigos,"e. Casa propia, de familiares o amigos (sin pago)"
9.0,1500000.0,a. Vacaciones/recreación/Ocio ,"e. Casa propia, de familiares o amigos (sin pago)"
2.0,500000.0,b. Visita a familiares y amigos,"e. Casa propia, de familiares o amigos (sin pago)"
2.0,1000000.0,a. Vacaciones/recreación/Ocio ,f. Otro
3.0,600000.0,a. Vacaciones/recreación/Ocio ,"e. Casa propia, de familiares o amigos (sin pago)"
5.0,1000000.0,a. Vacaciones/recreación/Ocio ,a. Hotel 
4.0,2500000.0,a. Vacaciones/recreación/Ocio ,a. Hotel 
3.0,3000000.0,a. Vacaciones/recreación/Ocio ,a. Hotel 
10.0,12000000.0,a. Vacaciones/recreación/Ocio ,a. Hotel 
2.0,30000.0,b. Visita a familiares y amigos,"e. Casa propia, de familiares o amigos (sin pago)"
5.0,150000.0,h. Trabajo remunerado en otra ciudad,c. Apartahotel
20.0,1000000.0,h. Trabajo remunerado en otra ciudad,"e. Casa propia, de familiares o amigos (sin pago)"
2.0,500000.0,a. Vacaciones/recreación/Ocio ,"e. Casa propia, de familiares o amigos (sin pago)"
30.0,2.0,b. Visita a familiares y amigos,"e. Casa propia, de familiares o amigos (sin pago)"
20.0,500000.0,b. Visita a familiares y amigos,"e. Casa propia, de familiares o amigos (sin pago)"
2.0,800000.0,b. Visita a familiares y amigos,"e. Casa propia, de familiares o amigos (sin pago)"
1.0,300000.0,e. Religión/Peregrinaciones,"e. Casa propia, de familiares o amigos (sin pago)"
15.0,2000000.0,c. Educación y formación,"e. Casa propia, de familiares o amigos (sin pago)"
2.0,300000.0,b. Visita a familiares y amigos,"e. Casa propia, de familiares o amigos (sin pago)"
20.0,500000.0,h. Trabajo remunerado en otra ciudad,"e. Casa propia, de familiares o amigos (sin pago)"
1.0,90.0,b. Visita a familiares y amigos,a. Hotel 
3.0,500000.0,b. Visita a familiares y amigos,"e. Casa propia, de familiares o amigos (sin pago)"
3.0,3000000.0,g. Negocios y motivos profesionales,a. Hotel 
5.0,500000.0,b. Visita a familiares y amigos,"e. Casa propia, de familiares o amigos (sin pago)"
30.0,200000.0,b. Visita a familiares y amigos,"e. Casa propia, de familiares o amigos (sin pago)"
5.0,800000.0,b. Visita a familiares y amigos,"e. Casa propia, de familiares o amigos (sin pago)"
10.0,500000.0,b. Visita a familiares y amigos,"e. Casa propia, de familiares o amigos (sin pago)"
1.0,200000.0,b. Visita a familiares y amigos,"e. Casa propia, de familiares o amigos (sin pago)"
10.0,1000000.0,a. Vacaciones/recreación/Ocio ,"e. Casa propia, de familiares o amigos (sin pago)"
5.0,200000.0,b. Visita a familiares y amigos,"e. Casa propia, de familiares o amigos (sin pago)"
3.0,600000.0,b. Visita a familiares y amigos,"e. Casa propia, de familiares o amigos (sin pago)"
3.0,200000.0,a. Vacaciones/recreación/Ocio ,"e. Casa propia, de familiares o amigos (sin pago)"
2.0,1000000.0,a. Vacaciones/recreación/Ocio ,"e. Casa propia, de familiares o amigos (sin pago)"
15.0,1000000.0,a. Vacaciones/recreación/Ocio ,"e. Casa propia, de familiares o amigos (sin pago)"
4.0,200000.0,b. Visita a familiares y amigos,"e. Casa propia, de familiares o amigos (sin pago)"
8.0,1000000.0,a. Vacaciones/recreación/Ocio ,"e. Casa propia, de familiares o amigos (sin pago)"
4.0,150000.0,b. Visita a familiares y amigos,"e. Casa propia, de familiares o amigos (sin pago)"
7.0,300000.0,a. Vacaciones/recreación/Ocio ,"e. Casa propia, de familiares o amigos (sin pago)"
4.0,4000000.0,a. Vacaciones/recreación/Ocio ,"e. Casa propia, de familiares o amigos (sin pago)"
3.0,500000.0,b. Visita a familiares y amigos,"e. Casa propia, de familiares o amigos (sin pago)"
4.0,1200000.0,a. Vacaciones/recreación/Ocio ,"e. Casa propia, de familiares o amigos (sin pago)"
7.0,250000.0,"d. Salud , Bienestar y atención médica",d. Inmueble de alquiler (pagos por plataforma dig)
5.0,300000.0,b. Visita a familiares y amigos,"e. Casa propia, de familiares o amigos (sin pago)"
9.0,1200000.0,a. Vacaciones/recreación/Ocio ,"e. Casa propia, de familiares o amigos (sin pago)"
5.0,600000.0,b. Visita a familiares y amigos,"e. Casa propia, de familiares o amigos (sin pago)"
7.0,500000.0,b. Visita a familiares y amigos,"e. Casa propia, de familiares o amigos (sin pago)"
4.0,3000000.0,b. Visita a familiares y amigos,"e. Casa propia, de familiares o amigos (sin pago)"
5.0,4000000.0,a. Vacaciones/recreación/Ocio ,a. Hotel 
8.0,1500000.0,a. Vacaciones/recreación/Ocio ,"e. Casa propia, de familiares o amigos (sin pago)"
3.0,1000000.0,a. Vacaciones/recreación/Ocio ,a. Hotel 
5.0,1500000.0,a. Vacaciones/recreación/Ocio ,a. Hotel 
5.0,1500000.0,b. Visita a familiares y amigos,"e. Casa propia, de familiares o amigos (sin pago)"
15.0,1000000.0,b. Visita a familiares y amigos,"e. Casa propia, de familiares o amigos (sin pago)"
4.0,100000.0,b. Visita a familiares y amigos,"e. Casa propia, de familiares o amigos (sin pago)"
5.0,2000000.0,a. Vacaciones/recreación/Ocio ,a. Hotel 
5.0,200000.0,b. Visita a familiares y amigos,d. Inmueble de alquiler (pagos por plataforma dig)
14.0,1000000.0,a. Vacaciones/recreación/Ocio ,"e. Casa propia, de familiares o amigos (sin pago)"
5.0,1500000.0,a. Vacaciones/recreación/Ocio ,"e. Casa propia, de familiares o amigos (sin pago)"
5.0,600000.0,a. Vacaciones/recreación/Ocio ,"e. Casa propia, de familiares o amigos (sin pago)"
5.0,600000.0,a. Vacaciones/recreación/Ocio ,"e. Casa propia, de familiares o amigos (sin pago)"
8.0,1200000.0,b. Visita a familiares y amigos,"e. Casa propia, de familiares o amigos (sin pago)"
4.0,1000000.0,g. Negocios y motivos profesionales,a. Hotel 
4.0,1000000.0,b. Visita a familiares y amigos,"e. Casa propia, de familiares o amigos (sin pago)"
5.0,3000000.0,a. Vacaciones/recreación/Ocio ,"e. Casa propia, de familiares o amigos (sin pago)"
40.0,6000000.0,c. Educación y formación,d. Inmueble de alquiler (pagos por plataforma dig)
4.0,2000000.0,a. Vacaciones/recreación/Ocio ,b. Hostal
3.0,1000000.0,a. Vacaciones/recreación/Ocio ,a. Hotel 
10.0,2000000.0,a. Vacaciones/recreación/Ocio ,a. Hotel 
3.0,50000.0,b. Visita a familiares y amigos,"e. Casa propia, de familiares o amigos (sin pago)"
15.0,0.0,a. Vacaciones/recreación/Ocio ,"e. Casa propia, de familiares o amigos (sin pago)"
3.0,500000.0,g. Negocios y motivos profesionales,c. Apartahotel
8.0,2000000.0,b. Visita a familiares y amigos,"e. Casa propia, de familiares o amigos (sin pago)"
5.0,1200000.0,a. Vacaciones/recreación/Ocio ,"e. Casa propia, de familiares o amigos (sin pago)"
4.0,500000.0,b. Visita a familiares y amigos,"e. Casa propia, de familiares o amigos (sin pago)"
10.0,1000000.0,b. Visita a familiares y amigos,"e. Casa propia, de familiares o amigos (sin pago)"
15.0,600000.0,a. Vacaciones/recreación/Ocio ,"e. Casa propia, de familiares o amigos (sin pago)"
2.0,1000000.0,b. Visita a familiares y amigos,"e. Casa propia, de familiares o amigos (sin pago)"
3.0,500000.0,h. Trabajo remunerado en otra ciudad,a. Hotel 
3.0,2000000.0,b. Visita a familiares y amigos,"e. Casa propia, de familiares o amigos (sin pago)"
3.0,800000.0,b. Visita a familiares y amigos,"e. Casa propia, de familiares o amigos (sin pago)"
2.0,800000.0,a. Vacaciones/recreación/Ocio ,a. Hotel 
3.0,2000000.0,b. Visita a familiares y amigos,"e. Casa propia, de familiares o amigos (sin pago)"
3.0,1000000.0,b. Visita a familiares y amigos,"e. Casa propia, de familiares o amigos (sin pago)"
2.0,2000000.0,b. Visita a familiares y amigos,"e. Casa propia, de familiares o amigos (sin pago)"
12.0,2000000.0,a. Vacaciones/recreación/Ocio ,"e. Casa propia, de familiares o amigos (sin pago)"
2.0,200000.0,b. Visita a familiares y amigos,"e. Casa propia, de familiares o amigos (sin pago)"
3.0,2000000.0,a. Vacaciones/recreación/Ocio ,"e. Casa propia, de familiares o amigos (sin pago)"
7.0,4000000.0,a. Vacaciones/recreación/Ocio ,"e. Casa propia, de familiares o amigos (sin pago)"
2.0,50000.0,b. Visita a familiares y amigos,"e. Casa propia, de familiares o amigos (sin pago)"
5.0,1000000.0,b. Visita a familiares y amigos,"e. Casa propia, de familiares o amigos (sin pago)"
3.0,500000.0,a. Vacaciones/recreación/Ocio ,"e. Casa propia, de familiares o amigos (sin pago)"
4.0,1000000.0,b. Visita a familiares y amigos,"e. Casa propia, de familiares o amigos (sin pago)"
6.0,800000.0,a. Vacaciones/recreación/Ocio ,"e. Casa propia, de familiares o amigos (sin pago)"
5.0,2000000.0,a. Vacaciones/recreación/Ocio ,a. Hotel 
4.0,3000000.0,a. Vacaciones/recreación/Ocio ,a. Hotel 
4.0,1200000.0,b. Visita a familiares y amigos,"e. Casa propia, de familiares o amigos (sin pago)"
4.0,1000000.0,a. Vacaciones/recreación/Ocio ,"e. Casa propia, de familiares o amigos (sin pago)"
8.0,2500000.0,a. Vacaciones/recreación/Ocio ,d. Inmueble de alquiler (pagos por plataforma dig)
4.0,3500000.0,a. Vacaciones/recreación/Ocio ,a. Hotel 
3.0,200000.0,h. Trabajo remunerado en otra ciudad,a. Hotel 
3.0,600000.0,b. Visita a familiares y amigos,"e. Casa propia, de familiares o amigos (sin pago)"
3.0,1000000.0,b. Visita a familiares y amigos,"e. Casa propia, de familiares o amigos (sin pago)"
1.0,250000.0,b. Visita a familiares y amigos,"e. Casa propia, de familiares o amigos (sin pago)"
4.0,500000.0,a. Vacaciones/recreación/Ocio ,a. Hotel 
10.0,2500000.0,a. Vacaciones/recreación/Ocio ,c. Apartahotel
3.0,10000000.0,a. Vacaciones/recreación/Ocio ,"e. Casa propia, de familiares o amigos (sin pago)"
4.0,3000000.0,b. Visita a familiares y amigos,"e. Casa propia, de familiares o amigos (sin pago)"
3.0,500000.0,b. Visita a familiares y amigos,"e. Casa propia, de familiares o amigos (sin pago)"
1.0,500000.0,g. Negocios y motivos profesionales,a. Hotel 
60.0,10000000.0,c. Educación y formación,c. Apartahotel
3.0,1000000.0,a. Vacaciones/recreación/Ocio ,"e. Casa propia, de familiares o amigos (sin pago)"
180.0,10000.0,h. Trabajo remunerado en otra ciudad,"e. Casa propia, de familiares o amigos (sin pago)"
3.0,250000.0,b. Visita a familiares y amigos,"e. Casa propia, de familiares o amigos (sin pago)"
4.0,12000000.0,a. Vacaciones/recreación/Ocio ,d. Inmueble de alquiler (pagos por plataforma dig)
5.0,1000000.0,b. Visita a familiares y amigos,"e. Casa propia, de familiares o amigos (sin pago)"
3.0,1000000.0,a. Vacaciones/recreación/Ocio ,"e. Casa propia, de familiares o amigos (sin pago)"
4.0,600000.0,a. Vacaciones/recreación/Ocio ,a. Hotel 
4.0,1000000.0,b. Visita a familiares y amigos,"e. Casa propia, de familiares o amigos (sin pago)"
3.0,1000000.0,b. Visita a familiares y amigos,"e. Casa propia, de familiares o amigos (sin pago)"
3.0,500000.0,a. Vacaciones/recreación/Ocio ,a. Hotel 
15.0,2000000.0,b. Visita a familiares y amigos,"e. Casa propia, de familiares o amigos (sin pago)"
4.0,500000.0,b. Visita a familiares y amigos,"e. Casa propia, de familiares o amigos (sin pago)"
3.0,1500000.0,a. Vacaciones/recreación/Ocio ,a. Hotel 
2.0,600000.0,b. Visita a familiares y amigos,"e. Casa propia, de familiares o amigos (sin pago)"
3.0,400000.0,b. Visita a familiares y amigos,"e. Casa propia, de familiares o amigos (sin pago)"
7.0,1500000.0,a. Vacaciones/recreación/Ocio ,a. Hotel 
6.0,3000000.0,a. Vacaciones/recreación/Ocio ,a. Hotel 
2.0,1000000.0,a. Vacaciones/recreación/Ocio ,a. Hotel 
10.0,700000.0,b. Visita a familiares y amigos,"e. Casa propia, de familiares o amigos (sin pago)"
10.0,1500000.0,b. Visita a familiares y amigos,"e. Casa propia, de familiares o amigos (sin pago)"
6.0,2500000.0,a. Vacaciones/recreación/Ocio ,b. Hostal
2.0,1000000.0,a. Vacaciones/recreación/Ocio ,"e. Casa propia, de familiares o amigos (sin pago)"
10.0,4000000.0,b. Visita a familiares y amigos,"e. Casa propia, de familiares o amigos (sin pago)"
3.0,500000.0,a. Vacaciones/recreación/Ocio ,"e. Casa propia, de familiares o amigos (sin pago)"
2.0,100000.0,b. Visita a familiares y amigos,"e. Casa propia, de familiares o amigos (sin pago)"
3.0,1500000.0,a. Vacaciones/recreación/Ocio ,a. Hotel 
20.0,500.0,b. Visita a familiares y amigos,a. Hotel 
20.0,2500000.0,c. Educación y formación,"e. Casa propia, de familiares o amigos (sin pago)"
5.0,60000.0,h. Trabajo remunerado en otra ciudad,f. Otro
4.0,1000000.0,a. Vacaciones/recreación/Ocio ,a. Hotel 
4.0,650000.0,a. Vacaciones/recreación/Ocio ,"e. Casa propia, de familiares o amigos (sin pago)"
2.0,200000.0,b. Visita a familiares y amigos,"e. Casa propia, de familiares o amigos (sin pago)"
7.0,2000000.0,a. Vacaciones/recreación/Ocio ,a. Hotel 
3.0,200000.0,h. Trabajo remunerado en otra ciudad,a. Hotel 
4.0,1.0,a. Vacaciones/recreación/Ocio ,a. Hotel 
7.0,3500000.0,a. Vacaciones/recreación/Ocio ,a. Hotel 
2.0,400000.0,a. Vacaciones/recreación/Ocio ,"e. Casa propia, de familiares o amigos (sin pago)"
1.0,100000.0,h. Trabajo remunerado en otra ciudad,a. Hotel 
8.0,750000.0,b. Visita a familiares y amigos,"e. Casa propia, de familiares o amigos (sin pago)"
5.0,150000.0,a. Vacaciones/recreación/Ocio ,"e. Casa propia, de familiares o amigos (sin pago)"
3.0,500000.0,b. Visita a familiares y amigos,"e. Casa propia, de familiares o amigos (sin pago)"
3.0,200000.0,a. Vacaciones/recreación/Ocio ,"e. Casa propia, de familiares o amigos (sin pago)"
5.0,1000000.0,a. Vacaciones/recreación/Ocio ,"e. Casa propia, de familiares o amigos (sin pago)"
4.0,2000000.0,a. Vacaciones/recreación/Ocio ,"e. Casa propia, de familiares o amigos (sin pago)"
2.0,2000000.0,b. Visita a familiares y amigos,"e. Casa propia, de familiares o amigos (sin pago)"
4.0,3000000.0,a. Vacaciones/recreación/Ocio ,a. Hotel 
3.0,100000.0,b. Visita a familiares y amigos,"e. Casa propia, de familiares o amigos (sin pago)"
4.0,1500000.0,b. Visita a familiares y amigos,"e. Casa propia, de familiares o amigos (sin pago)"
15.0,100000.0,b. Visita a familiares y amigos,"e. Casa propia, de familiares o amigos (sin pago)"
3.0,500000.0,a. Vacaciones/recreación/Ocio ,a. Hotel 
5.0,150000.0,a. Vacaciones/recreación/Ocio ,"e. Casa propia, de familiares o amigos (sin pago)"
3.0,2000000.0,b. Visita a familiares y amigos,"e. Casa propia, de familiares o amigos (sin pago)"
10.0,3000000.0,b. Visita a familiares y amigos,"e. Casa propia, de familiares o amigos (sin pago)"
5.0,3000000.0,a. Vacaciones/recreación/Ocio ,d. Inmueble de alquiler (pagos por plataforma dig)
4.0,600000.0,b. Visita a familiares y amigos,"e. Casa propia, de familiares o amigos (sin pago)"
3.0,600000.0,b. Visita a familiares y amigos,"e. Casa propia, de familiares o amigos (sin pago)"
6.0,3000000.0,a. Vacaciones/recreación/Ocio ,a. Hotel 
13.0,200000.0,b. Visita a familiares y amigos,"e. Casa propia, de familiares o amigos (sin pago)"
2.0,500000.0,h. Trabajo remunerado en otra ciudad,a. Hotel 
3.0,500000.0,b. Visita a familiares y amigos,"e. Casa propia, de familiares o amigos (sin pago)"
1.0,300000.0,b. Visita a familiares y amigos,"e. Casa propia, de familiares o amigos (sin pago)"
2.0,600000.0,b. Visita a familiares y amigos,"e. Casa propia, de familiares o amigos (sin pago)"
3.0,1000000.0,h. Trabajo remunerado en otra ciudad,"e. Casa propia, de familiares o amigos (sin pago)"
30.0,300.0,b. Visita a familiares y amigos,"e. Casa propia, de familiares o amigos (sin pago)"
60.0,3000000.0,a. Vacaciones/recreación/Ocio ,"e. Casa propia, de familiares o amigos (sin pago)"
15.0,500000.0,b. Visita a familiares y amigos,"e. Casa propia, de familiares o amigos (sin pago)"
2.0,100000.0,b. Visita a familiares y amigos,"e. Casa propia, de familiares o amigos (sin pago)"
5.0,1500000.0,a. Vacaciones/recreación/Ocio ,"e. Casa propia, de familiares o amigos (sin pago)"
7.0,100000.0,a. Vacaciones/recreación/Ocio ,"e. Casa propia, de familiares o amigos (sin pago)"
10.0,6000000.0,a. Vacaciones/recreación/Ocio ,a. Hotel 
2.0,200000.0,b. Visita a familiares y amigos,"e. Casa propia, de familiares o amigos (sin pago)"
11.0,800000.0,b. Visita a familiares y amigos,"e. Casa propia, de familiares o amigos (sin pago)"
3.0,2000000.0,b. Visita a familiares y amigos,"e. Casa propia, de familiares o amigos (sin pago)"
7.0,0.0,b. Visita a familiares y amigos,"e. Casa propia, de familiares o amigos (sin pago)"
2.0,100000.0,b. Visita a familiares y amigos,"e. Casa propia, de familiares o amigos (sin pago)"
2.0,200000.0,b. Visita a familiares y amigos,d. Inmueble de alquiler (pagos por plataforma dig)
9.0,1500000.0,g. Negocios y motivos profesionales,b. Hostal
3.0,200000.0,b. Visita a familiares y amigos,"e. Casa propia, de familiares o amigos (sin pago)"
6.0,1000000.0,b. Visita a familiares y amigos,"e. Casa propia, de familiares o amigos (sin pago)"
8.0,300000.0,b. Visita a familiares y amigos,"e. Casa propia, de familiares o amigos (sin pago)"
5.0,200000.0,a. Vacaciones/recreación/Ocio ,"e. Casa propia, de familiares o amigos (sin pago)"
3.0,800000.0,a. Vacaciones/recreación/Ocio ,a. Hotel 
3.0,1200000.0,a. Vacaciones/recreación/Ocio ,"e. Casa propia, de familiares o amigos (sin pago)"
6.0,2000000.0,a. Vacaciones/recreación/Ocio ,"e. Casa propia, de familiares o amigos (sin pago)"
11.0,650000.0,b. Visita a familiares y amigos,"e. Casa propia, de familiares o amigos (sin pago)"
15.0,1000000.0,b. Visita a familiares y amigos,"e. Casa propia, de familiares o amigos (sin pago)"
8.0,1000000.0,a. Vacaciones/recreación/Ocio ,"e. Casa propia, de familiares o amigos (sin pago)"
5.0,2000000.0,b. Visita a familiares y amigos,"e. Casa propia, de familiares o amigos (sin pago)"
3.0,500000.0,b. Visita a familiares y amigos,"e. Casa propia, de familiares o amigos (sin pago)"
5.0,2000000.0,a. Vacaciones/recreación/Ocio ,"e. Casa propia, de familiares o amigos (sin pago)"
5.0,580000.0,b. Visita a familiares y amigos,"e. Casa propia, de familiares o amigos (sin pago)"
45.0,1000000.0,a. Vacaciones/recreación/Ocio ,"e. Casa propia, de familiares o amigos (sin pago)"
7.0,500000.0,b. Visita a familiares y amigos,"e. Casa propia, de familiares o amigos (sin pago)"
8.0,6000000.0,b. Visita a familiares y amigos,a. Hotel 
8.0,3000000.0,b. Visita a familiares y amigos,"e. Casa propia, de familiares o amigos (sin pago)"
7.0,500000.0,b. Visita a familiares y amigos,"e. Casa propia, de familiares o amigos (sin pago)"
7.0,5000000.0,a. Vacaciones/recreación/Ocio ,a. Hotel 
4.0,1300000.0,a. Vacaciones/recreación/Ocio ,c. Apartahotel
2.0,1000000.0,b. Visita a familiares y amigos,"e. Casa propia, de familiares o amigos (sin pago)"
5.0,700000.0,a. Vacaciones/recreación/Ocio ,"e. Casa propia, de familiares o amigos (sin pago)"
1.0,600000.0,a. Vacaciones/recreación/Ocio ,"e. Casa propia, de familiares o amigos (sin pago)"
4.0,300000.0,a. Vacaciones/recreación/Ocio ,"e. Casa propia, de familiares o amigos (sin pago)"
4.0,1000000.0,b. Visita a familiares y amigos,"e. Casa propia, de familiares o amigos (sin pago)"
6.0,1000000.0,a. Vacaciones/recreación/Ocio ,"e. Casa propia, de familiares o amigos (sin pago)"
3.0,1000000.0,h. Trabajo remunerado en otra ciudad,"e. Casa propia, de familiares o amigos (sin pago)"
2.0,2000000.0,a. Vacaciones/recreación/Ocio ,a. Hotel 
1.0,800000.0,h. Trabajo remunerado en otra ciudad,a. Hotel 
3.0,600000.0,b. Visita a familiares y amigos,"e. Casa propia, de familiares o amigos (sin pago)"
4.0,1000000.0,a. Vacaciones/recreación/Ocio ,a. Hotel 
4.0,2000000.0,a. Vacaciones/recreación/Ocio ,a. Hotel 
5.0,3000000.0,a. Vacaciones/recreación/Ocio ,a. Hotel 
5.0,2000000.0,a. Vacaciones/recreación/Ocio ,"e. Casa propia, de familiares o amigos (sin pago)"
11.0,15000000.0,h. Trabajo remunerado en otra ciudad,d. Inmueble de alquiler (pagos por plataforma dig)
2.0,2000000.0,h. Trabajo remunerado en otra ciudad,a. Hotel 
10.0,850000.0,b. Visita a familiares y amigos,"e. Casa propia, de familiares o amigos (sin pago)"
14.0,300000.0,b. Visita a familiares y amigos,"e. Casa propia, de familiares o amigos (sin pago)"
3.0,1000000.0,h. Trabajo remunerado en otra ciudad,a. Hotel 
4.0,10000000.0,a. Vacaciones/recreación/Ocio ,a. Hotel 
8.0,1500000.0,a. Vacaciones/recreación/Ocio ,c. Apartahotel
5.0,3000000.0,a. Vacaciones/recreación/Ocio ,a. Hotel 
5.0,3000000.0,b. Visita a familiares y amigos,"e. Casa propia, de familiares o amigos (sin pago)"
5.0,2000000.0,a. Vacaciones/recreación/Ocio ,a. Hotel 
6.0,1000000.0,b. Visita a familiares y amigos,"e. Casa propia, de familiares o amigos (sin pago)"
1.0,0.0,a. Vacaciones/recreación/Ocio ,"e. Casa propia, de familiares o amigos (sin pago)"
15.0,2000000.0,a. Vacaciones/recreación/Ocio ,"e. Casa propia, de familiares o amigos (sin pago)"
2.0,500000.0,a. Vacaciones/recreación/Ocio ,"e. Casa propia, de familiares o amigos (sin pago)"
2.0,300000.0,b. Visita a familiares y amigos,"e. Casa propia, de familiares o amigos (sin pago)"
4.0,500000.0,a. Vacaciones/recreación/Ocio ,"e. Casa propia, de familiares o amigos (sin pago)"
5.0,1000000.0,h. Trabajo remunerado en otra ciudad,a. Hotel 
5.0,2000000.0,a. Vacaciones/recreación/Ocio ,"e. Casa propia, de familiares o amigos (sin pago)"
3.0,500000.0,a. Vacaciones/recreación/Ocio ,"e. Casa propia, de familiares o amigos (sin pago)"
4.0,500000.0,a. Vacaciones/recreación/Ocio ,"e. Casa propia, de familiares o amigos (sin pago)"
2.0,500000.0,a. Vacaciones/recreación/Ocio ,a. Hotel 
2.0,600000.0,h. Trabajo remunerado en otra ciudad,a. Hotel 
4.0,4000000.0,b. Visita a familiares y amigos,a. Hotel 
10.0,300000.0,a. Vacaciones/recreación/Ocio ,"e. Casa propia, de familiares o amigos (sin pago)"
4.0,1000000.0,a. Vacaciones/recreación/Ocio ,a. Hotel 
7.0,1000000.0,b. Visita a familiares y amigos,"e. Casa propia, de familiares o amigos (sin pago)"
2.0,600000.0,b. Visita a familiares y amigos,"e. Casa propia, de familiares o amigos (sin pago)"
4.0,2000000.0,b. Visita a familiares y amigos,"e. Casa propia, de familiares o amigos (sin pago)"
3.0,600.0,h. Trabajo remunerado en otra ciudad,"e. Casa propia, de familiares o amigos (sin pago)"
2.0,500000.0,b. Visita a familiares y amigos,"e. Casa propia, de familiares o amigos (sin pago)"
10.0,1000000.0,a. Vacaciones/recreación/Ocio ,"e. Casa propia, de familiares o amigos (sin pago)"
5.0,3000000.0,a. Vacaciones/recreación/Ocio ,"e. Casa propia, de familiares o amigos (sin pago)"
5.0,1000000.0,a. Vacaciones/recreación/Ocio ,"e. Casa propia, de familiares o amigos (sin pago)"
30.0,700000.0,b. Visita a familiares y amigos,"e. Casa propia, de familiares o amigos (sin pago)"
2.0,200000.0,b. Visita a familiares y amigos,"e. Casa propia, de familiares o amigos (sin pago)"
12.0,4000000.0,g. Negocios y motivos profesionales,a. Hotel 
4.0,2500000.0,a. Vacaciones/recreación/Ocio ,a. Hotel 
3.0,600000.0,b. Visita a familiares y amigos,"e. Casa propia, de familiares o amigos (sin pago)"
3.0,600000.0,b. Visita a familiares y amigos,"e. Casa propia, de familiares o amigos (sin pago)"
6.0,150000.0,a. Vacaciones/recreación/Ocio ,"e. Casa propia, de familiares o amigos (sin pago)"
5.0,1000000.0,a. Vacaciones/recreación/Ocio ,"e. Casa propia, de familiares o amigos (sin pago)"
3.0,3000000.0,a. Vacaciones/recreación/Ocio ,a. Hotel 
2.0,1000000.0,b. Visita a familiares y amigos,"e. Casa propia, de familiares o amigos (sin pago)"
15.0,5000000.0,a. Vacaciones/recreación/Ocio ,d. Inmueble de alquiler (pagos por plataforma dig)
3.0,200000.0,a. Vacaciones/recreación/Ocio ,"e. Casa propia, de familiares o amigos (sin pago)"
3.0,200000.0,a. Vacaciones/recreación/Ocio ,"e. Casa propia, de familiares o amigos (sin pago)"
3.0,2500000.0,b. Visita a familiares y amigos,"e. Casa propia, de familiares o amigos (sin pago)"
3.0,400000.0,a. Vacaciones/recreación/Ocio ,"e. Casa propia, de familiares o amigos (sin pago)"
6.0,1000000.0,b. Visita a familiares y amigos,"e. Casa propia, de familiares o amigos (sin pago)"
6.0,1000000.0,a. Vacaciones/recreación/Ocio ,d. Inmueble de alquiler (pagos por plataforma dig)
2.0,500000.0,b. Visita a familiares y amigos,"e. Casa propia, de familiares o amigos (sin pago)"
7.0,1000000.0,b. Visita a familiares y amigos,"e. Casa propia, de familiares o amigos (sin pago)"
4.0,800000.0,b. Visita a familiares y amigos,"e. Casa propia, de familiares o amigos (sin pago)"
1.0,150000.0,b. Visita a familiares y amigos,"e. Casa propia, de familiares o amigos (sin pago)"
4.0,300.0,a. Vacaciones/recreación/Ocio ,"e. Casa propia, de familiares o amigos (sin pago)"
2.0,750000.0,a. Vacaciones/recreación/Ocio ,"e. Casa propia, de familiares o amigos (sin pago)"
3.0,500000.0,h. Trabajo remunerado en otra ciudad,a. Hotel 
8.0,1500000.0,a. Vacaciones/recreación/Ocio ,"e. Casa propia, de familiares o amigos (sin pago)"
3.0,150000.0,b. Visita a familiares y amigos,"e. Casa propia, de familiares o amigos (sin pago)"
5.0,1000000.0,b. Visita a familiares y amigos,"e. Casa propia, de familiares o amigos (sin pago)"
3.0,1000000.0,a. Vacaciones/recreación/Ocio ,"e. Casa propia, de familiares o amigos (sin pago)"
10.0,1000000.0,a. Vacaciones/recreación/Ocio ,"e. Casa propia, de familiares o amigos (sin pago)"
3.0,1000000.0,a. Vacaciones/recreación/Ocio ,"e. Casa propia, de familiares o amigos (sin pago)"
5.0,5000000.0,a. Vacaciones/recreación/Ocio ,a. Hotel 
2.0,300000.0,e. Religión/Peregrinaciones,"e. Casa propia, de familiares o amigos (sin pago)"
5.0,300.0,b. Visita a familiares y amigos,"e. Casa propia, de familiares o amigos (sin pago)"
7.0,1000000.0,a. Vacaciones/recreación/Ocio ,"e. Casa propia, de familiares o amigos (sin pago)"
7.0,600000.0,a. Vacaciones/recreación/Ocio ,c. Apartahotel
3.0,100000.0,a. Vacaciones/recreación/Ocio ,"e. Casa propia, de familiares o amigos (sin pago)"
30.0,3000000.0,g. Negocios y motivos profesionales,"e. Casa propia, de familiares o amigos (sin pago)"
5.0,3000000.0,b. Visita a familiares y amigos,"e. Casa propia, de familiares o amigos (sin pago)"
3.0,200000.0,h. Trabajo remunerado en otra ciudad,c. Apartahotel
8.0,800000.0,b. Visita a familiares y amigos,"e. Casa propia, de familiares o amigos (sin pago)"
15.0,2000000.0,a. Vacaciones/recreación/Ocio ,"e. Casa propia, de familiares o amigos (sin pago)"
5.0,2000000.0,a. Vacaciones/recreación/Ocio ,"e. Casa propia, de familiares o amigos (sin pago)"
5.0,600.0,a. Vacaciones/recreación/Ocio ,"e. Casa propia, de familiares o amigos (sin pago)"
4.0,800000.0,a. Vacaciones/recreación/Ocio ,"e. Casa propia, de familiares o amigos (sin pago)"
3.0,1500000.0,b. Visita a familiares y amigos,"e. Casa propia, de familiares o amigos (sin pago)"
3.0,500000.0,b. Visita a familiares y amigos,"e. Casa propia, de familiares o amigos (sin pago)"
7.0,1000000.0,b. Visita a familiares y amigos,"e. Casa propia, de familiares o amigos (sin pago)"
15.0,700000.0,a. Vacaciones/recreación/Ocio ,"e. Casa propia, de familiares o amigos (sin pago)"
3.0,1500000.0,a. Vacaciones/recreación/Ocio ,a. Hotel 
30.0,500000.0,b. Visita a familiares y amigos,"e. Casa propia, de familiares o amigos (sin pago)"
3.0,400000.0,h. Trabajo remunerado en otra ciudad,a. Hotel 
2.0,200000.0,b. Visita a familiares y amigos,a. Hotel 
3.0,3000000.0,b. Visita a familiares y amigos,"e. Casa propia, de familiares o amigos (sin pago)"
3.0,2000000.0,b. Visita a familiares y amigos,"e. Casa propia, de familiares o amigos (sin pago)"
5.0,1000000.0,b. Visita a familiares y amigos,"e. Casa propia, de familiares o amigos (sin pago)"
2.0,1000000.0,b. Visita a familiares y amigos,"e. Casa propia, de familiares o amigos (sin pago)"
7.0,1000000.0,b. Visita a familiares y amigos,"e. Casa propia, de familiares o amigos (sin pago)"
3.0,500000.0,b. Visita a familiares y amigos,"e. Casa propia, de familiares o amigos (sin pago)"
4.0,700000.0,a. Vacaciones/recreación/Ocio ,a. Hotel 
10.0,400000.0,b. Visita a familiares y amigos,"e. Casa propia, de familiares o amigos (sin pago)"
3.0,1000000.0,b. Visita a familiares y amigos,"e. Casa propia, de familiares o amigos (sin pago)"
3.0,200000.0,b. Visita a familiares y amigos,"e. Casa propia, de familiares o amigos (sin pago)"
2.0,1100000.0,a. Vacaciones/recreación/Ocio ,a. Hotel 
3.0,1500000.0,a. Vacaciones/recreación/Ocio ,"e. Casa propia, de familiares o amigos (sin pago)"
5.0,1200000.0,b. Visita a familiares y amigos,"e. Casa propia, de familiares o amigos (sin pago)"
2.0,500000.0,a. Vacaciones/recreación/Ocio ,c. Apartahotel
4.0,8000000.0,a. Vacaciones/recreación/Ocio ,a. Hotel 
5.0,300000.0,a. Vacaciones/recreación/Ocio ,"e. Casa propia, de familiares o amigos (sin pago)"
1.0,160.0,h. Trabajo remunerado en otra ciudad,a. Hotel 
1.0,300.0,b. Visita a familiares y amigos,a. Hotel 
2.0,500000.0,a. Vacaciones/recreación/Ocio ,a. Hotel 
15.0,1000000.0,a. Vacaciones/recreación/Ocio ,"e. Casa propia, de familiares o amigos (sin pago)"
7.0,4000000.0,a. Vacaciones/recreación/Ocio ,a. Hotel 
25.0,150000.0,b. Visita a familiares y amigos,"e. Casa propia, de familiares o amigos (sin pago)"
5.0,1000000.0,a. Vacaciones/recreación/Ocio ,a. Hotel 
2.0,600000.0,a. Vacaciones/recreación/Ocio ,"e. Casa propia, de familiares o amigos (sin pago)"
6.0,2000000.0,a. Vacaciones/recreación/Ocio ,"e. Casa propia, de familiares o amigos (sin pago)"
30.0,0.0,a. Vacaciones/recreación/Ocio ,"e. Casa propia, de familiares o amigos (sin pago)"
3.0,1000000.0,a. Vacaciones/recreación/Ocio ,"e. Casa propia, de familiares o amigos (sin pago)"
4.0,600000.0,a. Vacaciones/recreación/Ocio ,"e. Casa propia, de familiares o amigos (sin pago)"
4.0,1500000.0,a. Vacaciones/recreación/Ocio ,a. Hotel 
2.0,500000.0,b. Visita a familiares y amigos,"e. Casa propia, de familiares o amigos (sin pago)"
2.0,1000000.0,g. Negocios y motivos profesionales,a. Hotel 
3.0,500000.0,a. Vacaciones/recreación/Ocio ,"e. Casa propia, de familiares o amigos (sin pago)"
2.0,200000.0,e. Religión/Peregrinaciones,"e. Casa propia, de familiares o amigos (sin pago)"
8.0,800000.0,b. Visita a familiares y amigos,"e. Casa propia, de familiares o amigos (sin pago)"
6.0,6000000.0,a. Vacaciones/recreación/Ocio ,d. Inmueble de alquiler (pagos por plataforma dig)
5.0,600.0,b. Visita a familiares y amigos,"e. Casa propia, de familiares o amigos (sin pago)"
3.0,500000.0,b. Visita a familiares y amigos,"e. Casa propia, de familiares o amigos (sin pago)"
3.0,500000.0,b. Visita a familiares y amigos,"e. Casa propia, de familiares o amigos (sin pago)"
14.0,500000.0,b. Visita a familiares y amigos,"e. Casa propia, de familiares o amigos (sin pago)"
4.0,2000000.0,b. Visita a familiares y amigos,"e. Casa propia, de familiares o amigos (sin pago)"
3.0,600000.0,a. Vacaciones/recreación/Ocio ,a. Hotel 
7.0,2000000.0,a. Vacaciones/recreación/Ocio ,"e. Casa propia, de familiares o amigos (sin pago)"
15.0,2000000.0,a. Vacaciones/recreación/Ocio ,"e. Casa propia, de familiares o amigos (sin pago)"
5.0,1000000.0,b. Visita a familiares y amigos,"e. Casa propia, de familiares o amigos (sin pago)"
3.0,2000000.0,a. Vacaciones/recreación/Ocio ,a. Hotel 
4.0,2000000.0,b. Visita a familiares y amigos,"e. Casa propia, de familiares o amigos (sin pago)"
2.0,350000.0,b. Visita a familiares y amigos,"e. Casa propia, de familiares o amigos (sin pago)"
1.0,400000.0,b. Visita a familiares y amigos,a. Hotel 
2.0,500000.0,a. Vacaciones/recreación/Ocio ,"e. Casa propia, de familiares o amigos (sin pago)"
3.0,120000.0,b. Visita a familiares y amigos,"e. Casa propia, de familiares o amigos (sin pago)"
3.0,500000.0,b. Visita a familiares y amigos,"e. Casa propia, de familiares o amigos (sin pago)"
4.0,2000000.0,b. Visita a familiares y amigos,"e. Casa propia, de familiares o amigos (sin pago)"
2.0,100000.0,h. Trabajo remunerado en otra ciudad,a. Hotel 
3.0,2000000.0,a. Vacaciones/recreación/Ocio ,a. Hotel 
2.0,3000000.0,a. Vacaciones/recreación/Ocio ,a. Hotel 
10.0,600000.0,b. Visita a familiares y amigos,"e. Casa propia, de familiares o amigos (sin pago)"
2.0,450000.0,b. Visita a familiares y amigos,"e. Casa propia, de familiares o amigos (sin pago)"
4.0,2000000.0,a. Vacaciones/recreación/Ocio ,a. Hotel 
3.0,800000.0,a. Vacaciones/recreación/Ocio ,"e. Casa propia, de familiares o amigos (sin pago)"
3.0,500.0,a. Vacaciones/recreación/Ocio ,a. Hotel 
6.0,300000.0,b. Visita a familiares y amigos,"e. Casa propia, de familiares o amigos (sin pago)"
5.0,2500000.0,a. Vacaciones/recreación/Ocio ,a. Hotel 
6.0,800000.0,b. Visita a familiares y amigos,"e. Casa propia, de familiares o amigos (sin pago)"
5.0,3500000.0,a. Vacaciones/recreación/Ocio ,d. Inmueble de alquiler (pagos por plataforma dig)
5.0,4000000.0,b. Visita a familiares y amigos,a. Hotel 
12.0,500000.0,b. Visita a familiares y amigos,"e. Casa propia, de familiares o amigos (sin pago)"
15.0,2000000.0,b. Visita a familiares y amigos,"e. Casa propia, de familiares o amigos (sin pago)"
3.0,2000000.0,a. Vacaciones/recreación/Ocio ,a. Hotel 
2.0,500000.0,b. Visita a familiares y amigos,"e. Casa propia, de familiares o amigos (sin pago)"
30.0,300000.0,a. Vacaciones/recreación/Ocio ,"e. Casa propia, de familiares o amigos (sin pago)"
3.0,1000000.0,b. Visita a familiares y amigos,"e. Casa propia, de familiares o amigos (sin pago)"
3.0,500000.0,a. Vacaciones/recreación/Ocio ,"e. Casa propia, de familiares o amigos (sin pago)"
3.0,2000000.0,a. Vacaciones/recreación/Ocio ,a. Hotel 
9.0,1000000.0,b. Visita a familiares y amigos,"e. Casa propia, de familiares o amigos (sin pago)"
5.0,500000.0,b. Visita a familiares y amigos,"e. Casa propia, de familiares o amigos (sin pago)"
8.0,2000000.0,b. Visita a familiares y amigos,"e. Casa propia, de familiares o amigos (sin pago)"
5.0,2000000.0,a. Vacaciones/recreación/Ocio ,a. Hotel 
2.0,30000.0,b. Visita a familiares y amigos,"e. Casa propia, de familiares o amigos (sin pago)"
3.0,2000000.0,a. Vacaciones/recreación/Ocio ,a. Hotel 
6.0,520000.0,b. Visita a familiares y amigos,"e. Casa propia, de familiares o amigos (sin pago)"
4.0,500000.0,b. Visita a familiares y amigos,"e. Casa propia, de familiares o amigos (sin pago)"
2.0,150000.0,e. Religión/Peregrinaciones,"e. Casa propia, de familiares o amigos (sin pago)"
30.0,3000000.0,b. Visita a familiares y amigos,"e. Casa propia, de familiares o amigos (sin pago)"
1.0,800000.0,g. Negocios y motivos profesionales,a. Hotel 
4.0,500000.0,a. Vacaciones/recreación/Ocio ,a. Hotel 
4.0,3000000.0,b. Visita a familiares y amigos,"e. Casa propia, de familiares o amigos (sin pago)"
1.0,400000.0,h. Trabajo remunerado en otra ciudad,a. Hotel 
30.0,500000.0,b. Visita a familiares y amigos,"e. Casa propia, de familiares o amigos (sin pago)"
2.0,500000.0,a. Vacaciones/recreación/Ocio ,"e. Casa propia, de familiares o amigos (sin pago)"
2.0,500000.0,a. Vacaciones/recreación/Ocio ,"e. Casa propia, de familiares o amigos (sin pago)"
4.0,2000000.0,a. Vacaciones/recreación/Ocio ,a. Hotel 
5.0,2000000.0,b. Visita a familiares y amigos,"e. Casa propia, de familiares o amigos (sin pago)"
3.0,2000000.0,a. Vacaciones/recreación/Ocio ,d. Inmueble de alquiler (pagos por plataforma dig)
15.0,2000000.0,b. Visita a familiares y amigos,"e. Casa propia, de familiares o amigos (sin pago)"
15.0,2000000.0,a. Vacaciones/recreación/Ocio ,"e. Casa propia, de familiares o amigos (sin pago)"
14.0,400000.0,a. Vacaciones/recreación/Ocio ,"e. Casa propia, de familiares o amigos (sin pago)"
7.0,500000.0,b. Visita a familiares y amigos,"e. Casa propia, de familiares o amigos (sin pago)"
3.0,8000000.0,a. Vacaciones/recreación/Ocio ,a. Hotel 
4.0,600000.0,b. Visita a familiares y amigos,"e. Casa propia, de familiares o amigos (sin pago)"
2.0,1000000.0,b. Visita a familiares y amigos,a. Hotel 
4.0,2000000.0,a. Vacaciones/recreación/Ocio ,"e. Casa propia, de familiares o amigos (sin pago)"
2.0,250000.0,b. Visita a familiares y amigos,"e. Casa propia, de familiares o amigos (sin pago)"
4.0,600000.0,a. Vacaciones/recreación/Ocio ,"e. Casa propia, de familiares o amigos (sin pago)"
3.0,500000.0,b. Visita a familiares y amigos,"e. Casa propia, de familiares o amigos (sin pago)"
4.0,300000.0,b. Visita a familiares y amigos,"e. Casa propia, de familiares o amigos (sin pago)"
3.0,400000.0,h. Trabajo remunerado en otra ciudad,a. Hotel 
4.0,120000.0,b. Visita a familiares y amigos,"e. Casa propia, de familiares o amigos (sin pago)"
44.0,5000000.0,a. Vacaciones/recreación/Ocio ,"e. Casa propia, de familiares o amigos (sin pago)"
4.0,2000000.0,a. Vacaciones/recreación/Ocio ,"e. Casa propia, de familiares o amigos (sin pago)"
5.0,2000000.0,b. Visita a familiares y amigos,"e. Casa propia, de familiares o amigos (sin pago)"
3.0,500000.0,b. Visita a familiares y amigos,"e. Casa propia, de familiares o amigos (sin pago)"
2.0,650000.0,h. Trabajo remunerado en otra ciudad,a. Hotel 
3.0,2000000.0,a. Vacaciones/recreación/Ocio ,"e. Casa propia, de familiares o amigos (sin pago)"
6.0,300000.0,b. Visita a familiares y amigos,"e. Casa propia, de familiares o amigos (sin pago)"
3.0,450000.0,b. Visita a familiares y amigos,"e. Casa propia, de familiares o amigos (sin pago)"
3.0,500000.0,b. Visita a familiares y amigos,"e. Casa propia, de familiares o amigos (sin pago)"
7.0,2000000.0,a. Vacaciones/recreación/Ocio ,"e. Casa propia, de familiares o amigos (sin pago)"
2.0,350000.0,h. Trabajo remunerado en otra ciudad,a. Hotel 
10.0,5.0,g. Negocios y motivos profesionales,a. Hotel 
2.0,400000.0,b. Visita a familiares y amigos,"e. Casa propia, de familiares o amigos (sin pago)"
3.0,2000000.0,a. Vacaciones/recreación/Ocio ,"e. Casa propia, de familiares o amigos (sin pago)"
4.0,500000.0,b. Visita a familiares y amigos,a. Hotel 
3.0,2000000.0,b. Visita a familiares y amigos,"e. Casa propia, de familiares o amigos (sin pago)"
1.0,100.0,b. Visita a familiares y amigos,"e. Casa propia, de familiares o amigos (sin pago)"
8.0,3000000.0,a. Vacaciones/recreación/Ocio ,a. Hotel 
2.0,500000.0,a. Vacaciones/recreación/Ocio ,"e. Casa propia, de familiares o amigos (sin pago)"
4.0,3000000.0,a. Vacaciones/recreación/Ocio ,"e. Casa propia, de familiares o amigos (sin pago)"
2.0,600000.0,e. Religión/Peregrinaciones,"e. Casa propia, de familiares o amigos (sin pago)"
2.0,300000.0,a. Vacaciones/recreación/Ocio ,a. Hotel 
2.0,1000000.0,b. Visita a familiares y amigos,"e. Casa propia, de familiares o amigos (sin pago)"
5.0,1500000.0,b. Visita a familiares y amigos,"e. Casa propia, de familiares o amigos (sin pago)"
1.0,1000000.0,h. Trabajo remunerado en otra ciudad,a. Hotel 
3.0,500000.0,b. Visita a familiares y amigos,"e. Casa propia, de familiares o amigos (sin pago)"
10.0,1000000.0,b. Visita a familiares y amigos,"e. Casa propia, de familiares o amigos (sin pago)"
2.0,800000.0,b. Visita a familiares y amigos,d. Inmueble de alquiler (pagos por plataforma dig)
2.0,300000.0,b. Visita a familiares y amigos,"e. Casa propia, de familiares o amigos (sin pago)"
8.0,600000.0,b. Visita a familiares y amigos,"e. Casa propia, de familiares o amigos (sin pago)"
6.0,1500000.0,a. Vacaciones/recreación/Ocio ,a. Hotel 
5.0,1000000.0,a. Vacaciones/recreación/Ocio ,"e. Casa propia, de familiares o amigos (sin pago)"
6.0,2500000.0,a. Vacaciones/recreación/Ocio ,a. Hotel 
2.0,250000.0,g. Negocios y motivos profesionales,"e. Casa propia, de familiares o amigos (sin pago)"
5.0,2000000.0,a. Vacaciones/recreación/Ocio ,"e. Casa propia, de familiares o amigos (sin pago)"
2.0,100000.0,f. Compras,"e. Casa propia, de familiares o amigos (sin pago)"
8.0,1500000.0,b. Visita a familiares y amigos,"e. Casa propia, de familiares o amigos (sin pago)"
2.0,2000000.0,a. Vacaciones/recreación/Ocio ,"e. Casa propia, de familiares o amigos (sin pago)"
3.0,2000000.0,a. Vacaciones/recreación/Ocio ,a. Hotel 
8.0,1000000.0,a. Vacaciones/recreación/Ocio ,"e. Casa propia, de familiares o amigos (sin pago)"
4.0,1000000.0,b. Visita a familiares y amigos,"e. Casa propia, de familiares o amigos (sin pago)"
15.0,200000.0,b. Visita a familiares y amigos,"e. Casa propia, de familiares o amigos (sin pago)"
3.0,300000.0,b. Visita a familiares y amigos,"e. Casa propia, de familiares o amigos (sin pago)"
3.0,500000.0,b. Visita a familiares y amigos,"e. Casa propia, de familiares o amigos (sin pago)"
2.0,1000000.0,b. Visita a familiares y amigos,"e. Casa propia, de familiares o amigos (sin pago)"
2.0,400000.0,g. Negocios y motivos profesionales,a. Hotel 
3.0,800000.0,b. Visita a familiares y amigos,"e. Casa propia, de familiares o amigos (sin pago)"
4.0,150000.0,b. Visita a familiares y amigos,"e. Casa propia, de familiares o amigos (sin pago)"
3.0,500000.0,b. Visita a familiares y amigos,"e. Casa propia, de familiares o amigos (sin pago)"
20.0,6000000.0,a. Vacaciones/recreación/Ocio ,"e. Casa propia, de familiares o amigos (sin pago)"
1.0,300000.0,b. Visita a familiares y amigos,"e. Casa propia, de familiares o amigos (sin pago)"
15.0,500000.0,a. Vacaciones/recreación/Ocio ,"e. Casa propia, de familiares o amigos (sin pago)"
3.0,3000000.0,g. Negocios y motivos profesionales,a. Hotel 
1.0,30000.0,b. Visita a familiares y amigos,"e. Casa propia, de familiares o amigos (sin pago)"
2.0,500000.0,h. Trabajo remunerado en otra ciudad,a. Hotel 
2.0,1500000.0,a. Vacaciones/recreación/Ocio ,a. Hotel 
2.0,1500000.0,b. Visita a familiares y amigos,"e. Casa propia, de familiares o amigos (sin pago)"
2.0,1.0,b. Visita a familiares y amigos,"e. Casa propia, de familiares o amigos (sin pago)"
12.0,100000.0,a. Vacaciones/recreación/Ocio ,"e. Casa propia, de familiares o amigos (sin pago)"
3.0,400000.0,b. Visita a familiares y amigos,"e. Casa propia, de familiares o amigos (sin pago)"
4.0,600000.0,g. Negocios y motivos profesionales,a. Hotel 
5.0,350000.0,b. Visita a familiares y amigos,"e. Casa propia, de familiares o amigos (sin pago)"
20.0,500000.0,b. Visita a familiares y amigos,"e. Casa propia, de familiares o amigos (sin pago)"
3.0,200000.0,a. Vacaciones/recreación/Ocio ,"e. Casa propia, de familiares o amigos (sin pago)"
3.0,2000000.0,a. Vacaciones/recreación/Ocio ,a. Hotel 
3.0,800000.0,b. Visita a familiares y amigos,a. Hotel 
5.0,1500000.0,a. Vacaciones/recreación/Ocio ,"e. Casa propia, de familiares o amigos (sin pago)"
20.0,6000000.0,a. Vacaciones/recreación/Ocio ,a. Hotel 
3.0,600000.0,b. Visita a familiares y amigos,"e. Casa propia, de familiares o amigos (sin pago)"
3.0,3000000.0,a. Vacaciones/recreación/Ocio ,a. Hotel 
4.0,600000.0,b. Visita a familiares y amigos,"e. Casa propia, de familiares o amigos (sin pago)"
2.0,450000.0,b. Visita a familiares y amigos,"e. Casa propia, de familiares o amigos (sin pago)"
3.0,1000000.0,b. Visita a familiares y amigos,"e. Casa propia, de familiares o amigos (sin pago)"
2.0,200000.0,b. Visita a familiares y amigos,"e. Casa propia, de familiares o amigos (sin pago)"
4.0,500000.0,b. Visita a familiares y amigos,"e. Casa propia, de familiares o amigos (sin pago)"
3.0,500000.0,a. Vacaciones/recreación/Ocio ,a. Hotel 
3.0,500000.0,a. Vacaciones/recreación/Ocio ,"e. Casa propia, de familiares o amigos (sin pago)"
2.0,200000.0,b. Visita a familiares y amigos,"e. Casa propia, de familiares o amigos (sin pago)"
3.0,5000000.0,a. Vacaciones/recreación/Ocio ,"e. Casa propia, de familiares o amigos (sin pago)"
5.0,2000000.0,a. Vacaciones/recreación/Ocio ,b. Hostal
6.0,3000000.0,a. Vacaciones/recreación/Ocio ,b. Hostal
5.0,1000000.0,a. Vacaciones/recreación/Ocio ,"e. Casa propia, de familiares o amigos (sin pago)"
3.0,300000.0,b. Visita a familiares y amigos,"e. Casa propia, de familiares o amigos (sin pago)"
10.0,1000000.0,b. Visita a familiares y amigos,"e. Casa propia, de familiares o amigos (sin pago)"
5.0,800000.0,b. Visita a familiares y amigos,"e. Casa propia, de familiares o amigos (sin pago)"
2.0,300000.0,h. Trabajo remunerado en otra ciudad,a. Hotel 
3.0,250000.0,b. Visita a familiares y amigos,"e. Casa propia, de familiares o amigos (sin pago)"
5.0,1000000.0,b. Visita a familiares y amigos,"e. Casa propia, de familiares o amigos (sin pago)"
30.0,500000.0,a. Vacaciones/recreación/Ocio ,"e. Casa propia, de familiares o amigos (sin pago)"
3.0,2000000.0,a. Vacaciones/recreación/Ocio ,"e. Casa propia, de familiares o amigos (sin pago)"
2.0,1500000.0,a. Vacaciones/recreación/Ocio ,f. Otro
4.0,500000.0,a. Vacaciones/recreación/Ocio ,"e. Casa propia, de familiares o amigos (sin pago)"
4.0,500000.0,h. Trabajo remunerado en otra ciudad,"e. Casa propia, de familiares o amigos (sin pago)"
4.0,1000000.0,a. Vacaciones/recreación/Ocio ,"e. Casa propia, de familiares o amigos (sin pago)"
2.0,400000.0,b. Visita a familiares y amigos,"e. Casa propia, de familiares o amigos (sin pago)"
3.0,3500000.0,a. Vacaciones/recreación/Ocio ,a. Hotel 
3.0,1500000.0,a. Vacaciones/recreación/Ocio ,d. Inmueble de alquiler (pagos por plataforma dig)
2.0,100000.0,"d. Salud , Bienestar y atención médica","e. Casa propia, de familiares o amigos (sin pago)"
4.0,500000.0,a. Vacaciones/recreación/Ocio ,a. Hotel 
6.0,600000.0,b. Visita a familiares y amigos,"e. Casa propia, de familiares o amigos (sin pago)"
8.0,2000000.0,a. Vacaciones/recreación/Ocio ,"e. Casa propia, de familiares o amigos (sin pago)"
2.0,300000.0,b. Visita a familiares y amigos,"e. Casa propia, de familiares o amigos (sin pago)"
8.0,100000.0,a. Vacaciones/recreación/Ocio ,"e. Casa propia, de familiares o amigos (sin pago)"
4.0,4.0,h. Trabajo remunerado en otra ciudad,c. Apartahotel
3.0,450000.0,b. Visita a familiares y amigos,"e. Casa propia, de familiares o amigos (sin pago)"
7.0,2000000.0,a. Vacaciones/recreación/Ocio ,a. Hotel 
4.0,1200000.0,a. Vacaciones/recreación/Ocio ,"e. Casa propia, de familiares o amigos (sin pago)"
3.0,600000.0,b. Visita a familiares y amigos,"e. Casa propia, de familiares o amigos (sin pago)"
8.0,2000000.0,a. Vacaciones/recreación/Ocio ,a. Hotel 
4.0,3000000.0,a. Vacaciones/recreación/Ocio ,a. Hotel 
5.0,1000000.0,a. Vacaciones/recreación/Ocio ,a. Hotel 
2.0,200000.0,a. Vacaciones/recreación/Ocio ,"e. Casa propia, de familiares o amigos (sin pago)"
7.0,600000.0,b. Visita a familiares y amigos,"e. Casa propia, de familiares o amigos (sin pago)"
7.0,4000000.0,b. Visita a familiares y amigos,"e. Casa propia, de familiares o amigos (sin pago)"
6.0,3000000.0,a. Vacaciones/recreación/Ocio ,a. Hotel 
3.0,1000000.0,a. Vacaciones/recreación/Ocio ,"e. Casa propia, de familiares o amigos (sin pago)"
4.0,500000.0,b. Visita a familiares y amigos,"e. Casa propia, de familiares o amigos (sin pago)"
5.0,1000000.0,b. Visita a familiares y amigos,"e. Casa propia, de familiares o amigos (sin pago)"
8.0,700000.0,a. Vacaciones/recreación/Ocio ,"e. Casa propia, de familiares o amigos (sin pago)"
10.0,600000.0,a. Vacaciones/recreación/Ocio ,"e. Casa propia, de familiares o amigos (sin pago)"
6.0,1000000.0,a. Vacaciones/recreación/Ocio ,"e. Casa propia, de familiares o amigos (sin pago)"
2.0,200000.0,b. Visita a familiares y amigos,"e. Casa propia, de familiares o amigos (sin pago)"
6.0,1000000.0,b. Visita a familiares y amigos,"e. Casa propia, de familiares o amigos (sin pago)"
10.0,3000000.0,a. Vacaciones/recreación/Ocio ,c. Apartahotel
30.0,2000000.0,b. Visita a familiares y amigos,"e. Casa propia, de familiares o amigos (sin pago)"
6.0,600000.0,b. Visita a familiares y amigos,"e. Casa propia, de familiares o amigos (sin pago)"
2.0,1000000.0,a. Vacaciones/recreación/Ocio ,c. Apartahotel
3.0,1000000.0,b. Visita a familiares y amigos,"e. Casa propia, de familiares o amigos (sin pago)"
42.0,15000000.0,b. Visita a familiares y amigos,a. Hotel 
2.0,500000.0,g. Negocios y motivos profesionales,a. Hotel 
7.0,1000000.0,a. Vacaciones/recreación/Ocio ,"e. Casa propia, de familiares o amigos (sin pago)"
2.0,150000.0,b. Visita a familiares y amigos,"e. Casa propia, de familiares o amigos (sin pago)"
4.0,600000.0,b. Visita a familiares y amigos,"e. Casa propia, de familiares o amigos (sin pago)"
2.0,1500000.0,b. Visita a familiares y amigos,"e. Casa propia, de familiares o amigos (sin pago)"
4.0,3000000.0,a. Vacaciones/recreación/Ocio ,a. Hotel 
5.0,600000.0,b. Visita a familiares y amigos,"e. Casa propia, de familiares o amigos (sin pago)"
3.0,1500000.0,a. Vacaciones/recreación/Ocio ,a. Hotel 
3.0,2000000.0,a. Vacaciones/recreación/Ocio ,a. Hotel 
3.0,15000000.0,a. Vacaciones/recreación/Ocio ,"e. Casa propia, de familiares o amigos (sin pago)"
2.0,500000.0,b. Visita a familiares y amigos,"e. Casa propia, de familiares o amigos (sin pago)"
5.0,800000.0,a. Vacaciones/recreación/Ocio ,"e. Casa propia, de familiares o amigos (sin pago)"
30.0,1000000.0,a. Vacaciones/recreación/Ocio ,"e. Casa propia, de familiares o amigos (sin pago)"
4.0,2000000.0,b. Visita a familiares y amigos,"e. Casa propia, de familiares o amigos (sin pago)"
3.0,2000000.0,a. Vacaciones/recreación/Ocio ,a. Hotel 
2.0,300000.0,h. Trabajo remunerado en otra ciudad,a. Hotel 
20.0,8000000.0,a. Vacaciones/recreación/Ocio ,"e. Casa propia, de familiares o amigos (sin pago)"
8.0,8000000.0,a. Vacaciones/recreación/Ocio ,"e. Casa propia, de familiares o amigos (sin pago)"
1.0,500000.0,b. Visita a familiares y amigos,a. Hotel 
3.0,2200000.0,a. Vacaciones/recreación/Ocio ,a. Hotel 
3.0,400000.0,b. Visita a familiares y amigos,"e. Casa propia, de familiares o amigos (sin pago)"
2.0,180000.0,a. Vacaciones/recreación/Ocio ,d. Inmueble de alquiler (pagos por plataforma dig)
10.0,900000.0,b. Visita a familiares y amigos,"e. Casa propia, de familiares o amigos (sin pago)"
5.0,650000.0,b. Visita a familiares y amigos,"e. Casa propia, de familiares o amigos (sin pago)"
4.0,300000.0,a. Vacaciones/recreación/Ocio ,"e. Casa propia, de familiares o amigos (sin pago)"
8.0,1000000.0,b. Visita a familiares y amigos,"e. Casa propia, de familiares o amigos (sin pago)"
8.0,1000000.0,b. Visita a familiares y amigos,"e. Casa propia, de familiares o amigos (sin pago)"
4.0,800000.0,a. Vacaciones/recreación/Ocio ,"e. Casa propia, de familiares o amigos (sin pago)"
4.0,700000.0,b. Visita a familiares y amigos,"e. Casa propia, de familiares o amigos (sin pago)"
2.0,200000.0,a. Vacaciones/recreación/Ocio ,"e. Casa propia, de familiares o amigos (sin pago)"
2.0,1500000.0,a. Vacaciones/recreación/Ocio ,a. Hotel 
2.0,300000.0,b. Visita a familiares y amigos,"e. Casa propia, de familiares o amigos (sin pago)"
4.0,4000000.0,a. Vacaciones/recreación/Ocio ,c. Apartahotel
3.0,100000.0,b. Visita a familiares y amigos,a. Hotel 
3.0,1500000.0,a. Vacaciones/recreación/Ocio ,"e. Casa propia, de familiares o amigos (sin pago)"
7.0,1000000.0,b. Visita a familiares y amigos,"e. Casa propia, de familiares o amigos (sin pago)"
8.0,3000000.0,b. Visita a familiares y amigos,"e. Casa propia, de familiares o amigos (sin pago)"
2.0,10000.0,b. Visita a familiares y amigos,"e. Casa propia, de familiares o amigos (sin pago)"
15.0,500000.0,a. Vacaciones/recreación/Ocio ,"e. Casa propia, de familiares o amigos (sin pago)"
3.0,100000.0,b. Visita a familiares y amigos,"e. Casa propia, de familiares o amigos (sin pago)"
5.0,450000.0,"d. Salud , Bienestar y atención médica","e. Casa propia, de familiares o amigos (sin pago)"
2.0,500.0,h. Trabajo remunerado en otra ciudad,a. Hotel 
2.0,800000.0,a. Vacaciones/recreación/Ocio ,"e. Casa propia, de familiares o amigos (sin pago)"
5.0,800000.0,b. Visita a familiares y amigos,"e. Casa propia, de familiares o amigos (sin pago)"
2.0,250000.0,a. Vacaciones/recreación/Ocio ,"e. Casa propia, de familiares o amigos (sin pago)"
3.0,2000000.0,a. Vacaciones/recreación/Ocio ,a. Hotel 
4.0,1500000.0,a. Vacaciones/recreación/Ocio ,a. Hotel 
2.0,700000.0,b. Visita a familiares y amigos,"e. Casa propia, de familiares o amigos (sin pago)"
20.0,500.0,b. Visita a familiares y amigos,"e. Casa propia, de familiares o amigos (sin pago)"
7.0,300000.0,a. Vacaciones/recreación/Ocio ,"e. Casa propia, de familiares o amigos (sin pago)"
7.0,500000.0,a. Vacaciones/recreación/Ocio ,"e. Casa propia, de familiares o amigos (sin pago)"
8.0,500000.0,h. Trabajo remunerado en otra ciudad,"e. Casa propia, de familiares o amigos (sin pago)"
3.0,1500000.0,a. Vacaciones/recreación/Ocio ,"e. Casa propia, de familiares o amigos (sin pago)"
3.0,500.0,a. Vacaciones/recreación/Ocio ,"e. Casa propia, de familiares o amigos (sin pago)"
15.0,500000.0,b. Visita a familiares y amigos,"e. Casa propia, de familiares o amigos (sin pago)"
3.0,2.5,a. Vacaciones/recreación/Ocio ,a. Hotel 
8.0,250000.0,b. Visita a familiares y amigos,"e. Casa propia, de familiares o amigos (sin pago)"
4.0,200000.0,a. Vacaciones/recreación/Ocio ,a. Hotel 
30.0,500000.0,b. Visita a familiares y amigos,"e. Casa propia, de familiares o amigos (sin pago)"
3.0,1000000.0,a. Vacaciones/recreación/Ocio ,"e. Casa propia, de familiares o amigos (sin pago)"
6.0,2000000.0,a. Vacaciones/recreación/Ocio ,a. Hotel 
7.0,30000.0,g. Negocios y motivos profesionales,"e. Casa propia, de familiares o amigos (sin pago)"
3.0,500000.0,a. Vacaciones/recreación/Ocio ,"e. Casa propia, de familiares o amigos (sin pago)"
2.0,1.0,a. Vacaciones/recreación/Ocio ,a. Hotel 
2.0,1000000.0,a. Vacaciones/recreación/Ocio ,a. Hotel 
4.0,1500000.0,a. Vacaciones/recreación/Ocio ,a. Hotel 
15.0,350000.0,a. Vacaciones/recreación/Ocio ,a. Hotel 
8.0,1000000.0,b. Visita a familiares y amigos,"e. Casa propia, de familiares o amigos (sin pago)"
9.0,500000.0,g. Negocios y motivos profesionales,a. Hotel 
2.0,1000000.0,a. Vacaciones/recreación/Ocio ,"e. Casa propia, de familiares o amigos (sin pago)"
4.0,500000.0,a. Vacaciones/recreación/Ocio ,"e. Casa propia, de familiares o amigos (sin pago)"
4.0,1800000.0,a. Vacaciones/recreación/Ocio ,a. Hotel 
2.0,400000.0,b. Visita a familiares y amigos,"e. Casa propia, de familiares o amigos (sin pago)"
1.0,1000000.0,b. Visita a familiares y amigos,"e. Casa propia, de familiares o amigos (sin pago)"
4.0,500.0,b. Visita a familiares y amigos,"e. Casa propia, de familiares o amigos (sin pago)"
15.0,2000000.0,a. Vacaciones/recreación/Ocio ,"e. Casa propia, de familiares o amigos (sin pago)"
7.0,300000.0,b. Visita a familiares y amigos,"e. Casa propia, de familiares o amigos (sin pago)"
8.0,500000.0,g. Negocios y motivos profesionales,"e. Casa propia, de familiares o amigos (sin pago)"
30.0,1000000.0,a. Vacaciones/recreación/Ocio ,"e. Casa propia, de familiares o amigos (sin pago)"
5.0,50000.0,b. Visita a familiares y amigos,"e. Casa propia, de familiares o amigos (sin pago)"
2.0,100000.0,b. Visita a familiares y amigos,"e. Casa propia, de familiares o amigos (sin pago)"
4.0,450000.0,b. Visita a familiares y amigos,"e. Casa propia, de familiares o amigos (sin pago)"
4.0,200000.0,b. Visita a familiares y amigos,"e. Casa propia, de familiares o amigos (sin pago)"
20.0,1000000.0,b. Visita a familiares y amigos,"e. Casa propia, de familiares o amigos (sin pago)"
4.0,200000.0,a. Vacaciones/recreación/Ocio ,"e. Casa propia, de familiares o amigos (sin pago)"
3.0,100000.0,b. Visita a familiares y amigos,"e. Casa propia, de familiares o amigos (sin pago)"
15.0,200000.0,b. Visita a familiares y amigos,"e. Casa propia, de familiares o amigos (sin pago)"
10.0,650000.0,b. Visita a familiares y amigos,"e. Casa propia, de familiares o amigos (sin pago)"
2.0,100000.0,i. Otro.,"e. Casa propia, de familiares o amigos (sin pago)"
1.0,100000.0,b. Visita a familiares y amigos,"e. Casa propia, de familiares o amigos (sin pago)"
2.0,10000.0,g. Negocios y motivos profesionales,"e. Casa propia, de familiares o amigos (sin pago)"
40.0,400000.0,b. Visita a familiares y amigos,"e. Casa propia, de familiares o amigos (sin pago)"
4.0,400000.0,b. Visita a familiares y amigos,"e. Casa propia, de familiares o amigos (sin pago)"
15.0,500000.0,b. Visita a familiares y amigos,"e. Casa propia, de familiares o amigos (sin pago)"
2.0,500000.0,h. Trabajo remunerado en otra ciudad,a. Hotel 
4.0,250000.0,b. Visita a familiares y amigos,"e. Casa propia, de familiares o amigos (sin pago)"
12.0,650000.0,h. Trabajo remunerado en otra ciudad,a. Hotel 
5.0,150000.0,b. Visita a familiares y amigos,"e. Casa propia, de familiares o amigos (sin pago)"
7.0,150.0,b. Visita a familiares y amigos,"e. Casa propia, de familiares o amigos (sin pago)"
4.0,100000.0,b. Visita a familiares y amigos,"e. Casa propia, de familiares o amigos (sin pago)"
2.0,400000.0,b. Visita a familiares y amigos,"e. Casa propia, de familiares o amigos (sin pago)"
5.0,1000000.0,b. Visita a familiares y amigos,"e. Casa propia, de familiares o amigos (sin pago)"
2.0,30000.0,b. Visita a familiares y amigos,"e. Casa propia, de familiares o amigos (sin pago)"
5.0,250000.0,h. Trabajo remunerado en otra ciudad,d. Inmueble de alquiler (pagos por plataforma dig)
5.0,500000.0,a. Vacaciones/recreación/Ocio ,"e. Casa propia, de familiares o amigos (sin pago)"
3.0,400.0,h. Trabajo remunerado en otra ciudad,a. Hotel 
7.0,45000.0,h. Trabajo remunerado en otra ciudad,a. Hotel 
4.0,50000.0,"d. Salud , Bienestar y atención médica","e. Casa propia, de familiares o amigos (sin pago)"
4.0,150000.0,b. Visita a familiares y amigos,"e. Casa propia, de familiares o amigos (sin pago)"
4.0,500000.0,b. Visita a familiares y amigos,"e. Casa propia, de familiares o amigos (sin pago)"
3.0,200000.0,b. Visita a familiares y amigos,"e. Casa propia, de familiares o amigos (sin pago)"
0.0,200000.0,b. Visita a familiares y amigos,f. Otro
2.0,200000.0,a. Vacaciones/recreación/Ocio ,a. Hotel 
2.0,30000.0,b. Visita a familiares y amigos,"e. Casa propia, de familiares o amigos (sin pago)"
1.0,300000.0,h. Trabajo remunerado en otra ciudad,"e. Casa propia, de familiares o amigos (sin pago)"
5.0,400.0,h. Trabajo remunerado en otra ciudad,a. Hotel 
4.0,300000.0,b. Visita a familiares y amigos,"e. Casa propia, de familiares o amigos (sin pago)"
15.0,1200000.0,h. Trabajo remunerado en otra ciudad,a. Hotel 
3.0,500000.0,b. Visita a familiares y amigos,"e. Casa propia, de familiares o amigos (sin pago)"
4.0,500000.0,a. Vacaciones/recreación/Ocio ,a. Hotel 
4.0,300000.0,b. Visita a familiares y amigos,"e. Casa propia, de familiares o amigos (sin pago)"
60.0,200000.0,b. Visita a familiares y amigos,"e. Casa propia, de familiares o amigos (sin pago)"
6.0,300000.0,h. Trabajo remunerado en otra ciudad,"e. Casa propia, de familiares o amigos (sin pago)"
6.0,500000.0,h. Trabajo remunerado en otra ciudad,a. Hotel 
1.0,200000.0,b. Visita a familiares y amigos,a. Hotel 
1.0,50000.0,b. Visita a familiares y amigos,"e. Casa propia, de familiares o amigos (sin pago)"
3.0,250000.0,g. Negocios y motivos profesionales,"e. Casa propia, de familiares o amigos (sin pago)"
1.0,150000.0,b. Visita a familiares y amigos,"e. Casa propia, de familiares o amigos (sin pago)"
3.0,200000.0,b. Visita a familiares y amigos,"e. Casa propia, de familiares o amigos (sin pago)"
30.0,300000.0,b. Visita a familiares y amigos,"e. Casa propia, de familiares o amigos (sin pago)"
3.0,150000.0,b. Visita a familiares y amigos,"e. Casa propia, de familiares o amigos (sin pago)"
1.0,50000.0,b. Visita a familiares y amigos,"e. Casa propia, de familiares o amigos (sin pago)"
2.0,50000.0,a. Vacaciones/recreación/Ocio ,"e. Casa propia, de familiares o amigos (sin pago)"
2.0,100000.0,b. Visita a familiares y amigos,"e. Casa propia, de familiares o amigos (sin pago)"
45.0,600000.0,b. Visita a familiares y amigos,"e. Casa propia, de familiares o amigos (sin pago)"
2.0,300000.0,b. Visita a familiares y amigos,"e. Casa propia, de familiares o amigos (sin pago)"
1.0,150000.0,b. Visita a familiares y amigos,"e. Casa propia, de familiares o amigos (sin pago)"
2.0,300000.0,a. Vacaciones/recreación/Ocio ,a. Hotel 
2.0,200000.0,"d. Salud , Bienestar y atención médica","e. Casa propia, de familiares o amigos (sin pago)"
4.0,500000.0,b. Visita a familiares y amigos,"e. Casa propia, de familiares o amigos (sin pago)"
5.0,120000.0,b. Visita a familiares y amigos,"e. Casa propia, de familiares o amigos (sin pago)"
21.0,400000.0,b. Visita a familiares y amigos,"e. Casa propia, de familiares o amigos (sin pago)"
10.0,250000.0,b. Visita a familiares y amigos,"e. Casa propia, de familiares o amigos (sin pago)"
4.0,200000.0,b. Visita a familiares y amigos,"e. Casa propia, de familiares o amigos (sin pago)"
12.0,5000000.0,g. Negocios y motivos profesionales,a. Hotel 
15.0,200000.0,b. Visita a familiares y amigos,"e. Casa propia, de familiares o amigos (sin pago)"
2.0,0.0,b. Visita a familiares y amigos,"e. Casa propia, de familiares o amigos (sin pago)"
10.0,500000.0,a. Vacaciones/recreación/Ocio ,a. Hotel 
2.0,100000.0,b. Visita a familiares y amigos,"e. Casa propia, de familiares o amigos (sin pago)"
14.0,2000000.0,a. Vacaciones/recreación/Ocio ,a. Hotel 
2.0,200000.0,b. Visita a familiares y amigos,"e. Casa propia, de familiares o amigos (sin pago)"
2.0,200000.0,b. Visita a familiares y amigos,"e. Casa propia, de familiares o amigos (sin pago)"
2.0,300.0,h. Trabajo remunerado en otra ciudad,"e. Casa propia, de familiares o amigos (sin pago)"
2.0,200000.0,a. Vacaciones/recreación/Ocio ,"e. Casa propia, de familiares o amigos (sin pago)"
8.0,1000000.0,b. Visita a familiares y amigos,"e. Casa propia, de familiares o amigos (sin pago)"
3.0,30000.0,b. Visita a familiares y amigos,"e. Casa propia, de familiares o amigos (sin pago)"
30.0,50000.0,b. Visita a familiares y amigos,"e. Casa propia, de familiares o amigos (sin pago)"
1.0,100000.0,b. Visita a familiares y amigos,a. Hotel 
2.0,70000.0,b. Visita a familiares y amigos,"e. Casa propia, de familiares o amigos (sin pago)"
5.0,300000.0,"d. Salud , Bienestar y atención médica","e. Casa propia, de familiares o amigos (sin pago)"
3.0,300000.0,b. Visita a familiares y amigos,"e. Casa propia, de familiares o amigos (sin pago)"
3.0,100000.0,a. Vacaciones/recreación/Ocio ,"e. Casa propia, de familiares o amigos (sin pago)"
20.0,6000000.0,a. Vacaciones/recreación/Ocio ,"e. Casa propia, de familiares o amigos (sin pago)"
2.0,10000.0,b. Visita a familiares y amigos,"e. Casa propia, de familiares o amigos (sin pago)"
2.0,650000.0,a. Vacaciones/recreación/Ocio ,a. Hotel 
4.0,250000.0,a. Vacaciones/recreación/Ocio ,"e. Casa propia, de familiares o amigos (sin pago)"
2.0,250000.0,a. Vacaciones/recreación/Ocio ,"e. Casa propia, de familiares o amigos (sin pago)"
4.0,800000.0,b. Visita a familiares y amigos,"e. Casa propia, de familiares o amigos (sin pago)"
12.0,1000000.0,b. Visita a familiares y amigos,"e. Casa propia, de familiares o amigos (sin pago)"
3.0,1000000.0,b. Visita a familiares y amigos,a. Hotel 
3.0,500000.0,a. Vacaciones/recreación/Ocio ,"e. Casa propia, de familiares o amigos (sin pago)"
3.0,1500000.0,a. Vacaciones/recreación/Ocio ,c. Apartahotel
1.0,100000.0,a. Vacaciones/recreación/Ocio ,"e. Casa propia, de familiares o amigos (sin pago)"
6.0,500000.0,h. Trabajo remunerado en otra ciudad,a. Hotel 
8.0,2000000.0,b. Visita a familiares y amigos,"e. Casa propia, de familiares o amigos (sin pago)"
2.0,300000.0,b. Visita a familiares y amigos,"e. Casa propia, de familiares o amigos (sin pago)"
7.0,100000.0,"d. Salud , Bienestar y atención médica","e. Casa propia, de familiares o amigos (sin pago)"
5.0,500000.0,b. Visita a familiares y amigos,"e. Casa propia, de familiares o amigos (sin pago)"
39.0,4000000.0,a. Vacaciones/recreación/Ocio ,"e. Casa propia, de familiares o amigos (sin pago)"
10.0,200000.0,a. Vacaciones/recreación/Ocio ,"e. Casa propia, de familiares o amigos (sin pago)"
10.0,1000000.0,b. Visita a familiares y amigos,"e. Casa propia, de familiares o amigos (sin pago)"
6.0,500000.0,a. Vacaciones/recreación/Ocio ,"e. Casa propia, de familiares o amigos (sin pago)"
1.0,100000.0,b. Visita a familiares y amigos,"e. Casa propia, de familiares o amigos (sin pago)"
12.0,500000.0,b. Visita a familiares y amigos,"e. Casa propia, de familiares o amigos (sin pago)"
1.0,200000.0,a. Vacaciones/recreación/Ocio ,a. Hotel 
1.0,600000.0,a. Vacaciones/recreación/Ocio ,"e. Casa propia, de familiares o amigos (sin pago)"
10.0,200000.0,h. Trabajo remunerado en otra ciudad,b. Hostal
5.0,350000.0,b. Visita a familiares y amigos,"e. Casa propia, de familiares o amigos (sin pago)"
1.0,300000.0,b. Visita a familiares y amigos,"e. Casa propia, de familiares o amigos (sin pago)"
2.0,300000.0,b. Visita a familiares y amigos,"e. Casa propia, de familiares o amigos (sin pago)"
2.0,3500003.0,b. Visita a familiares y amigos,"e. Casa propia, de familiares o amigos (sin pago)"
2.0,200000.0,b. Visita a familiares y amigos,"e. Casa propia, de familiares o amigos (sin pago)"
4.0,0.0,b. Visita a familiares y amigos,"e. Casa propia, de familiares o amigos (sin pago)"
3.0,200000.0,b. Visita a familiares y amigos,"e. Casa propia, de familiares o amigos (sin pago)"
1.0,70000.0,e. Religión/Peregrinaciones,"e. Casa propia, de familiares o amigos (sin pago)"
2.0,300000.0,a. Vacaciones/recreación/Ocio ,"e. Casa propia, de familiares o amigos (sin pago)"
11.0,100000.0,h. Trabajo remunerado en otra ciudad,a. Hotel 
2.0,0.0,b. Visita a familiares y amigos,"e. Casa propia, de familiares o amigos (sin pago)"
4.0,300000.0,b. Visita a familiares y amigos,"e. Casa propia, de familiares o amigos (sin pago)"
4.0,600000.0,b. Visita a familiares y amigos,"e. Casa propia, de familiares o amigos (sin pago)"
3.0,200000.0,b. Visita a familiares y amigos,"e. Casa propia, de familiares o amigos (sin pago)"
2.0,500000.0,b. Visita a familiares y amigos,"e. Casa propia, de familiares o amigos (sin pago)"
1.0,100000.0,b. Visita a familiares y amigos,"e. Casa propia, de familiares o amigos (sin pago)"
2.0,100000.0,b. Visita a familiares y amigos,"e. Casa propia, de familiares o amigos (sin pago)"
8.0,100000.0,b. Visita a familiares y amigos,"e. Casa propia, de familiares o amigos (sin pago)"
2.0,0.0,g. Negocios y motivos profesionales,a. Hotel 
2.0,300000.0,b. Visita a familiares y amigos,"e. Casa propia, de familiares o amigos (sin pago)"
7.0,150000.0,h. Trabajo remunerado en otra ciudad,"e. Casa propia, de familiares o amigos (sin pago)"
2.0,500000.0,a. Vacaciones/recreación/Ocio ,"e. Casa propia, de familiares o amigos (sin pago)"
5.0,200000.0,b. Visita a familiares y amigos,"e. Casa propia, de familiares o amigos (sin pago)"
5.0,200000.0,a. Vacaciones/recreación/Ocio ,"e. Casa propia, de familiares o amigos (sin pago)"
2.0,120000.0,b. Visita a familiares y amigos,"e. Casa propia, de familiares o amigos (sin pago)"
4.0,200000.0,b. Visita a familiares y amigos,"e. Casa propia, de familiares o amigos (sin pago)"
8.0,800000.0,b. Visita a familiares y amigos,"e. Casa propia, de familiares o amigos (sin pago)"
2.0,200.0,b. Visita a familiares y amigos,"e. Casa propia, de familiares o amigos (sin pago)"
1.0,200000.0,a. Vacaciones/recreación/Ocio ,a. Hotel 
2.0,400000.0,b. Visita a familiares y amigos,"e. Casa propia, de familiares o amigos (sin pago)"
4.0,200000.0,b. Visita a familiares y amigos,"e. Casa propia, de familiares o amigos (sin pago)"
15.0,0.0,b. Visita a familiares y amigos,"e. Casa propia, de familiares o amigos (sin pago)"
10.0,1200000.0,a. Vacaciones/recreación/Ocio ,"e. Casa propia, de familiares o amigos (sin pago)"
4.0,300000.0,"d. Salud , Bienestar y atención médica",a. Hotel 
2.0,200000.0,b. Visita a familiares y amigos,"e. Casa propia, de familiares o amigos (sin pago)"
3.0,350000.0,b. Visita a familiares y amigos,"e. Casa propia, de familiares o amigos (sin pago)"
8.0,400000.0,b. Visita a familiares y amigos,"e. Casa propia, de familiares o amigos (sin pago)"
2.0,320000.0,b. Visita a familiares y amigos,"e. Casa propia, de familiares o amigos (sin pago)"
2.0,200000.0,b. Visita a familiares y amigos,"e. Casa propia, de familiares o amigos (sin pago)"
3.0,600000.0,a. Vacaciones/recreación/Ocio ,"e. Casa propia, de familiares o amigos (sin pago)"
10.0,600000.0,b. Visita a familiares y amigos,"e. Casa propia, de familiares o amigos (sin pago)"
10.0,2000000.0,a. Vacaciones/recreación/Ocio ,"e. Casa propia, de familiares o amigos (sin pago)"
2.0,100000.0,h. Trabajo remunerado en otra ciudad,a. Hotel 
3.0,400000.0,a. Vacaciones/recreación/Ocio ,a. Hotel 
6.0,350000.0,b. Visita a familiares y amigos,"e. Casa propia, de familiares o amigos (sin pago)"
1.0,400000.0,b. Visita a familiares y amigos,"e. Casa propia, de familiares o amigos (sin pago)"
8.0,600000.0,b. Visita a familiares y amigos,"e. Casa propia, de familiares o amigos (sin pago)"
2.0,250000.0,g. Negocios y motivos profesionales,b. Hostal
1.0,200000.0,b. Visita a familiares y amigos,"e. Casa propia, de familiares o amigos (sin pago)"
2.0,300000.0,a. Vacaciones/recreación/Ocio ,b. Hostal
5.0,150.0,a. Vacaciones/recreación/Ocio ,"e. Casa propia, de familiares o amigos (sin pago)"
25.0,2000000.0,b. Visita a familiares y amigos,"e. Casa propia, de familiares o amigos (sin pago)"
6.0,20000.0,"d. Salud , Bienestar y atención médica","e. Casa propia, de familiares o amigos (sin pago)"
4.0,150000.0,b. Visita a familiares y amigos,"e. Casa propia, de familiares o amigos (sin pago)"
2.0,350000.0,b. Visita a familiares y amigos,"e. Casa propia, de familiares o amigos (sin pago)"
4.0,350000.0,b. Visita a familiares y amigos,"e. Casa propia, de familiares o amigos (sin pago)"
6.0,100000.0,b. Visita a familiares y amigos,"e. Casa propia, de familiares o amigos (sin pago)"
4.0,200000.0,h. Trabajo remunerado en otra ciudad,a. Hotel 
1.0,700000.0,a. Vacaciones/recreación/Ocio ,a. Hotel 
2.0,350000.0,b. Visita a familiares y amigos,"e. Casa propia, de familiares o amigos (sin pago)"
4.0,450000.0,b. Visita a familiares y amigos,"e. Casa propia, de familiares o amigos (sin pago)"
5.0,300000.0,a. Vacaciones/recreación/Ocio ,"e. Casa propia, de familiares o amigos (sin pago)"
3.0,200000.0,b. Visita a familiares y amigos,"e. Casa propia, de familiares o amigos (sin pago)"
7.0,200000.0,h. Trabajo remunerado en otra ciudad,a. Hotel 
15.0,400000.0,b. Visita a familiares y amigos,"e. Casa propia, de familiares o amigos (sin pago)"
4.0,2000000.0,a. Vacaciones/recreación/Ocio ,a. Hotel 
6.0,300000.0,b. Visita a familiares y amigos,"e. Casa propia, de familiares o amigos (sin pago)"
6.0,500000.0,a. Vacaciones/recreación/Ocio ,a. Hotel 
8.0,200000.0,h. Trabajo remunerado en otra ciudad,a. Hotel 
2.0,500000.0,a. Vacaciones/recreación/Ocio ,a. Hotel 
3.0,300000.0,b. Visita a familiares y amigos,"e. Casa propia, de familiares o amigos (sin pago)"
7.0,600000.0,b. Visita a familiares y amigos,"e. Casa propia, de familiares o amigos (sin pago)"
5.0,100000.0,b. Visita a familiares y amigos,"e. Casa propia, de familiares o amigos (sin pago)"
3.0,150000.0,b. Visita a familiares y amigos,"e. Casa propia, de familiares o amigos (sin pago)"
3.0,200000.0,a. Vacaciones/recreación/Ocio ,"e. Casa propia, de familiares o amigos (sin pago)"
5.0,500000.0,a. Vacaciones/recreación/Ocio ,"e. Casa propia, de familiares o amigos (sin pago)"
10.0,500000.0,b. Visita a familiares y amigos,"e. Casa propia, de familiares o amigos (sin pago)"
2.0,100000.0,b. Visita a familiares y amigos,"e. Casa propia, de familiares o amigos (sin pago)"
1.0,200000.0,h. Trabajo remunerado en otra ciudad,"e. Casa propia, de familiares o amigos (sin pago)"
5.0,800000.0,b. Visita a familiares y amigos,"e. Casa propia, de familiares o amigos (sin pago)"
3.0,300000.0,b. Visita a familiares y amigos,"e. Casa propia, de familiares o amigos (sin pago)"
2.0,600000.0,b. Visita a familiares y amigos,"e. Casa propia, de familiares o amigos (sin pago)"
3.0,100000.0,a. Vacaciones/recreación/Ocio ,"e. Casa propia, de familiares o amigos (sin pago)"
2.0,300000.0,b. Visita a familiares y amigos,"e. Casa propia, de familiares o amigos (sin pago)"
4.0,600000.0,h. Trabajo remunerado en otra ciudad,a. Hotel 
5.0,200000.0,b. Visita a familiares y amigos,"e. Casa propia, de familiares o amigos (sin pago)"
2.0,200000.0,h. Trabajo remunerado en otra ciudad,a. Hotel 
1.0,60000.0,b. Visita a familiares y amigos,"e. Casa propia, de familiares o amigos (sin pago)"
10.0,350000.0,b. Visita a familiares y amigos,"e. Casa propia, de familiares o amigos (sin pago)"
1.0,200000.0,b. Visita a familiares y amigos,"e. Casa propia, de familiares o amigos (sin pago)"
21.0,200000.0,a. Vacaciones/recreación/Ocio ,"e. Casa propia, de familiares o amigos (sin pago)"
3.0,650000.0,a. Vacaciones/recreación/Ocio ,b. Hostal
4.0,200000.0,a. Vacaciones/recreación/Ocio ,"e. Casa propia, de familiares o amigos (sin pago)"
2.0,100000.0,b. Visita a familiares y amigos,"e. Casa propia, de familiares o amigos (sin pago)"
4.0,500000.0,g. Negocios y motivos profesionales,a. Hotel 
5.0,150000.0,b. Visita a familiares y amigos,"e. Casa propia, de familiares o amigos (sin pago)"
15.0,300000.0,b. Visita a familiares y amigos,"e. Casa propia, de familiares o amigos (sin pago)"
5.0,200000.0,b. Visita a familiares y amigos,"e. Casa propia, de familiares o amigos (sin pago)"
15.0,600000.0,b. Visita a familiares y amigos,"e. Casa propia, de familiares o amigos (sin pago)"
3.0,150000.0,a. Vacaciones/recreación/Ocio ,"e. Casa propia, de familiares o amigos (sin pago)"
4.0,200000.0,b. Visita a familiares y amigos,"e. Casa propia, de familiares o amigos (sin pago)"
3.0,100000.0,b. Visita a familiares y amigos,"e. Casa propia, de familiares o amigos (sin pago)"
7.0,100000.0,b. Visita a familiares y amigos,"e. Casa propia, de familiares o amigos (sin pago)"
2.0,100000.0,h. Trabajo remunerado en otra ciudad,d. Inmueble de alquiler (pagos por plataforma dig)
3.0,200000.0,b. Visita a familiares y amigos,"e. Casa propia, de familiares o amigos (sin pago)"
4.0,200000.0,b. Visita a familiares y amigos,"e. Casa propia, de familiares o amigos (sin pago)"
2.0,200000.0,"d. Salud , Bienestar y atención médica","e. Casa propia, de familiares o amigos (sin pago)"
5.0,1200000.0,b. Visita a familiares y amigos,"e. Casa propia, de familiares o amigos (sin pago)"
2.0,700000.0,a. Vacaciones/recreación/Ocio ,d. Inmueble de alquiler (pagos por plataforma dig)
8.0,650000.0,b. Visita a familiares y amigos,"e. Casa propia, de familiares o amigos (sin pago)"
2.0,200000.0,g. Negocios y motivos profesionales,a. Hotel 
3.0,700000.0,b. Visita a familiares y amigos,"e. Casa propia, de familiares o amigos (sin pago)"
3.0,300000.0,b. Visita a familiares y amigos,"e. Casa propia, de familiares o amigos (sin pago)"
6.0,260000.0,b. Visita a familiares y amigos,"e. Casa propia, de familiares o amigos (sin pago)"
2.0,500000.0,b. Visita a familiares y amigos,"e. Casa propia, de familiares o amigos (sin pago)"
8.0,250000.0,b. Visita a familiares y amigos,"e. Casa propia, de familiares o amigos (sin pago)"
15.0,2000000.0,b. Visita a familiares y amigos,"e. Casa propia, de familiares o amigos (sin pago)"
2.0,200000.0,b. Visita a familiares y amigos,"e. Casa propia, de familiares o amigos (sin pago)"
1.0,200000.0,i. Otro.,a. Hotel 
2.0,200000.0,b. Visita a familiares y amigos,"e. Casa propia, de familiares o amigos (sin pago)"
4.0,200000.0,h. Trabajo remunerado en otra ciudad,a. Hotel 
3.0,200000.0,h. Trabajo remunerado en otra ciudad,d. Inmueble de alquiler (pagos por plataforma dig)
6.0,600000.0,b. Visita a familiares y amigos,"e. Casa propia, de familiares o amigos (sin pago)"
30.0,450000.0,b. Visita a familiares y amigos,"e. Casa propia, de familiares o amigos (sin pago)"
2.0,400000.0,b. Visita a familiares y amigos,"e. Casa propia, de familiares o amigos (sin pago)"
5.0,50000.0,b. Visita a familiares y amigos,"e. Casa propia, de familiares o amigos (sin pago)"
4.0,500000.0,b. Visita a familiares y amigos,"e. Casa propia, de familiares o amigos (sin pago)"
15.0,200000.0,a. Vacaciones/recreación/Ocio ,"e. Casa propia, de familiares o amigos (sin pago)"
3.0,200000.0,b. Visita a familiares y amigos,"e. Casa propia, de familiares o amigos (sin pago)"
2.0,200000.0,b. Visita a familiares y amigos,"e. Casa propia, de familiares o amigos (sin pago)"
2.0,100000.0,b. Visita a familiares y amigos,f. Otro
2.0,500000.0,a. Vacaciones/recreación/Ocio ,a. Hotel 
4.0,200000.0,b. Visita a familiares y amigos,"e. Casa propia, de familiares o amigos (sin pago)"
4.0,500000.0,a. Vacaciones/recreación/Ocio ,a. Hotel 
2.0,50000.0,b. Visita a familiares y amigos,c. Apartahotel
3.0,500000.0,b. Visita a familiares y amigos,"e. Casa propia, de familiares o amigos (sin pago)"
2.0,200000.0,g. Negocios y motivos profesionales,a. Hotel 
4.0,300000.0,b. Visita a familiares y amigos,"e. Casa propia, de familiares o amigos (sin pago)"
4.0,200000.0,a. Vacaciones/recreación/Ocio ,a. Hotel 
8.0,200000.0,b. Visita a familiares y amigos,"e. Casa propia, de familiares o amigos (sin pago)"
5.0,50000.0,i. Otro.,"e. Casa propia, de familiares o amigos (sin pago)"
3.0,600000.0,b. Visita a familiares y amigos,"e. Casa propia, de familiares o amigos (sin pago)"
3.0,60000.0,b. Visita a familiares y amigos,"e. Casa propia, de familiares o amigos (sin pago)"
1.0,250000.0,b. Visita a familiares y amigos,"e. Casa propia, de familiares o amigos (sin pago)"
3.0,200000.0,a. Vacaciones/recreación/Ocio ,"e. Casa propia, de familiares o amigos (sin pago)"
3.0,150000.0,a. Vacaciones/recreación/Ocio ,"e. Casa propia, de familiares o amigos (sin pago)"
4.0,300000.0,b. Visita a familiares y amigos,a. Hotel 
3.0,300000.0,b. Visita a familiares y amigos,"e. Casa propia, de familiares o amigos (sin pago)"
2.0,300000.0,b. Visita a familiares y amigos,"e. Casa propia, de familiares o amigos (sin pago)"
15.0,1000000.0,a. Vacaciones/recreación/Ocio ,"e. Casa propia, de familiares o amigos (sin pago)"
20.0,1000000.0,b. Visita a familiares y amigos,"e. Casa propia, de familiares o amigos (sin pago)"
3.0,1200000.0,a. Vacaciones/recreación/Ocio ,b. Hostal
10.0,300000.0,b. Visita a familiares y amigos,"e. Casa propia, de familiares o amigos (sin pago)"
2.0,200000.0,b. Visita a familiares y amigos,"e. Casa propia, de familiares o amigos (sin pago)"
6.0,2000000.0,b. Visita a familiares y amigos,"e. Casa propia, de familiares o amigos (sin pago)"
1.0,50000.0,h. Trabajo remunerado en otra ciudad,"e. Casa propia, de familiares o amigos (sin pago)"
2.0,400000.0,b. Visita a familiares y amigos,"e. Casa propia, de familiares o amigos (sin pago)"
3.0,400000.0,a. Vacaciones/recreación/Ocio ,a. Hotel 
7.0,1000000.0,b. Visita a familiares y amigos,"e. Casa propia, de familiares o amigos (sin pago)"
2.0,250000.0,g. Negocios y motivos profesionales,"e. Casa propia, de familiares o amigos (sin pago)"
3.0,300000.0,b. Visita a familiares y amigos,"e. Casa propia, de familiares o amigos (sin pago)"
2.0,200000.0,b. Visita a familiares y amigos,d. Inmueble de alquiler (pagos por plataforma dig)
2.0,800000.0,b. Visita a familiares y amigos,"e. Casa propia, de familiares o amigos (sin pago)"
5.0,800000.0,b. Visita a familiares y amigos,"e. Casa propia, de familiares o amigos (sin pago)"
8.0,200000.0,b. Visita a familiares y amigos,"e. Casa propia, de familiares o amigos (sin pago)"
13.0,650000.0,b. Visita a familiares y amigos,"e. Casa propia, de familiares o amigos (sin pago)"
4.0,700000.0,"d. Salud , Bienestar y atención médica","e. Casa propia, de familiares o amigos (sin pago)"
15.0,1000000.0,b. Visita a familiares y amigos,"e. Casa propia, de familiares o amigos (sin pago)"
2.0,150000.0,b. Visita a familiares y amigos,"e. Casa propia, de familiares o amigos (sin pago)"
2.0,100000.0,b. Visita a familiares y amigos,"e. Casa propia, de familiares o amigos (sin pago)"
5.0,500000.0,a. Vacaciones/recreación/Ocio ,"e. Casa propia, de familiares o amigos (sin pago)"
6.0,300000.0,b. Visita a familiares y amigos,"e. Casa propia, de familiares o amigos (sin pago)"
6.0,700000.0,b. Visita a familiares y amigos,"e. Casa propia, de familiares o amigos (sin pago)"
3.0,200000.0,"d. Salud , Bienestar y atención médica","e. Casa propia, de familiares o amigos (sin pago)"
2.0,350000.0,a. Vacaciones/recreación/Ocio ,a. Hotel 
4.0,400000.0,b. Visita a familiares y amigos,"e. Casa propia, de familiares o amigos (sin pago)"
2.0,100000.0,b. Visita a familiares y amigos,"e. Casa propia, de familiares o amigos (sin pago)"
6.0,500000.0,b. Visita a familiares y amigos,"e. Casa propia, de familiares o amigos (sin pago)"
8.0,800000.0,b. Visita a familiares y amigos,"e. Casa propia, de familiares o amigos (sin pago)"
2.0,250000.0,h. Trabajo remunerado en otra ciudad,a. Hotel 
2.0,50000.0,b. Visita a familiares y amigos,"e. Casa propia, de familiares o amigos (sin pago)"
3.0,300000.0,a. Vacaciones/recreación/Ocio ,"e. Casa propia, de familiares o amigos (sin pago)"
7.0,100000.0,b. Visita a familiares y amigos,"e. Casa propia, de familiares o amigos (sin pago)"
1.0,200000.0,b. Visita a familiares y amigos,"e. Casa propia, de familiares o amigos (sin pago)"
2.0,150000.0,b. Visita a familiares y amigos,"e. Casa propia, de familiares o amigos (sin pago)"
1.0,150000.0,b. Visita a familiares y amigos,"e. Casa propia, de familiares o amigos (sin pago)"
2.0,200000.0,b. Visita a familiares y amigos,a. Hotel 
3.0,150000.0,b. Visita a familiares y amigos,"e. Casa propia, de familiares o amigos (sin pago)"
4.0,200000.0,b. Visita a familiares y amigos,"e. Casa propia, de familiares o amigos (sin pago)"
5.0,500000.0,b. Visita a familiares y amigos,a. Hotel 
3.0,300000.0,h. Trabajo remunerado en otra ciudad,"e. Casa propia, de familiares o amigos (sin pago)"
8.0,200000.0,a. Vacaciones/recreación/Ocio ,"e. Casa propia, de familiares o amigos (sin pago)"
2.0,200000.0,b. Visita a familiares y amigos,"e. Casa propia, de familiares o amigos (sin pago)"
8.0,650000.0,a. Vacaciones/recreación/Ocio ,"e. Casa propia, de familiares o amigos (sin pago)"
1.0,200000.0,b. Visita a familiares y amigos,"e. Casa propia, de familiares o amigos (sin pago)"
4.0,1000000.0,b. Visita a familiares y amigos,"e. Casa propia, de familiares o amigos (sin pago)"
2.0,330000.0,"d. Salud , Bienestar y atención médica",d. Inmueble de alquiler (pagos por plataforma dig)
7.0,1000000.0,b. Visita a familiares y amigos,"e. Casa propia, de familiares o amigos (sin pago)"
2.0,400000.0,a. Vacaciones/recreación/Ocio ,a. Hotel 
4.0,100000.0,b. Visita a familiares y amigos,"e. Casa propia, de familiares o amigos (sin pago)"
5.0,200000.0,h. Trabajo remunerado en otra ciudad,"e. Casa propia, de familiares o amigos (sin pago)"
2.0,500000.0,a. Vacaciones/recreación/Ocio ,a. Hotel 
3.0,100000.0,b. Visita a familiares y amigos,"e. Casa propia, de familiares o amigos (sin pago)"
6.0,350000.0,b. Visita a familiares y amigos,"e. Casa propia, de familiares o amigos (sin pago)"
7.0,60000.0,h. Trabajo remunerado en otra ciudad,a. Hotel 
6.0,500000.0,b. Visita a familiares y amigos,"e. Casa propia, de familiares o amigos (sin pago)"
2.0,100000.0,a. Vacaciones/recreación/Ocio ,"e. Casa propia, de familiares o amigos (sin pago)"
3.0,100000.0,b. Visita a familiares y amigos,"e. Casa propia, de familiares o amigos (sin pago)"
30.0,200000.0,b. Visita a familiares y amigos,"e. Casa propia, de familiares o amigos (sin pago)"
1.0,40000.0,h. Trabajo remunerado en otra ciudad,"e. Casa propia, de familiares o amigos (sin pago)"
4.0,1500000.0,h. Trabajo remunerado en otra ciudad,"e. Casa propia, de familiares o amigos (sin pago)"
2.0,600000.0,e. Religión/Peregrinaciones,a. Hotel 
15.0,100000.0,"d. Salud , Bienestar y atención médica","e. Casa propia, de familiares o amigos (sin pago)"
2.0,200000.0,b. Visita a familiares y amigos,"e. Casa propia, de familiares o amigos (sin pago)"
4.0,4.0,b. Visita a familiares y amigos,"e. Casa propia, de familiares o amigos (sin pago)"
3.0,150000.0,h. Trabajo remunerado en otra ciudad,"e. Casa propia, de familiares o amigos (sin pago)"
4.0,500000.0,b. Visita a familiares y amigos,"e. Casa propia, de familiares o amigos (sin pago)"
1.0,50000.0,b. Visita a familiares y amigos,"e. Casa propia, de familiares o amigos (sin pago)"
9.0,400000.0,b. Visita a familiares y amigos,"e. Casa propia, de familiares o amigos (sin pago)"
3.0,200000.0,b. Visita a familiares y amigos,"e. Casa propia, de familiares o amigos (sin pago)"
5.0,800000.0,b. Visita a familiares y amigos,"e. Casa propia, de familiares o amigos (sin pago)"
2.0,50000.0,b. Visita a familiares y amigos,"e. Casa propia, de familiares o amigos (sin pago)"
2.0,100000.0,a. Vacaciones/recreación/Ocio ,"e. Casa propia, de familiares o amigos (sin pago)"
9.0,2000000.0,a. Vacaciones/recreación/Ocio ,"e. Casa propia, de familiares o amigos (sin pago)"
3.0,700000.0,b. Visita a familiares y amigos,"e. Casa propia, de familiares o amigos (sin pago)"
2.0,20000.0,b. Visita a familiares y amigos,"e. Casa propia, de familiares o amigos (sin pago)"
3.0,200000.0,a. Vacaciones/recreación/Ocio ,"e. Casa propia, de familiares o amigos (sin pago)"
4.0,400000.0,b. Visita a familiares y amigos,"e. Casa propia, de familiares o amigos (sin pago)"
3.0,300000.0,a. Vacaciones/recreación/Ocio ,a. Hotel 
29.0,1000000.0,a. Vacaciones/recreación/Ocio ,"e. Casa propia, de familiares o amigos (sin pago)"
4.0,100000.0,a. Vacaciones/recreación/Ocio ,"e. Casa propia, de familiares o amigos (sin pago)"
3.0,200000.0,b. Visita a familiares y amigos,"e. Casa propia, de familiares o amigos (sin pago)"
3.0,500000.0,h. Trabajo remunerado en otra ciudad,a. Hotel 
7.0,200000.0,b. Visita a familiares y amigos,"e. Casa propia, de familiares o amigos (sin pago)"
15.0,1000000.0,a. Vacaciones/recreación/Ocio ,d. Inmueble de alquiler (pagos por plataforma dig)
30.0,1000000.0,h. Trabajo remunerado en otra ciudad,"e. Casa propia, de familiares o amigos (sin pago)"
7.0,200000.0,b. Visita a familiares y amigos,"e. Casa propia, de familiares o amigos (sin pago)"
1.0,200000.0,b. Visita a familiares y amigos,"e. Casa propia, de familiares o amigos (sin pago)"
4.0,500000.0,b. Visita a familiares y amigos,"e. Casa propia, de familiares o amigos (sin pago)"
2.0,150000.0,a. Vacaciones/recreación/Ocio ,d. Inmueble de alquiler (pagos por plataforma dig)
2.0,500000.0,a. Vacaciones/recreación/Ocio ,"e. Casa propia, de familiares o amigos (sin pago)"
4.0,200000.0,a. Vacaciones/recreación/Ocio ,"e. Casa propia, de familiares o amigos (sin pago)"
15.0,2000000.0,b. Visita a familiares y amigos,a. Hotel 
2.0,200000.0,b. Visita a familiares y amigos,"e. Casa propia, de familiares o amigos (sin pago)"
3.0,350000.0,b. Visita a familiares y amigos,"e. Casa propia, de familiares o amigos (sin pago)"
3.0,200000.0,a. Vacaciones/recreación/Ocio ,"e. Casa propia, de familiares o amigos (sin pago)"
2.0,500000.0,b. Visita a familiares y amigos,"e. Casa propia, de familiares o amigos (sin pago)"
8.0,500000.0,a. Vacaciones/recreación/Ocio ,"e. Casa propia, de familiares o amigos (sin pago)"
5.0,200000.0,a. Vacaciones/recreación/Ocio ,"e. Casa propia, de familiares o amigos (sin pago)"
10.0,700000.0,b. Visita a familiares y amigos,"e. Casa propia, de familiares o amigos (sin pago)"
3.0,200000.0,b. Visita a familiares y amigos,"e. Casa propia, de familiares o amigos (sin pago)"
7.0,500000.0,a. Vacaciones/recreación/Ocio ,"e. Casa propia, de familiares o amigos (sin pago)"
15.0,50.0,h. Trabajo remunerado en otra ciudad,a. Hotel 
1.0,0.0,b. Visita a familiares y amigos,"e. Casa propia, de familiares o amigos (sin pago)"
2.0,80000.0,b. Visita a familiares y amigos,"e. Casa propia, de familiares o amigos (sin pago)"
4.0,300000.0,h. Trabajo remunerado en otra ciudad,"e. Casa propia, de familiares o amigos (sin pago)"
3.0,200000.0,b. Visita a familiares y amigos,"e. Casa propia, de familiares o amigos (sin pago)"
2.0,200000.0,b. Visita a familiares y amigos,"e. Casa propia, de familiares o amigos (sin pago)"
10.0,300000.0,b. Visita a familiares y amigos,"e. Casa propia, de familiares o amigos (sin pago)"
5.0,200000.0,h. Trabajo remunerado en otra ciudad,"e. Casa propia, de familiares o amigos (sin pago)"
3.0,200000.0,b. Visita a familiares y amigos,"e. Casa propia, de familiares o amigos (sin pago)"
2.0,200000.0,b. Visita a familiares y amigos,"e. Casa propia, de familiares o amigos (sin pago)"
8.0,40000.0,b. Visita a familiares y amigos,"e. Casa propia, de familiares o amigos (sin pago)"
15.0,200000.0,b. Visita a familiares y amigos,"e. Casa propia, de familiares o amigos (sin pago)"
2.0,280000.0,b. Visita a familiares y amigos,"e. Casa propia, de familiares o amigos (sin pago)"
4.0,200000.0,b. Visita a familiares y amigos,"e. Casa propia, de familiares o amigos (sin pago)"
20.0,400000.0,b. Visita a familiares y amigos,"e. Casa propia, de familiares o amigos (sin pago)"
7.0,1000000.0,a. Vacaciones/recreación/Ocio ,"e. Casa propia, de familiares o amigos (sin pago)"
2.0,200000.0,b. Visita a familiares y amigos,d. Inmueble de alquiler (pagos por plataforma dig)
12.0,800000.0,h. Trabajo remunerado en otra ciudad,a. Hotel 
8.0,800000.0,b. Visita a familiares y amigos,"e. Casa propia, de familiares o amigos (sin pago)"
7.0,400000.0,b. Visita a familiares y amigos,"e. Casa propia, de familiares o amigos (sin pago)"
30.0,1000000.0,h. Trabajo remunerado en otra ciudad,b. Hostal
2.0,500000.0,a. Vacaciones/recreación/Ocio ,"e. Casa propia, de familiares o amigos (sin pago)"
1.0,500000.0,b. Visita a familiares y amigos,"e. Casa propia, de familiares o amigos (sin pago)"
4.0,0.0,b. Visita a familiares y amigos,"e. Casa propia, de familiares o amigos (sin pago)"
4.0,1000000.0,b. Visita a familiares y amigos,"e. Casa propia, de familiares o amigos (sin pago)"
6.0,400000.0,a. Vacaciones/recreación/Ocio ,"e. Casa propia, de familiares o amigos (sin pago)"
2.0,100000.0,b. Visita a familiares y amigos,"e. Casa propia, de familiares o amigos (sin pago)"
3.0,100000.0,b. Visita a familiares y amigos,"e. Casa propia, de familiares o amigos (sin pago)"
3.0,100000.0,b. Visita a familiares y amigos,"e. Casa propia, de familiares o amigos (sin pago)"
3.0,100000.0,a. Vacaciones/recreación/Ocio ,a. Hotel 
2.0,500000.0,a. Vacaciones/recreación/Ocio ,a. Hotel 
3.0,200000.0,b. Visita a familiares y amigos,"e. Casa propia, de familiares o amigos (sin pago)"
6.0,1500000.0,b. Visita a familiares y amigos,"e. Casa propia, de familiares o amigos (sin pago)"
15.0,400000.0,b. Visita a familiares y amigos,"e. Casa propia, de familiares o amigos (sin pago)"
4.0,200000.0,b. Visita a familiares y amigos,"e. Casa propia, de familiares o amigos (sin pago)"
2.0,150000.0,b. Visita a familiares y amigos,"e. Casa propia, de familiares o amigos (sin pago)"
7.0,1000000.0,b. Visita a familiares y amigos,"e. Casa propia, de familiares o amigos (sin pago)"
2.0,200000.0,b. Visita a familiares y amigos,"e. Casa propia, de familiares o amigos (sin pago)"
20.0,500000.0,b. Visita a familiares y amigos,"e. Casa propia, de familiares o amigos (sin pago)"
3.0,100000.0,b. Visita a familiares y amigos,"e. Casa propia, de familiares o amigos (sin pago)"
4.0,1000000.0,b. Visita a familiares y amigos,a. Hotel 
7.0,1500000.0,b. Visita a familiares y amigos,"e. Casa propia, de familiares o amigos (sin pago)"
3.0,300000.0,a. Vacaciones/recreación/Ocio ,a. Hotel 
5.0,800000.0,h. Trabajo remunerado en otra ciudad,a. Hotel 
1.0,100000.0,b. Visita a familiares y amigos,"e. Casa propia, de familiares o amigos (sin pago)"
3.0,100000.0,b. Visita a familiares y amigos,"e. Casa propia, de familiares o amigos (sin pago)"
5.0,50000.0,b. Visita a familiares y amigos,"e. Casa propia, de familiares o amigos (sin pago)"
4.0,1.0,b. Visita a familiares y amigos,"e. Casa propia, de familiares o amigos (sin pago)"
3.0,350000.0,a. Vacaciones/recreación/Ocio ,"e. Casa propia, de familiares o amigos (sin pago)"
30.0,400000.0,b. Visita a familiares y amigos,"e. Casa propia, de familiares o amigos (sin pago)"
3.0,50000.0,h. Trabajo remunerado en otra ciudad,a. Hotel 
5.0,250000.0,h. Trabajo remunerado en otra ciudad,"e. Casa propia, de familiares o amigos (sin pago)"
3.0,300000.0,b. Visita a familiares y amigos,"e. Casa propia, de familiares o amigos (sin pago)"
2.0,300000.0,b. Visita a familiares y amigos,"e. Casa propia, de familiares o amigos (sin pago)"
5.0,1000000.0,b. Visita a familiares y amigos,"e. Casa propia, de familiares o amigos (sin pago)"
1.0,200000.0,b. Visita a familiares y amigos,"e. Casa propia, de familiares o amigos (sin pago)"
30.0,0.0,b. Visita a familiares y amigos,"e. Casa propia, de familiares o amigos (sin pago)"
1.0,50000.0,b. Visita a familiares y amigos,"e. Casa propia, de familiares o amigos (sin pago)"
3.0,200000.0,b. Visita a familiares y amigos,"e. Casa propia, de familiares o amigos (sin pago)"
3.0,600000.0,b. Visita a familiares y amigos,"e. Casa propia, de familiares o amigos (sin pago)"
4.0,500000.0,a. Vacaciones/recreación/Ocio ,"e. Casa propia, de familiares o amigos (sin pago)"
5.0,200000.0,b. Visita a familiares y amigos,"e. Casa propia, de familiares o amigos (sin pago)"
1.0,40000.0,b. Visita a familiares y amigos,"e. Casa propia, de familiares o amigos (sin pago)"
2.0,200000.0,b. Visita a familiares y amigos,"e. Casa propia, de familiares o amigos (sin pago)"
1.0,60000.0,g. Negocios y motivos profesionales,a. Hotel 
15.0,50000.0,h. Trabajo remunerado en otra ciudad,a. Hotel 
8.0,500000.0,b. Visita a familiares y amigos,"e. Casa propia, de familiares o amigos (sin pago)"
30.0,1000000.0,h. Trabajo remunerado en otra ciudad,"e. Casa propia, de familiares o amigos (sin pago)"
2.0,200000.0,a. Vacaciones/recreación/Ocio ,"e. Casa propia, de familiares o amigos (sin pago)"
3.0,200000.0,b. Visita a familiares y amigos,a. Hotel 
3.0,200000.0,b. Visita a familiares y amigos,"e. Casa propia, de familiares o amigos (sin pago)"
2.0,120000.0,b. Visita a familiares y amigos,"e. Casa propia, de familiares o amigos (sin pago)"
7.0,600000.0,b. Visita a familiares y amigos,"e. Casa propia, de familiares o amigos (sin pago)"
3.0,300000.0,b. Visita a familiares y amigos,"e. Casa propia, de familiares o amigos (sin pago)"
30.0,700000.0,b. Visita a familiares y amigos,"e. Casa propia, de familiares o amigos (sin pago)"
2.0,300000.0,h. Trabajo remunerado en otra ciudad,a. Hotel 
4.0,200000.0,b. Visita a familiares y amigos,"e. Casa propia, de familiares o amigos (sin pago)"
3.0,400000.0,a. Vacaciones/recreación/Ocio ,a. Hotel 
30.0,350000.0,b. Visita a familiares y amigos,"e. Casa propia, de familiares o amigos (sin pago)"
3.0,250000.0,b. Visita a familiares y amigos,"e. Casa propia, de familiares o amigos (sin pago)"
5.0,300000.0,b. Visita a familiares y amigos,"e. Casa propia, de familiares o amigos (sin pago)"
0.0,120000.0,h. Trabajo remunerado en otra ciudad,f. Otro
1.0,300000.0,a. Vacaciones/recreación/Ocio ,a. Hotel 
2.0,1000000.0,a. Vacaciones/recreación/Ocio ,c. Apartahotel
1.0,500000.0,h. Trabajo remunerado en otra ciudad,a. Hotel 
15.0,1000000.0,a. Vacaciones/recreación/Ocio ,"e. Casa propia, de familiares o amigos (sin pago)"
2.0,500000.0,h. Trabajo remunerado en otra ciudad,a. Hotel 
4.0,650000.0,b. Visita a familiares y amigos,"e. Casa propia, de familiares o amigos (sin pago)"
3.0,1000000.0,h. Trabajo remunerado en otra ciudad,a. Hotel 
10.0,1000000.0,a. Vacaciones/recreación/Ocio ,"e. Casa propia, de familiares o amigos (sin pago)"
4.0,300000.0,h. Trabajo remunerado en otra ciudad,"e. Casa propia, de familiares o amigos (sin pago)"
3.0,6000000.0,a. Vacaciones/recreación/Ocio ,a. Hotel 
6.0,2000000.0,b. Visita a familiares y amigos,"e. Casa propia, de familiares o amigos (sin pago)"
2.0,100000.0,b. Visita a familiares y amigos,"e. Casa propia, de familiares o amigos (sin pago)"
4.0,200000.0,b. Visita a familiares y amigos,"e. Casa propia, de familiares o amigos (sin pago)"
16.0,10000000.0,a. Vacaciones/recreación/Ocio ,a. Hotel 
4.0,100000.0,b. Visita a familiares y amigos,"e. Casa propia, de familiares o amigos (sin pago)"
8.0,200000.0,b. Visita a familiares y amigos,"e. Casa propia, de familiares o amigos (sin pago)"
2.0,100000.0,b. Visita a familiares y amigos,"e. Casa propia, de familiares o amigos (sin pago)"
6.0,100000.0,b. Visita a familiares y amigos,"e. Casa propia, de familiares o amigos (sin pago)"
3.0,400000.0,h. Trabajo remunerado en otra ciudad,a. Hotel 
4.0,1000000.0,b. Visita a familiares y amigos,"e. Casa propia, de familiares o amigos (sin pago)"
3.0,500000.0,b. Visita a familiares y amigos,"e. Casa propia, de familiares o amigos (sin pago)"
4.0,300000.0,b. Visita a familiares y amigos,"e. Casa propia, de familiares o amigos (sin pago)"
2.0,1000000.0,"d. Salud , Bienestar y atención médica","e. Casa propia, de familiares o amigos (sin pago)"
2.0,100000.0,a. Vacaciones/recreación/Ocio ,"e. Casa propia, de familiares o amigos (sin pago)"
4.0,350000.0,b. Visita a familiares y amigos,"e. Casa propia, de familiares o amigos (sin pago)"
2.0,200000.0,b. Visita a familiares y amigos,"e. Casa propia, de familiares o amigos (sin pago)"
3.0,500000.0,a. Vacaciones/recreación/Ocio ,"e. Casa propia, de familiares o amigos (sin pago)"
4.0,100000.0,b. Visita a familiares y amigos,"e. Casa propia, de familiares o amigos (sin pago)"
1.0,300000.0,h. Trabajo remunerado en otra ciudad,a. Hotel 
2.0,220000.0,b. Visita a familiares y amigos,"e. Casa propia, de familiares o amigos (sin pago)"
2.0,100000.0,b. Visita a familiares y amigos,"e. Casa propia, de familiares o amigos (sin pago)"
15.0,6000000.0,b. Visita a familiares y amigos,"e. Casa propia, de familiares o amigos (sin pago)"
4.0,2000000.0,b. Visita a familiares y amigos,"e. Casa propia, de familiares o amigos (sin pago)"
2.0,1500000.0,h. Trabajo remunerado en otra ciudad,c. Apartahotel
8.0,5000000.0,b. Visita a familiares y amigos,a. Hotel 
3.0,400.0,a. Vacaciones/recreación/Ocio ,a. Hotel 
2.0,400000.0,b. Visita a familiares y amigos,"e. Casa propia, de familiares o amigos (sin pago)"
3.0,300000.0,b. Visita a familiares y amigos,"e. Casa propia, de familiares o amigos (sin pago)"
2.0,50000.0,b. Visita a familiares y amigos,"e. Casa propia, de familiares o amigos (sin pago)"
5.0,1000000.0,b. Visita a familiares y amigos,"e. Casa propia, de familiares o amigos (sin pago)"
2.0,100000.0,b. Visita a familiares y amigos,"e. Casa propia, de familiares o amigos (sin pago)"
3.0,150000.0,b. Visita a familiares y amigos,"e. Casa propia, de familiares o amigos (sin pago)"
1.0,200000.0,a. Vacaciones/recreación/Ocio ,a. Hotel 
6.0,600000.0,b. Visita a familiares y amigos,"e. Casa propia, de familiares o amigos (sin pago)"
1.0,150000.0,b. Visita a familiares y amigos,"e. Casa propia, de familiares o amigos (sin pago)"
8.0,3000000.0,a. Vacaciones/recreación/Ocio ,"e. Casa propia, de familiares o amigos (sin pago)"
3.0,250000.0,b. Visita a familiares y amigos,"e. Casa propia, de familiares o amigos (sin pago)"
60.0,2000000.0,a. Vacaciones/recreación/Ocio ,"e. Casa propia, de familiares o amigos (sin pago)"
4.0,500000.0,b. Visita a familiares y amigos,"e. Casa propia, de familiares o amigos (sin pago)"
1.0,200000.0,b. Visita a familiares y amigos,"e. Casa propia, de familiares o amigos (sin pago)"
4.0,1500000.0,b. Visita a familiares y amigos,"e. Casa propia, de familiares o amigos (sin pago)"
3.0,1000000.0,c. Educación y formación,"e. Casa propia, de familiares o amigos (sin pago)"
2.0,400000.0,g. Negocios y motivos profesionales,"e. Casa propia, de familiares o amigos (sin pago)"
3.0,560000.0,b. Visita a familiares y amigos,"e. Casa propia, de familiares o amigos (sin pago)"
4.0,500000.0,b. Visita a familiares y amigos,"e. Casa propia, de familiares o amigos (sin pago)"
2.0,900000.0,b. Visita a familiares y amigos,a. Hotel 
3.0,200000.0,b. Visita a familiares y amigos,"e. Casa propia, de familiares o amigos (sin pago)"
2.0,400000.0,b. Visita a familiares y amigos,"e. Casa propia, de familiares o amigos (sin pago)"
4.0,2000000.0,a. Vacaciones/recreación/Ocio ,a. Hotel 
5.0,500000.0,h. Trabajo remunerado en otra ciudad,"e. Casa propia, de familiares o amigos (sin pago)"
7.0,1000000.0,b. Visita a familiares y amigos,"e. Casa propia, de familiares o amigos (sin pago)"
6.0,500000.0,h. Trabajo remunerado en otra ciudad,d. Inmueble de alquiler (pagos por plataforma dig)
30.0,400000.0,b. Visita a familiares y amigos,"e. Casa propia, de familiares o amigos (sin pago)"
2.0,1000000.0,a. Vacaciones/recreación/Ocio ,a. Hotel 
5.0,1000000.0,b. Visita a familiares y amigos,"e. Casa propia, de familiares o amigos (sin pago)"
3.0,300000.0,a. Vacaciones/recreación/Ocio ,a. Hotel 
2.0,600000.0,b. Visita a familiares y amigos,"e. Casa propia, de familiares o amigos (sin pago)"
2.0,2000000.0,a. Vacaciones/recreación/Ocio ,a. Hotel 
2.0,150000.0,b. Visita a familiares y amigos,"e. Casa propia, de familiares o amigos (sin pago)"
3.0,200000.0,b. Visita a familiares y amigos,"e. Casa propia, de familiares o amigos (sin pago)"
4.0,1000000.0,b. Visita a familiares y amigos,"e. Casa propia, de familiares o amigos (sin pago)"
4.0,1000000.0,a. Vacaciones/recreación/Ocio ,d. Inmueble de alquiler (pagos por plataforma dig)
2.0,500000.0,b. Visita a familiares y amigos,"e. Casa propia, de familiares o amigos (sin pago)"
2.0,600000.0,h. Trabajo remunerado en otra ciudad,a. Hotel 
1.0,500000.0,g. Negocios y motivos profesionales,"e. Casa propia, de familiares o amigos (sin pago)"
3.0,200000.0,b. Visita a familiares y amigos,"e. Casa propia, de familiares o amigos (sin pago)"
1.0,100000.0,h. Trabajo remunerado en otra ciudad,"e. Casa propia, de familiares o amigos (sin pago)"
10.0,1500000.0,b. Visita a familiares y amigos,"e. Casa propia, de familiares o amigos (sin pago)"
2.0,150000.0,b. Visita a familiares y amigos,"e. Casa propia, de familiares o amigos (sin pago)"
16.0,3500000.0,b. Visita a familiares y amigos,"e. Casa propia, de familiares o amigos (sin pago)"
2.0,200000.0,b. Visita a familiares y amigos,"e. Casa propia, de familiares o amigos (sin pago)"
3.0,2500000.0,b. Visita a familiares y amigos,"e. Casa propia, de familiares o amigos (sin pago)"
2.0,200000.0,h. Trabajo remunerado en otra ciudad,a. Hotel 
1.0,300000.0,h. Trabajo remunerado en otra ciudad,a. Hotel 
4.0,1500000.0,b. Visita a familiares y amigos,"e. Casa propia, de familiares o amigos (sin pago)"
5.0,500000.0,a. Vacaciones/recreación/Ocio ,"e. Casa propia, de familiares o amigos (sin pago)"
5.0,50000.0,h. Trabajo remunerado en otra ciudad,c. Apartahotel
7.0,600000.0,b. Visita a familiares y amigos,"e. Casa propia, de familiares o amigos (sin pago)"
8.0,3000000.0,b. Visita a familiares y amigos,"e. Casa propia, de familiares o amigos (sin pago)"
5.0,3000000.0,b. Visita a familiares y amigos,"e. Casa propia, de familiares o amigos (sin pago)"
8.0,1000000.0,a. Vacaciones/recreación/Ocio ,"e. Casa propia, de familiares o amigos (sin pago)"
4.0,150000.0,h. Trabajo remunerado en otra ciudad,a. Hotel 
5.0,500000.0,a. Vacaciones/recreación/Ocio ,"e. Casa propia, de familiares o amigos (sin pago)"
4.0,350000.0,h. Trabajo remunerado en otra ciudad,a. Hotel 
5.0,150000.0,b. Visita a familiares y amigos,"e. Casa propia, de familiares o amigos (sin pago)"
2.0,700000.0,a. Vacaciones/recreación/Ocio ,"e. Casa propia, de familiares o amigos (sin pago)"
7.0,500000.0,b. Visita a familiares y amigos,"e. Casa propia, de familiares o amigos (sin pago)"
3.0,350000.0,a. Vacaciones/recreación/Ocio ,"e. Casa propia, de familiares o amigos (sin pago)"
3.0,2000000.0,b. Visita a familiares y amigos,a. Hotel 
5.0,5000000.0,a. Vacaciones/recreación/Ocio ,a. Hotel 
15.0,500000.0,b. Visita a familiares y amigos,"e. Casa propia, de familiares o amigos (sin pago)"
2.0,80000.0,h. Trabajo remunerado en otra ciudad,a. Hotel 
2.0,200000.0,b. Visita a familiares y amigos,"e. Casa propia, de familiares o amigos (sin pago)"
2.0,200000.0,b. Visita a familiares y amigos,"e. Casa propia, de familiares o amigos (sin pago)"
2.0,100000.0,b. Visita a familiares y amigos,"e. Casa propia, de familiares o amigos (sin pago)"
8.0,300000.0,b. Visita a familiares y amigos,"e. Casa propia, de familiares o amigos (sin pago)"
2.0,200000.0,b. Visita a familiares y amigos,"e. Casa propia, de familiares o amigos (sin pago)"
2.0,200000.0,a. Vacaciones/recreación/Ocio ,"e. Casa propia, de familiares o amigos (sin pago)"
1.0,50000.0,b. Visita a familiares y amigos,"e. Casa propia, de familiares o amigos (sin pago)"
10.0,6000000.0,b. Visita a familiares y amigos,a. Hotel 
2.0,300000.0,a. Vacaciones/recreación/Ocio ,"e. Casa propia, de familiares o amigos (sin pago)"
4.0,160000.0,"d. Salud , Bienestar y atención médica","e. Casa propia, de familiares o amigos (sin pago)"
2.0,200000.0,a. Vacaciones/recreación/Ocio ,"e. Casa propia, de familiares o amigos (sin pago)"
2.0,600000.0,a. Vacaciones/recreación/Ocio ,"e. Casa propia, de familiares o amigos (sin pago)"
2.0,100000.0,b. Visita a familiares y amigos,"e. Casa propia, de familiares o amigos (sin pago)"
2.0,100000.0,b. Visita a familiares y amigos,"e. Casa propia, de familiares o amigos (sin pago)"
3.0,250000.0,b. Visita a familiares y amigos,"e. Casa propia, de familiares o amigos (sin pago)"
4.0,400000.0,b. Visita a familiares y amigos,"e. Casa propia, de familiares o amigos (sin pago)"
2.0,200000.0,b. Visita a familiares y amigos,"e. Casa propia, de familiares o amigos (sin pago)"
8.0,200000.0,b. Visita a familiares y amigos,"e. Casa propia, de familiares o amigos (sin pago)"
8.0,3000000.0,a. Vacaciones/recreación/Ocio ,a. Hotel 
8.0,50000.0,b. Visita a familiares y amigos,"e. Casa propia, de familiares o amigos (sin pago)"
4.0,1000000.0,a. Vacaciones/recreación/Ocio ,a. Hotel 
5.0,2000000.0,b. Visita a familiares y amigos,"e. Casa propia, de familiares o amigos (sin pago)"
5.0,200000.0,h. Trabajo remunerado en otra ciudad,f. Otro
2.0,80000.0,h. Trabajo remunerado en otra ciudad,a. Hotel 
3.0,900000.0,h. Trabajo remunerado en otra ciudad,a. Hotel 
5.0,6000000.0,a. Vacaciones/recreación/Ocio ,a. Hotel 
7.0,800.0,a. Vacaciones/recreación/Ocio ,"e. Casa propia, de familiares o amigos (sin pago)"
4.0,500000.0,a. Vacaciones/recreación/Ocio ,"e. Casa propia, de familiares o amigos (sin pago)"
3.0,450000.0,a. Vacaciones/recreación/Ocio ,b. Hostal
2.0,2000000.0,b. Visita a familiares y amigos,a. Hotel 
5.0,200000.0,a. Vacaciones/recreación/Ocio ,"e. Casa propia, de familiares o amigos (sin pago)"
3.0,1000000.0,b. Visita a familiares y amigos,"e. Casa propia, de familiares o amigos (sin pago)"
1.0,400.0,h. Trabajo remunerado en otra ciudad,a. Hotel 
4.0,800000.0,b. Visita a familiares y amigos,a. Hotel 
3.0,200000.0,g. Negocios y motivos profesionales,"e. Casa propia, de familiares o amigos (sin pago)"
4.0,200000.0,a. Vacaciones/recreación/Ocio ,"e. Casa propia, de familiares o amigos (sin pago)"
15.0,300000.0,b. Visita a familiares y amigos,"e. Casa propia, de familiares o amigos (sin pago)"
3.0,100000.0,b. Visita a familiares y amigos,"e. Casa propia, de familiares o amigos (sin pago)"
4.0,2000000.0,a. Vacaciones/recreación/Ocio ,a. Hotel 
3.0,500000.0,a. Vacaciones/recreación/Ocio ,"e. Casa propia, de familiares o amigos (sin pago)"
8.0,650000.0,a. Vacaciones/recreación/Ocio ,a. Hotel 
2.0,500000.0,a. Vacaciones/recreación/Ocio ,a. Hotel 
4.0,500000.0,a. Vacaciones/recreación/Ocio ,"e. Casa propia, de familiares o amigos (sin pago)"
7.0,500000.0,a. Vacaciones/recreación/Ocio ,"e. Casa propia, de familiares o amigos (sin pago)"
3.0,300000.0,b. Visita a familiares y amigos,"e. Casa propia, de familiares o amigos (sin pago)"
2.0,3000000.0,g. Negocios y motivos profesionales,a. Hotel 
8.0,2000000.0,b. Visita a familiares y amigos,"e. Casa propia, de familiares o amigos (sin pago)"
3.0,1200000.0,a. Vacaciones/recreación/Ocio ,"e. Casa propia, de familiares o amigos (sin pago)"
3.0,2000000.0,h. Trabajo remunerado en otra ciudad,a. Hotel 
1.0,50000.0,b. Visita a familiares y amigos,"e. Casa propia, de familiares o amigos (sin pago)"
4.0,4000000.0,b. Visita a familiares y amigos,d. Inmueble de alquiler (pagos por plataforma dig)
8.0,230000.0,b. Visita a familiares y amigos,"e. Casa propia, de familiares o amigos (sin pago)"
10.0,1000000.0,a. Vacaciones/recreación/Ocio ,"e. Casa propia, de familiares o amigos (sin pago)"
4.0,520000.0,a. Vacaciones/recreación/Ocio ,a. Hotel 
15.0,70000.0,b. Visita a familiares y amigos,"e. Casa propia, de familiares o amigos (sin pago)"
3.0,2000000.0,a. Vacaciones/recreación/Ocio ,a. Hotel 
3.0,2000000.0,a. Vacaciones/recreación/Ocio ,a. Hotel 
2.0,500000.0,h. Trabajo remunerado en otra ciudad,a. Hotel 
8.0,300000.0,a. Vacaciones/recreación/Ocio ,"e. Casa propia, de familiares o amigos (sin pago)"
10.0,10000000.0,a. Vacaciones/recreación/Ocio ,a. Hotel 
18.0,10000000.0,a. Vacaciones/recreación/Ocio ,"e. Casa propia, de familiares o amigos (sin pago)"
2.0,300000.0,b. Visita a familiares y amigos,"e. Casa propia, de familiares o amigos (sin pago)"
2.0,0.0,b. Visita a familiares y amigos,"e. Casa propia, de familiares o amigos (sin pago)"
15.0,1000000.0,a. Vacaciones/recreación/Ocio ,"e. Casa propia, de familiares o amigos (sin pago)"
4.0,2000000.0,a. Vacaciones/recreación/Ocio ,a. Hotel 
3.0,1000000.0,a. Vacaciones/recreación/Ocio ,a. Hotel 
4.0,200000.0,b. Visita a familiares y amigos,"e. Casa propia, de familiares o amigos (sin pago)"
1.0,300000.0,g. Negocios y motivos profesionales,"e. Casa propia, de familiares o amigos (sin pago)"
2.0,50000.0,b. Visita a familiares y amigos,"e. Casa propia, de familiares o amigos (sin pago)"
7.0,300000.0,b. Visita a familiares y amigos,"e. Casa propia, de familiares o amigos (sin pago)"
3.0,500000.0,b. Visita a familiares y amigos,"e. Casa propia, de familiares o amigos (sin pago)"
6.0,2000000.0,b. Visita a familiares y amigos,"e. Casa propia, de familiares o amigos (sin pago)"
4.0,1000000.0,b. Visita a familiares y amigos,"e. Casa propia, de familiares o amigos (sin pago)"
1.0,150000.0,b. Visita a familiares y amigos,"e. Casa propia, de familiares o amigos (sin pago)"
4.0,1000000.0,h. Trabajo remunerado en otra ciudad,d. Inmueble de alquiler (pagos por plataforma dig)
2.0,800000.0,g. Negocios y motivos profesionales,a. Hotel 
2.0,600000.0,b. Visita a familiares y amigos,"e. Casa propia, de familiares o amigos (sin pago)"
2.0,200000.0,b. Visita a familiares y amigos,"e. Casa propia, de familiares o amigos (sin pago)"
20.0,4500000.0,b. Visita a familiares y amigos,"e. Casa propia, de familiares o amigos (sin pago)"
2.0,150000.0,b. Visita a familiares y amigos,"e. Casa propia, de familiares o amigos (sin pago)"
4.0,2000000.0,a. Vacaciones/recreación/Ocio ,a. Hotel 
5.0,100000.0,b. Visita a familiares y amigos,"e. Casa propia, de familiares o amigos (sin pago)"
12.0,2500000.0,g. Negocios y motivos profesionales,a. Hotel 
5.0,3000000.0,a. Vacaciones/recreación/Ocio ,a. Hotel 
4.0,500000.0,b. Visita a familiares y amigos,"e. Casa propia, de familiares o amigos (sin pago)"
3.0,2000000.0,a. Vacaciones/recreación/Ocio ,a. Hotel 
7.0,400000.0,a. Vacaciones/recreación/Ocio ,"e. Casa propia, de familiares o amigos (sin pago)"
15.0,1000000.0,b. Visita a familiares y amigos,"e. Casa propia, de familiares o amigos (sin pago)"
1.0,400000.0,a. Vacaciones/recreación/Ocio ,a. Hotel 
4.0,650000.0,a. Vacaciones/recreación/Ocio ,a. Hotel 
4.0,3000000.0,a. Vacaciones/recreación/Ocio ,a. Hotel 
30.0,300000.0,b. Visita a familiares y amigos,"e. Casa propia, de familiares o amigos (sin pago)"
2.0,80000.0,b. Visita a familiares y amigos,"e. Casa propia, de familiares o amigos (sin pago)"
2.0,3000000.0,a. Vacaciones/recreación/Ocio ,a. Hotel 
1.0,60000.0,b. Visita a familiares y amigos,"e. Casa propia, de familiares o amigos (sin pago)"
2.0,600000.0,h. Trabajo remunerado en otra ciudad,a. Hotel 
2.0,100000.0,b. Visita a familiares y amigos,"e. Casa propia, de familiares o amigos (sin pago)"
5.0,2000000.0,a. Vacaciones/recreación/Ocio ,a. Hotel 
3.0,500000.0,h. Trabajo remunerado en otra ciudad,a. Hotel 
3.0,6000000.0,a. Vacaciones/recreación/Ocio ,a. Hotel 
3.0,1000000.0,b. Visita a familiares y amigos,"e. Casa propia, de familiares o amigos (sin pago)"
8.0,1000000.0,b. Visita a familiares y amigos,"e. Casa propia, de familiares o amigos (sin pago)"
2.0,500000.0,b. Visita a familiares y amigos,"e. Casa propia, de familiares o amigos (sin pago)"
10.0,6000000.0,a. Vacaciones/recreación/Ocio ,"e. Casa propia, de familiares o amigos (sin pago)"
9.0,1500000.0,b. Visita a familiares y amigos,"e. Casa propia, de familiares o amigos (sin pago)"
3.0,600000.0,b. Visita a familiares y amigos,"e. Casa propia, de familiares o amigos (sin pago)"
1.0,50000.0,b. Visita a familiares y amigos,"e. Casa propia, de familiares o amigos (sin pago)"
2.0,100000.0,b. Visita a familiares y amigos,"e. Casa propia, de familiares o amigos (sin pago)"
5.0,30000000.0,a. Vacaciones/recreación/Ocio ,a. Hotel 
4.0,1200000.0,b. Visita a familiares y amigos,"e. Casa propia, de familiares o amigos (sin pago)"
4.0,1000000.0,a. Vacaciones/recreación/Ocio ,a. Hotel 
20.0,400000.0,h. Trabajo remunerado en otra ciudad,"e. Casa propia, de familiares o amigos (sin pago)"
1.0,200000.0,g. Negocios y motivos profesionales,a. Hotel 
5.0,200000.0,b. Visita a familiares y amigos,"e. Casa propia, de familiares o amigos (sin pago)"
2.0,300000.0,b. Visita a familiares y amigos,"e. Casa propia, de familiares o amigos (sin pago)"
6.0,1000000.0,a. Vacaciones/recreación/Ocio ,"e. Casa propia, de familiares o amigos (sin pago)"
3.0,400000.0,b. Visita a familiares y amigos,"e. Casa propia, de familiares o amigos (sin pago)"
3.0,800000.0,b. Visita a familiares y amigos,"e. Casa propia, de familiares o amigos (sin pago)"
2.0,600000.0,a. Vacaciones/recreación/Ocio ,"e. Casa propia, de familiares o amigos (sin pago)"
7.0,300000.0,b. Visita a familiares y amigos,"e. Casa propia, de familiares o amigos (sin pago)"
2.0,200000.0,b. Visita a familiares y amigos,"e. Casa propia, de familiares o amigos (sin pago)"
2.0,200000.0,b. Visita a familiares y amigos,"e. Casa propia, de familiares o amigos (sin pago)"
3.0,500000.0,b. Visita a familiares y amigos,"e. Casa propia, de familiares o amigos (sin pago)"
7.0,2000000.0,b. Visita a familiares y amigos,"e. Casa propia, de familiares o amigos (sin pago)"
1.0,50000.0,b. Visita a familiares y amigos,"e. Casa propia, de familiares o amigos (sin pago)"
4.0,600000.0,b. Visita a familiares y amigos,"e. Casa propia, de familiares o amigos (sin pago)"
2.0,300000.0,b. Visita a familiares y amigos,"e. Casa propia, de familiares o amigos (sin pago)"
3.0,300000.0,b. Visita a familiares y amigos,"e. Casa propia, de familiares o amigos (sin pago)"
2.0,180000.0,b. Visita a familiares y amigos,"e. Casa propia, de familiares o amigos (sin pago)"
3.0,250000.0,b. Visita a familiares y amigos,"e. Casa propia, de familiares o amigos (sin pago)"
3.0,1000000.0,b. Visita a familiares y amigos,"e. Casa propia, de familiares o amigos (sin pago)"
3.0,1500000.0,a. Vacaciones/recreación/Ocio ,"e. Casa propia, de familiares o amigos (sin pago)"
1.0,100000.0,a. Vacaciones/recreación/Ocio ,"e. Casa propia, de familiares o amigos (sin pago)"
2.0,250000.0,a. Vacaciones/recreación/Ocio ,b. Hostal
8.0,1200000.0,h. Trabajo remunerado en otra ciudad,"e. Casa propia, de familiares o amigos (sin pago)"
2.0,500000.0,b. Visita a familiares y amigos,"e. Casa propia, de familiares o amigos (sin pago)"
8.0,600000.0,b. Visita a familiares y amigos,"e. Casa propia, de familiares o amigos (sin pago)"
4.0,100000.0,b. Visita a familiares y amigos,"e. Casa propia, de familiares o amigos (sin pago)"
4.0,3000000.0,a. Vacaciones/recreación/Ocio ,a. Hotel 
3.0,500000.0,b. Visita a familiares y amigos,"e. Casa propia, de familiares o amigos (sin pago)"
2.0,70000.0,b. Visita a familiares y amigos,"e. Casa propia, de familiares o amigos (sin pago)"
2.0,200000.0,b. Visita a familiares y amigos,"e. Casa propia, de familiares o amigos (sin pago)"
4.0,1500000.0,b. Visita a familiares y amigos,"e. Casa propia, de familiares o amigos (sin pago)"
2.0,1000000.0,g. Negocios y motivos profesionales,a. Hotel 
7.0,120000.0,h. Trabajo remunerado en otra ciudad,"e. Casa propia, de familiares o amigos (sin pago)"
2.0,300000.0,b. Visita a familiares y amigos,"e. Casa propia, de familiares o amigos (sin pago)"
2.0,500000.0,b. Visita a familiares y amigos,"e. Casa propia, de familiares o amigos (sin pago)"
2.0,300000.0,b. Visita a familiares y amigos,"e. Casa propia, de familiares o amigos (sin pago)"
3.0,600000.0,b. Visita a familiares y amigos,"e. Casa propia, de familiares o amigos (sin pago)"
7.0,300000.0,b. Visita a familiares y amigos,"e. Casa propia, de familiares o amigos (sin pago)"
3.0,600000.0,b. Visita a familiares y amigos,"e. Casa propia, de familiares o amigos (sin pago)"
15.0,1000000.0,b. Visita a familiares y amigos,"e. Casa propia, de familiares o amigos (sin pago)"
2.0,150000.0,b. Visita a familiares y amigos,"e. Casa propia, de familiares o amigos (sin pago)"
2.0,500000.0,b. Visita a familiares y amigos,"e. Casa propia, de familiares o amigos (sin pago)"
15.0,200000.0,b. Visita a familiares y amigos,"e. Casa propia, de familiares o amigos (sin pago)"
15.0,2000000.0,h. Trabajo remunerado en otra ciudad,"e. Casa propia, de familiares o amigos (sin pago)"
15.0,6000000.0,b. Visita a familiares y amigos,a. Hotel 
3.0,500000.0,"d. Salud , Bienestar y atención médica","e. Casa propia, de familiares o amigos (sin pago)"
3.0,600000.0,b. Visita a familiares y amigos,"e. Casa propia, de familiares o amigos (sin pago)"
2.0,5000000.0,h. Trabajo remunerado en otra ciudad,"e. Casa propia, de familiares o amigos (sin pago)"
3.0,500000.0,b. Visita a familiares y amigos,"e. Casa propia, de familiares o amigos (sin pago)"
2.0,200000.0,c. Educación y formación,"e. Casa propia, de familiares o amigos (sin pago)"
3.0,400000.0,b. Visita a familiares y amigos,"e. Casa propia, de familiares o amigos (sin pago)"
90.0,500000.0,c. Educación y formación,d. Inmueble de alquiler (pagos por plataforma dig)
2.0,800000.0,g. Negocios y motivos profesionales,a. Hotel 
1.0,400000.0,h. Trabajo remunerado en otra ciudad,a. Hotel 
2.0,280000.0,b. Visita a familiares y amigos,"e. Casa propia, de familiares o amigos (sin pago)"
2.0,800000.0,h. Trabajo remunerado en otra ciudad,a. Hotel 
3.0,600000.0,b. Visita a familiares y amigos,"e. Casa propia, de familiares o amigos (sin pago)"
2.0,380000.0,b. Visita a familiares y amigos,"e. Casa propia, de familiares o amigos (sin pago)"
20.0,1000000.0,b. Visita a familiares y amigos,"e. Casa propia, de familiares o amigos (sin pago)"
3.0,250000.0,b. Visita a familiares y amigos,d. Inmueble de alquiler (pagos por plataforma dig)
3.0,300000.0,b. Visita a familiares y amigos,"e. Casa propia, de familiares o amigos (sin pago)"
13.0,2500000.0,b. Visita a familiares y amigos,"e. Casa propia, de familiares o amigos (sin pago)"
1.0,500000.0,h. Trabajo remunerado en otra ciudad,"e. Casa propia, de familiares o amigos (sin pago)"
3.0,150000.0,b. Visita a familiares y amigos,"e. Casa propia, de familiares o amigos (sin pago)"
1.0,60000.0,h. Trabajo remunerado en otra ciudad,a. Hotel 
4.0,750000.0,a. Vacaciones/recreación/Ocio ,c. Apartahotel
3.0,600000.0,h. Trabajo remunerado en otra ciudad,a. Hotel 
1.0,120000.0,b. Visita a familiares y amigos,"e. Casa propia, de familiares o amigos (sin pago)"
4.0,300000.0,a. Vacaciones/recreación/Ocio ,a. Hotel 
20.0,500000.0,b. Visita a familiares y amigos,"e. Casa propia, de familiares o amigos (sin pago)"
2.0,200000.0,a. Vacaciones/recreación/Ocio ,"e. Casa propia, de familiares o amigos (sin pago)"
3.0,300000.0,b. Visita a familiares y amigos,"e. Casa propia, de familiares o amigos (sin pago)"
4.0,500000.0,g. Negocios y motivos profesionales,"e. Casa propia, de familiares o amigos (sin pago)"
30.0,5000000.0,b. Visita a familiares y amigos,"e. Casa propia, de familiares o amigos (sin pago)"
7.0,100000.0,b. Visita a familiares y amigos,"e. Casa propia, de familiares o amigos (sin pago)"
15.0,200000.0,a. Vacaciones/recreación/Ocio ,"e. Casa propia, de familiares o amigos (sin pago)"
3.0,700000.0,a. Vacaciones/recreación/Ocio ,d. Inmueble de alquiler (pagos por plataforma dig)
1.0,150000.0,b. Visita a familiares y amigos,"e. Casa propia, de familiares o amigos (sin pago)"
1.0,300000.0,b. Visita a familiares y amigos,"e. Casa propia, de familiares o amigos (sin pago)"
2.0,300000.0,b. Visita a familiares y amigos,"e. Casa propia, de familiares o amigos (sin pago)"
2.0,300000.0,a. Vacaciones/recreación/Ocio ,"e. Casa propia, de familiares o amigos (sin pago)"
15.0,100000.0,b. Visita a familiares y amigos,"e. Casa propia, de familiares o amigos (sin pago)"
8.0,300000.0,b. Visita a familiares y amigos,"e. Casa propia, de familiares o amigos (sin pago)"
3.0,200000.0,b. Visita a familiares y amigos,"e. Casa propia, de familiares o amigos (sin pago)"
4.0,1000000.0,a. Vacaciones/recreación/Ocio ,a. Hotel 
1.0,1000000.0,a. Vacaciones/recreación/Ocio ,a. Hotel 
17.0,600000.0,b. Visita a familiares y amigos,"e. Casa propia, de familiares o amigos (sin pago)"
4.0,200000.0,b. Visita a familiares y amigos,"e. Casa propia, de familiares o amigos (sin pago)"
4.0,400000.0,b. Visita a familiares y amigos,"e. Casa propia, de familiares o amigos (sin pago)"
30.0,1500000.0,a. Vacaciones/recreación/Ocio ,"e. Casa propia, de familiares o amigos (sin pago)"
5.0,100000.0,h. Trabajo remunerado en otra ciudad,"e. Casa propia, de familiares o amigos (sin pago)"
23.0,450000.0,h. Trabajo remunerado en otra ciudad,c. Apartahotel
2.0,500000.0,b. Visita a familiares y amigos,"e. Casa propia, de familiares o amigos (sin pago)"
3.0,120000.0,b. Visita a familiares y amigos,"e. Casa propia, de familiares o amigos (sin pago)"
2.0,500.0,b. Visita a familiares y amigos,"e. Casa propia, de familiares o amigos (sin pago)"
3.0,400000.0,a. Vacaciones/recreación/Ocio ,a. Hotel 
2.0,100000.0,b. Visita a familiares y amigos,"e. Casa propia, de familiares o amigos (sin pago)"
8.0,400000.0,b. Visita a familiares y amigos,"e. Casa propia, de familiares o amigos (sin pago)"
5.0,500000.0,a. Vacaciones/recreación/Ocio ,"e. Casa propia, de familiares o amigos (sin pago)"
2.0,500000.0,b. Visita a familiares y amigos,"e. Casa propia, de familiares o amigos (sin pago)"
3.0,400000.0,h. Trabajo remunerado en otra ciudad,a. Hotel 
8.0,1000000.0,b. Visita a familiares y amigos,"e. Casa propia, de familiares o amigos (sin pago)"
3.0,4000000.0,a. Vacaciones/recreación/Ocio ,a. Hotel 
2.0,200.0,a. Vacaciones/recreación/Ocio ,"e. Casa propia, de familiares o amigos (sin pago)"
3.0,100000.0,b. Visita a familiares y amigos,"e. Casa propia, de familiares o amigos (sin pago)"
10.0,200000.0,b. Visita a familiares y amigos,"e. Casa propia, de familiares o amigos (sin pago)"
1.0,350000.0,b. Visita a familiares y amigos,"e. Casa propia, de familiares o amigos (sin pago)"
17.0,1000000.0,b. Visita a familiares y amigos,"e. Casa propia, de familiares o amigos (sin pago)"
2.0,300000.0,b. Visita a familiares y amigos,"e. Casa propia, de familiares o amigos (sin pago)"
3.0,700000.0,a. Vacaciones/recreación/Ocio ,a. Hotel 
2.0,500000.0,h. Trabajo remunerado en otra ciudad,"e. Casa propia, de familiares o amigos (sin pago)"
7.0,2000000.0,b. Visita a familiares y amigos,"e. Casa propia, de familiares o amigos (sin pago)"
1.0,25000.0,b. Visita a familiares y amigos,"e. Casa propia, de familiares o amigos (sin pago)"
4.0,350000.0,b. Visita a familiares y amigos,"e. Casa propia, de familiares o amigos (sin pago)"
7.0,900.0,h. Trabajo remunerado en otra ciudad,"e. Casa propia, de familiares o amigos (sin pago)"
4.0,1000000.0,a. Vacaciones/recreación/Ocio ,a. Hotel 
2.0,1000000.0,b. Visita a familiares y amigos,"e. Casa propia, de familiares o amigos (sin pago)"
3.0,200000.0,b. Visita a familiares y amigos,"e. Casa propia, de familiares o amigos (sin pago)"
7.0,3000000.0,b. Visita a familiares y amigos,"e. Casa propia, de familiares o amigos (sin pago)"
4.0,300000.0,b. Visita a familiares y amigos,"e. Casa propia, de familiares o amigos (sin pago)"
3.0,350000.0,b. Visita a familiares y amigos,"e. Casa propia, de familiares o amigos (sin pago)"
1.0,150000.0,b. Visita a familiares y amigos,"e. Casa propia, de familiares o amigos (sin pago)"
4.0,2.5,a. Vacaciones/recreación/Ocio ,f. Otro
2.0,250000.0,b. Visita a familiares y amigos,"e. Casa propia, de familiares o amigos (sin pago)"
1.0,150000.0,b. Visita a familiares y amigos,"e. Casa propia, de familiares o amigos (sin pago)"
14.0,500000.0,a. Vacaciones/recreación/Ocio ,"e. Casa propia, de familiares o amigos (sin pago)"
2.0,200000.0,b. Visita a familiares y amigos,"e. Casa propia, de familiares o amigos (sin pago)"
1.0,300000.0,g. Negocios y motivos profesionales,"e. Casa propia, de familiares o amigos (sin pago)"
7.0,1500000.0,b. Visita a familiares y amigos,"e. Casa propia, de familiares o amigos (sin pago)"
3.0,200000.0,b. Visita a familiares y amigos,"e. Casa propia, de familiares o amigos (sin pago)"
2.0,500000.0,b. Visita a familiares y amigos,"e. Casa propia, de familiares o amigos (sin pago)"
30.0,100000.0,b. Visita a familiares y amigos,"e. Casa propia, de familiares o amigos (sin pago)"
4.0,300000.0,g. Negocios y motivos profesionales,d. Inmueble de alquiler (pagos por plataforma dig)
3.0,800000.0,b. Visita a familiares y amigos,"e. Casa propia, de familiares o amigos (sin pago)"
2.0,300000.0,a. Vacaciones/recreación/Ocio ,"e. Casa propia, de familiares o amigos (sin pago)"
2.0,150000.0,b. Visita a familiares y amigos,"e. Casa propia, de familiares o amigos (sin pago)"
1.0,500000.0,a. Vacaciones/recreación/Ocio ,a. Hotel 
3.0,100000.0,b. Visita a familiares y amigos,"e. Casa propia, de familiares o amigos (sin pago)"
4.0,500000.0,a. Vacaciones/recreación/Ocio ,a. Hotel 
2.0,1000000.0,b. Visita a familiares y amigos,"e. Casa propia, de familiares o amigos (sin pago)"
3.0,300000.0,b. Visita a familiares y amigos,"e. Casa propia, de familiares o amigos (sin pago)"
2.0,200000.0,b. Visita a familiares y amigos,a. Hotel 
3.0,3800.0,b. Visita a familiares y amigos,"e. Casa propia, de familiares o amigos (sin pago)"
7.0,3000000.0,a. Vacaciones/recreación/Ocio ,a. Hotel 
2.0,350.0,b. Visita a familiares y amigos,"e. Casa propia, de familiares o amigos (sin pago)"
4.0,800000.0,b. Visita a familiares y amigos,"e. Casa propia, de familiares o amigos (sin pago)"
4.0,1000000.0,a. Vacaciones/recreación/Ocio ,a. Hotel 
2.0,100000.0,b. Visita a familiares y amigos,"e. Casa propia, de familiares o amigos (sin pago)"
3.0,100000.0,b. Visita a familiares y amigos,"e. Casa propia, de familiares o amigos (sin pago)"
1.0,70000.0,b. Visita a familiares y amigos,"e. Casa propia, de familiares o amigos (sin pago)"
30.0,2000000.0,a. Vacaciones/recreación/Ocio ,"e. Casa propia, de familiares o amigos (sin pago)"
1.0,200000.0,a. Vacaciones/recreación/Ocio ,a. Hotel 
2.0,200000.0,b. Visita a familiares y amigos,"e. Casa propia, de familiares o amigos (sin pago)"
3.0,2000.0,a. Vacaciones/recreación/Ocio ,"e. Casa propia, de familiares o amigos (sin pago)"
10.0,300000.0,b. Visita a familiares y amigos,"e. Casa propia, de familiares o amigos (sin pago)"
13.0,3000000.0,a. Vacaciones/recreación/Ocio ,"e. Casa propia, de familiares o amigos (sin pago)"
17.0,2000000.0,b. Visita a familiares y amigos,"e. Casa propia, de familiares o amigos (sin pago)"
2.0,1000000.0,b. Visita a familiares y amigos,"e. Casa propia, de familiares o amigos (sin pago)"
5.0,1000000.0,a. Vacaciones/recreación/Ocio ,a. Hotel 
14.0,500000.0,b. Visita a familiares y amigos,"e. Casa propia, de familiares o amigos (sin pago)"
8.0,1000000.0,i. Otro.,"e. Casa propia, de familiares o amigos (sin pago)"
2.0,300000.0,b. Visita a familiares y amigos,"e. Casa propia, de familiares o amigos (sin pago)"
3.0,200000.0,b. Visita a familiares y amigos,"e. Casa propia, de familiares o amigos (sin pago)"
3.0,400000.0,a. Vacaciones/recreación/Ocio ,a. Hotel 
3.0,300000.0,b. Visita a familiares y amigos,"e. Casa propia, de familiares o amigos (sin pago)"
15.0,20000000.0,a. Vacaciones/recreación/Ocio ,a. Hotel 
3.0,1000000.0,b. Visita a familiares y amigos,"e. Casa propia, de familiares o amigos (sin pago)"
7.0,800000.0,b. Visita a familiares y amigos,"e. Casa propia, de familiares o amigos (sin pago)"
1.0,30000.0,a. Vacaciones/recreación/Ocio ,a. Hotel 
2.0,100.0,h. Trabajo remunerado en otra ciudad,"e. Casa propia, de familiares o amigos (sin pago)"
30.0,600000.0,b. Visita a familiares y amigos,"e. Casa propia, de familiares o amigos (sin pago)"
6.0,2000000.0,a. Vacaciones/recreación/Ocio ,"e. Casa propia, de familiares o amigos (sin pago)"
3.0,200000.0,b. Visita a familiares y amigos,"e. Casa propia, de familiares o amigos (sin pago)"
20.0,1000000.0,a. Vacaciones/recreación/Ocio ,"e. Casa propia, de familiares o amigos (sin pago)"
3.0,700000.0,b. Visita a familiares y amigos,"e. Casa propia, de familiares o amigos (sin pago)"
3.0,300000.0,a. Vacaciones/recreación/Ocio ,a. Hotel 
2.0,500000.0,b. Visita a familiares y amigos,"e. Casa propia, de familiares o amigos (sin pago)"
2.0,200000.0,b. Visita a familiares y amigos,"e. Casa propia, de familiares o amigos (sin pago)"
3.0,200000.0,b. Visita a familiares y amigos,"e. Casa propia, de familiares o amigos (sin pago)"
8.0,500000.0,b. Visita a familiares y amigos,"e. Casa propia, de familiares o amigos (sin pago)"
2.0,100000.0,h. Trabajo remunerado en otra ciudad,a. Hotel 
30.0,200000.0,b. Visita a familiares y amigos,"e. Casa propia, de familiares o amigos (sin pago)"
2.0,200000.0,b. Visita a familiares y amigos,"e. Casa propia, de familiares o amigos (sin pago)"
1.0,500000.0,b. Visita a familiares y amigos,"e. Casa propia, de familiares o amigos (sin pago)"
1.0,300000.0,h. Trabajo remunerado en otra ciudad,a. Hotel 
15.0,1000000.0,b. Visita a familiares y amigos,"e. Casa propia, de familiares o amigos (sin pago)"
1.0,100000.0,h. Trabajo remunerado en otra ciudad,a. Hotel 
1.0,500000.0,a. Vacaciones/recreación/Ocio ,"e. Casa propia, de familiares o amigos (sin pago)"
8.0,150000.0,b. Visita a familiares y amigos,"e. Casa propia, de familiares o amigos (sin pago)"
3.0,1000000.0,b. Visita a familiares y amigos,"e. Casa propia, de familiares o amigos (sin pago)"
4.0,400000.0,e. Religión/Peregrinaciones,"e. Casa propia, de familiares o amigos (sin pago)"
3.0,300000.0,b. Visita a familiares y amigos,"e. Casa propia, de familiares o amigos (sin pago)"
2.0,600000.0,h. Trabajo remunerado en otra ciudad,a. Hotel 
3.0,500000.0,b. Visita a familiares y amigos,"e. Casa propia, de familiares o amigos (sin pago)"
7.0,500000.0,b. Visita a familiares y amigos,"e. Casa propia, de familiares o amigos (sin pago)"
7.0,250000.0,b. Visita a familiares y amigos,"e. Casa propia, de familiares o amigos (sin pago)"
2.0,300000.0,b. Visita a familiares y amigos,"e. Casa propia, de familiares o amigos (sin pago)"
8.0,1000000.0,b. Visita a familiares y amigos,"e. Casa propia, de familiares o amigos (sin pago)"
8.0,2000000.0,a. Vacaciones/recreación/Ocio ,"e. Casa propia, de familiares o amigos (sin pago)"
25.0,1000000.0,h. Trabajo remunerado en otra ciudad,"e. Casa propia, de familiares o amigos (sin pago)"
2.0,200000.0,b. Visita a familiares y amigos,"e. Casa propia, de familiares o amigos (sin pago)"
2.0,200000.0,b. Visita a familiares y amigos,a. Hotel 
30.0,2000000.0,b. Visita a familiares y amigos,"e. Casa propia, de familiares o amigos (sin pago)"
2.0,200000.0,a. Vacaciones/recreación/Ocio ,"e. Casa propia, de familiares o amigos (sin pago)"
3.0,500000.0,b. Visita a familiares y amigos,"e. Casa propia, de familiares o amigos (sin pago)"
2.0,300000.0,a. Vacaciones/recreación/Ocio ,"e. Casa propia, de familiares o amigos (sin pago)"
4.0,60000.0,a. Vacaciones/recreación/Ocio ,a. Hotel 
4.0,1000000.0,h. Trabajo remunerado en otra ciudad,a. Hotel 
2.0,1000000.0,a. Vacaciones/recreación/Ocio ,a. Hotel 
1.0,200000.0,h. Trabajo remunerado en otra ciudad,a. Hotel 
3.0,300000.0,b. Visita a familiares y amigos,"e. Casa propia, de familiares o amigos (sin pago)"
2.0,1000.0,h. Trabajo remunerado en otra ciudad,"e. Casa propia, de familiares o amigos (sin pago)"
3.0,2500000.0,h. Trabajo remunerado en otra ciudad,a. Hotel 
2.0,500000.0,h. Trabajo remunerado en otra ciudad,a. Hotel 
4.0,1000000.0,b. Visita a familiares y amigos,"e. Casa propia, de familiares o amigos (sin pago)"
6.0,300000.0,b. Visita a familiares y amigos,"e. Casa propia, de familiares o amigos (sin pago)"
2.0,5000000.0,b. Visita a familiares y amigos,"e. Casa propia, de familiares o amigos (sin pago)"
5.0,600000.0,b. Visita a familiares y amigos,"e. Casa propia, de familiares o amigos (sin pago)"
2.0,1000000.0,b. Visita a familiares y amigos,"e. Casa propia, de familiares o amigos (sin pago)"
2.0,150000.0,b. Visita a familiares y amigos,"e. Casa propia, de familiares o amigos (sin pago)"
7.0,2500.0,a. Vacaciones/recreación/Ocio ,"e. Casa propia, de familiares o amigos (sin pago)"
29.0,200000.0,b. Visita a familiares y amigos,"e. Casa propia, de familiares o amigos (sin pago)"
3.0,1000000.0,h. Trabajo remunerado en otra ciudad,a. Hotel 
3.0,200000.0,b. Visita a familiares y amigos,"e. Casa propia, de familiares o amigos (sin pago)"
15.0,2000000.0,b. Visita a familiares y amigos,"e. Casa propia, de familiares o amigos (sin pago)"
2.0,150000.0,b. Visita a familiares y amigos,"e. Casa propia, de familiares o amigos (sin pago)"
3.0,500000.0,b. Visita a familiares y amigos,a. Hotel 
2.0,200000.0,h. Trabajo remunerado en otra ciudad,a. Hotel 
3.0,2000000.0,a. Vacaciones/recreación/Ocio ,a. Hotel 
6.0,120000.0,b. Visita a familiares y amigos,"e. Casa propia, de familiares o amigos (sin pago)"
2.0,1000000.0,"d. Salud , Bienestar y atención médica","e. Casa propia, de familiares o amigos (sin pago)"
1.0,60000.0,b. Visita a familiares y amigos,"e. Casa propia, de familiares o amigos (sin pago)"
2.0,1000000.0,b. Visita a familiares y amigos,"e. Casa propia, de familiares o amigos (sin pago)"
15.0,2000000.0,a. Vacaciones/recreación/Ocio ,c. Apartahotel
1.0,200000.0,b. Visita a familiares y amigos,"e. Casa propia, de familiares o amigos (sin pago)"
3.0,1000000.0,a. Vacaciones/recreación/Ocio ,"e. Casa propia, de familiares o amigos (sin pago)"
3.0,1000000.0,a. Vacaciones/recreación/Ocio ,a. Hotel 
2.0,500000.0,b. Visita a familiares y amigos,"e. Casa propia, de familiares o amigos (sin pago)"
2.0,50000.0,b. Visita a familiares y amigos,"e. Casa propia, de familiares o amigos (sin pago)"
4.0,100000.0,h. Trabajo remunerado en otra ciudad,a. Hotel 
8.0,20000000.0,b. Visita a familiares y amigos,"e. Casa propia, de familiares o amigos (sin pago)"
4.0,500000.0,a. Vacaciones/recreación/Ocio ,a. Hotel 
1.0,30000.0,b. Visita a familiares y amigos,"e. Casa propia, de familiares o amigos (sin pago)"
5.0,1000000.0,h. Trabajo remunerado en otra ciudad,a. Hotel 
4.0,150000.0,b. Visita a familiares y amigos,"e. Casa propia, de familiares o amigos (sin pago)"
2.0,200000.0,b. Visita a familiares y amigos,"e. Casa propia, de familiares o amigos (sin pago)"
4.0,3000000.0,a. Vacaciones/recreación/Ocio ,a. Hotel 
12.0,100000.0,h. Trabajo remunerado en otra ciudad,a. Hotel 
1.0,300000.0,b. Visita a familiares y amigos,d. Inmueble de alquiler (pagos por plataforma dig)
3.0,1500000.0,a. Vacaciones/recreación/Ocio ,a. Hotel 
2.0,150000.0,b. Visita a familiares y amigos,"e. Casa propia, de familiares o amigos (sin pago)"
2.0,200000.0,b. Visita a familiares y amigos,"e. Casa propia, de familiares o amigos (sin pago)"
2.0,200000.0,h. Trabajo remunerado en otra ciudad,a. Hotel 
8.0,500000.0,a. Vacaciones/recreación/Ocio ,a. Hotel 
1.0,20000.0,b. Visita a familiares y amigos,"e. Casa propia, de familiares o amigos (sin pago)"
7.0,2000000.0,b. Visita a familiares y amigos,"e. Casa propia, de familiares o amigos (sin pago)"
3.0,200000.0,i. Otro.,"e. Casa propia, de familiares o amigos (sin pago)"
6.0,600000.0,b. Visita a familiares y amigos,"e. Casa propia, de familiares o amigos (sin pago)"
2.0,700000.0,b. Visita a familiares y amigos,"e. Casa propia, de familiares o amigos (sin pago)"
2.0,200000.0,a. Vacaciones/recreación/Ocio ,a. Hotel 
2.0,500000.0,g. Negocios y motivos profesionales,"e. Casa propia, de familiares o amigos (sin pago)"
19.0,1000000.0,a. Vacaciones/recreación/Ocio ,"e. Casa propia, de familiares o amigos (sin pago)"
1.0,200000.0,h. Trabajo remunerado en otra ciudad,a. Hotel 
15.0,500000.0,h. Trabajo remunerado en otra ciudad,"e. Casa propia, de familiares o amigos (sin pago)"
8.0,3500000.0,b. Visita a familiares y amigos,"e. Casa propia, de familiares o amigos (sin pago)"
5.0,35000.0,b. Visita a familiares y amigos,"e. Casa propia, de familiares o amigos (sin pago)"
5.0,2000000.0,a. Vacaciones/recreación/Ocio ,a. Hotel 
1.0,300000.0,h. Trabajo remunerado en otra ciudad,a. Hotel 
3.0,600000.0,b. Visita a familiares y amigos,"e. Casa propia, de familiares o amigos (sin pago)"
1.0,300000.0,b. Visita a familiares y amigos,"e. Casa propia, de familiares o amigos (sin pago)"
3.0,100000.0,b. Visita a familiares y amigos,"e. Casa propia, de familiares o amigos (sin pago)"
365.0,300000.0,c. Educación y formación,"e. Casa propia, de familiares o amigos (sin pago)"
7.0,3000000.0,b. Visita a familiares y amigos,"e. Casa propia, de familiares o amigos (sin pago)"
30.0,1000000.0,b. Visita a familiares y amigos,"e. Casa propia, de familiares o amigos (sin pago)"
2.0,500000.0,b. Visita a familiares y amigos,"e. Casa propia, de familiares o amigos (sin pago)"
15.0,1000000.0,b. Visita a familiares y amigos,"e. Casa propia, de familiares o amigos (sin pago)"
7.0,1000000.0,g. Negocios y motivos profesionales,"e. Casa propia, de familiares o amigos (sin pago)"
4.0,2000000.0,a. Vacaciones/recreación/Ocio ,a. Hotel 
5.0,1000000.0,a. Vacaciones/recreación/Ocio ,"e. Casa propia, de familiares o amigos (sin pago)"
1.0,200000.0,b. Visita a familiares y amigos,"e. Casa propia, de familiares o amigos (sin pago)"
3.0,350000.0,a. Vacaciones/recreación/Ocio ,"e. Casa propia, de familiares o amigos (sin pago)"
10.0,3500000.0,b. Visita a familiares y amigos,"e. Casa propia, de familiares o amigos (sin pago)"
3.0,400000.0,c. Educación y formación,"e. Casa propia, de familiares o amigos (sin pago)"
2.0,500000.0,h. Trabajo remunerado en otra ciudad,"e. Casa propia, de familiares o amigos (sin pago)"
16.0,200000.0,h. Trabajo remunerado en otra ciudad,a. Hotel 
2.0,1000000.0,a. Vacaciones/recreación/Ocio ,a. Hotel 
3.0,1800000.0,a. Vacaciones/recreación/Ocio ,a. Hotel 
2.0,600000.0,h. Trabajo remunerado en otra ciudad,a. Hotel 
2.0,650000.0,b. Visita a familiares y amigos,"e. Casa propia, de familiares o amigos (sin pago)"
3.0,200000.0,b. Visita a familiares y amigos,"e. Casa propia, de familiares o amigos (sin pago)"
2.0,1000000.0,h. Trabajo remunerado en otra ciudad,"e. Casa propia, de familiares o amigos (sin pago)"
3.0,500000.0,b. Visita a familiares y amigos,"e. Casa propia, de familiares o amigos (sin pago)"
1.0,100000.0,b. Visita a familiares y amigos,"e. Casa propia, de familiares o amigos (sin pago)"
1.0,500000.0,h. Trabajo remunerado en otra ciudad,a. Hotel 
4.0,2.5,a. Vacaciones/recreación/Ocio ,a. Hotel 
15.0,1000000.0,b. Visita a familiares y amigos,"e. Casa propia, de familiares o amigos (sin pago)"
7.0,200000.0,a. Vacaciones/recreación/Ocio ,a. Hotel 
1.0,200000.0,b. Visita a familiares y amigos,"e. Casa propia, de familiares o amigos (sin pago)"
3.0,500000.0,b. Visita a familiares y amigos,"e. Casa propia, de familiares o amigos (sin pago)"
7.0,500000.0,b. Visita a familiares y amigos,"e. Casa propia, de familiares o amigos (sin pago)"
7.0,1000.0,a. Vacaciones/recreación/Ocio ,a. Hotel 
2.0,200000.0,b. Visita a familiares y amigos,"e. Casa propia, de familiares o amigos (sin pago)"
2.0,300000.0,b. Visita a familiares y amigos,"e. Casa propia, de familiares o amigos (sin pago)"
15.0,300000.0,b. Visita a familiares y amigos,"e. Casa propia, de familiares o amigos (sin pago)"
3.0,3000000.0,a. Vacaciones/recreación/Ocio ,a. Hotel 
1.0,500000.0,h. Trabajo remunerado en otra ciudad,c. Apartahotel
8.0,900000.0,b. Visita a familiares y amigos,"e. Casa propia, de familiares o amigos (sin pago)"
2.0,300000.0,b. Visita a familiares y amigos,"e. Casa propia, de familiares o amigos (sin pago)"
2.0,300000.0,b. Visita a familiares y amigos,"e. Casa propia, de familiares o amigos (sin pago)"
4.0,200000.0,h. Trabajo remunerado en otra ciudad,a. Hotel 
5.0,3000000.0,a. Vacaciones/recreación/Ocio ,d. Inmueble de alquiler (pagos por plataforma dig)
3.0,800000.0,b. Visita a familiares y amigos,"e. Casa propia, de familiares o amigos (sin pago)"
4.0,300000.0,a. Vacaciones/recreación/Ocio ,a. Hotel 
2.0,800000.0,b. Visita a familiares y amigos,"e. Casa propia, de familiares o amigos (sin pago)"
3.0,2000000.0,a. Vacaciones/recreación/Ocio ,a. Hotel 
4.0,2000000.0,h. Trabajo remunerado en otra ciudad,a. Hotel 
1.0,500000.0,h. Trabajo remunerado en otra ciudad,a. Hotel 
4.0,5000000.0,c. Educación y formación,a. Hotel 
20.0,25000000.0,a. Vacaciones/recreación/Ocio ,a. Hotel 
3.0,400000.0,h. Trabajo remunerado en otra ciudad,a. Hotel 
8.0,500000.0,a. Vacaciones/recreación/Ocio ,"e. Casa propia, de familiares o amigos (sin pago)"
3.0,200000.0,a. Vacaciones/recreación/Ocio ,"e. Casa propia, de familiares o amigos (sin pago)"
3.0,600.0,a. Vacaciones/recreación/Ocio ,a. Hotel 
1.0,45000.0,b. Visita a familiares y amigos,"e. Casa propia, de familiares o amigos (sin pago)"
8.0,3000000.0,a. Vacaciones/recreación/Ocio ,"e. Casa propia, de familiares o amigos (sin pago)"
3.0,2000000.0,a. Vacaciones/recreación/Ocio ,a. Hotel 
6.0,1000000.0,a. Vacaciones/recreación/Ocio ,"e. Casa propia, de familiares o amigos (sin pago)"
3.0,1000000.0,a. Vacaciones/recreación/Ocio ,"e. Casa propia, de familiares o amigos (sin pago)"
1.0,60000.0,b. Visita a familiares y amigos,"e. Casa propia, de familiares o amigos (sin pago)"
2.0,800000.0,b. Visita a familiares y amigos,"e. Casa propia, de familiares o amigos (sin pago)"
6.0,600000.0,b. Visita a familiares y amigos,"e. Casa propia, de familiares o amigos (sin pago)"
90.0,3500000.0,a. Vacaciones/recreación/Ocio ,"e. Casa propia, de familiares o amigos (sin pago)"
3.0,1000000.0,b. Visita a familiares y amigos,"e. Casa propia, de familiares o amigos (sin pago)"
2.0,300000.0,b. Visita a familiares y amigos,"e. Casa propia, de familiares o amigos (sin pago)"
4.0,200000.0,h. Trabajo remunerado en otra ciudad,a. Hotel 
2.0,310000.0,h. Trabajo remunerado en otra ciudad,a. Hotel 
3.0,2000.0,b. Visita a familiares y amigos,"e. Casa propia, de familiares o amigos (sin pago)"
3.0,500000.0,b. Visita a familiares y amigos,"e. Casa propia, de familiares o amigos (sin pago)"
1.0,200000.0,a. Vacaciones/recreación/Ocio ,a. Hotel 
2.0,1000000.0,g. Negocios y motivos profesionales,a. Hotel 
7.0,150000.0,g. Negocios y motivos profesionales,"e. Casa propia, de familiares o amigos (sin pago)"
3.0,300000.0,a. Vacaciones/recreación/Ocio ,a. Hotel 
7.0,350000.0,h. Trabajo remunerado en otra ciudad,"e. Casa propia, de familiares o amigos (sin pago)"
3.0,1000000.0,a. Vacaciones/recreación/Ocio ,a. Hotel 
2.0,250000.0,a. Vacaciones/recreación/Ocio ,d. Inmueble de alquiler (pagos por plataforma dig)
8.0,400000.0,b. Visita a familiares y amigos,"e. Casa propia, de familiares o amigos (sin pago)"
10.0,500000.0,a. Vacaciones/recreación/Ocio ,"e. Casa propia, de familiares o amigos (sin pago)"
2.0,200000.0,b. Visita a familiares y amigos,"e. Casa propia, de familiares o amigos (sin pago)"
4.0,2800000.0,b. Visita a familiares y amigos,"e. Casa propia, de familiares o amigos (sin pago)"
3.0,200000.0,a. Vacaciones/recreación/Ocio ,a. Hotel 
4.0,3000000.0,b. Visita a familiares y amigos,"e. Casa propia, de familiares o amigos (sin pago)"
5.0,3000000.0,a. Vacaciones/recreación/Ocio ,"e. Casa propia, de familiares o amigos (sin pago)"
7.0,300000.0,a. Vacaciones/recreación/Ocio ,"e. Casa propia, de familiares o amigos (sin pago)"
5.0,2000000.0,b. Visita a familiares y amigos,"e. Casa propia, de familiares o amigos (sin pago)"
10.0,500000.0,a. Vacaciones/recreación/Ocio ,"e. Casa propia, de familiares o amigos (sin pago)"
4.0,400000.0,a. Vacaciones/recreación/Ocio ,a. Hotel 
8.0,500000.0,a. Vacaciones/recreación/Ocio ,"e. Casa propia, de familiares o amigos (sin pago)"
7.0,500000.0,a. Vacaciones/recreación/Ocio ,"e. Casa propia, de familiares o amigos (sin pago)"
15.0,150000.0,b. Visita a familiares y amigos,"e. Casa propia, de familiares o amigos (sin pago)"
3.0,400000.0,b. Visita a familiares y amigos,"e. Casa propia, de familiares o amigos (sin pago)"
8.0,8000000.0,a. Vacaciones/recreación/Ocio ,a. Hotel 
3.0,120000.0,h. Trabajo remunerado en otra ciudad,"e. Casa propia, de familiares o amigos (sin pago)"
3.0,220000.0,h. Trabajo remunerado en otra ciudad,b. Hostal
8.0,350000.0,a. Vacaciones/recreación/Ocio ,"e. Casa propia, de familiares o amigos (sin pago)"
4.0,1000000.0,a. Vacaciones/recreación/Ocio ,a. Hotel 
5.0,350000.0,a. Vacaciones/recreación/Ocio ,a. Hotel 
5.0,250000.0,a. Vacaciones/recreación/Ocio ,"e. Casa propia, de familiares o amigos (sin pago)"
15.0,2000000.0,a. Vacaciones/recreación/Ocio ,"e. Casa propia, de familiares o amigos (sin pago)"
2.0,1000000.0,b. Visita a familiares y amigos,"e. Casa propia, de familiares o amigos (sin pago)"
4.0,1000000.0,a. Vacaciones/recreación/Ocio ,"e. Casa propia, de familiares o amigos (sin pago)"
2.0,500000.0,a. Vacaciones/recreación/Ocio ,a. Hotel 
15.0,500000.0,a. Vacaciones/recreación/Ocio ,"e. Casa propia, de familiares o amigos (sin pago)"
4.0,3000000.0,a. Vacaciones/recreación/Ocio ,a. Hotel 
4.0,500000.0,b. Visita a familiares y amigos,"e. Casa propia, de familiares o amigos (sin pago)"
4.0,750000.0,a. Vacaciones/recreación/Ocio ,b. Hostal
4.0,100000.0,b. Visita a familiares y amigos,"e. Casa propia, de familiares o amigos (sin pago)"
1.0,180000.0,h. Trabajo remunerado en otra ciudad,a. Hotel 
7.0,800000.0,a. Vacaciones/recreación/Ocio ,"e. Casa propia, de familiares o amigos (sin pago)"
8.0,300000.0,b. Visita a familiares y amigos,"e. Casa propia, de familiares o amigos (sin pago)"
2.0,400000.0,b. Visita a familiares y amigos,"e. Casa propia, de familiares o amigos (sin pago)"
4.0,350000.0,a. Vacaciones/recreación/Ocio ,"e. Casa propia, de familiares o amigos (sin pago)"
10.0,300000.0,h. Trabajo remunerado en otra ciudad,"e. Casa propia, de familiares o amigos (sin pago)"
4.0,2000000.0,a. Vacaciones/recreación/Ocio ,a. Hotel 
3.0,3000000.0,a. Vacaciones/recreación/Ocio ,a. Hotel 
4.0,850000.0,b. Visita a familiares y amigos,"e. Casa propia, de familiares o amigos (sin pago)"
15.0,1000000.0,g. Negocios y motivos profesionales,a. Hotel 
999.0,500000.0,b. Visita a familiares y amigos,"e. Casa propia, de familiares o amigos (sin pago)"
5.0,2000000.0,a. Vacaciones/recreación/Ocio ,a. Hotel 
3.0,100000.0,b. Visita a familiares y amigos,"e. Casa propia, de familiares o amigos (sin pago)"
3.0,300000.0,b. Visita a familiares y amigos,"e. Casa propia, de familiares o amigos (sin pago)"
45.0,3000000.0,a. Vacaciones/recreación/Ocio ,"e. Casa propia, de familiares o amigos (sin pago)"
4.0,300000.0,b. Visita a familiares y amigos,"e. Casa propia, de familiares o amigos (sin pago)"
4.0,450000.0,h. Trabajo remunerado en otra ciudad,a. Hotel 
15.0,1000000.0,a. Vacaciones/recreación/Ocio ,"e. Casa propia, de familiares o amigos (sin pago)"
10.0,300000.0,b. Visita a familiares y amigos,"e. Casa propia, de familiares o amigos (sin pago)"
7.0,3000000.0,a. Vacaciones/recreación/Ocio ,a. Hotel 
10.0,500000.0,b. Visita a familiares y amigos,"e. Casa propia, de familiares o amigos (sin pago)"
3.0,400000.0,b. Visita a familiares y amigos,"e. Casa propia, de familiares o amigos (sin pago)"
6.0,500000.0,b. Visita a familiares y amigos,"e. Casa propia, de familiares o amigos (sin pago)"
5.0,3000000.0,b. Visita a familiares y amigos,"e. Casa propia, de familiares o amigos (sin pago)"
4.0,1500000.0,h. Trabajo remunerado en otra ciudad,a. Hotel 
3.0,1600000.0,b. Visita a familiares y amigos,"e. Casa propia, de familiares o amigos (sin pago)"
15.0,300000.0,h. Trabajo remunerado en otra ciudad,"e. Casa propia, de familiares o amigos (sin pago)"
8.0,4000000.0,a. Vacaciones/recreación/Ocio ,a. Hotel 
1.0,250000.0,g. Negocios y motivos profesionales,"e. Casa propia, de familiares o amigos (sin pago)"
3.0,1000000.0,h. Trabajo remunerado en otra ciudad,"e. Casa propia, de familiares o amigos (sin pago)"
5.0,500000.0,a. Vacaciones/recreación/Ocio ,a. Hotel 
15.0,150000.0,h. Trabajo remunerado en otra ciudad,"e. Casa propia, de familiares o amigos (sin pago)"
5.0,2000000.0,a. Vacaciones/recreación/Ocio ,a. Hotel 
6.0,800000.0,b. Visita a familiares y amigos,"e. Casa propia, de familiares o amigos (sin pago)"
3.0,800000.0,g. Negocios y motivos profesionales,a. Hotel 
6.0,300000.0,b. Visita a familiares y amigos,"e. Casa propia, de familiares o amigos (sin pago)"
2.0,2000000.0,b. Visita a familiares y amigos,d. Inmueble de alquiler (pagos por plataforma dig)
7.0,500000.0,g. Negocios y motivos profesionales,"e. Casa propia, de familiares o amigos (sin pago)"
3.0,800000.0,b. Visita a familiares y amigos,"e. Casa propia, de familiares o amigos (sin pago)"
4.0,200000.0,b. Visita a familiares y amigos,"e. Casa propia, de familiares o amigos (sin pago)"
10.0,1000000.0,g. Negocios y motivos profesionales,a. Hotel 
3.0,200000.0,b. Visita a familiares y amigos,"e. Casa propia, de familiares o amigos (sin pago)"
5.0,2000000.0,b. Visita a familiares y amigos,"e. Casa propia, de familiares o amigos (sin pago)"
4.0,1000000.0,b. Visita a familiares y amigos,a. Hotel 
4.0,200000.0,a. Vacaciones/recreación/Ocio ,"e. Casa propia, de familiares o amigos (sin pago)"
7.0,3800000.0,b. Visita a familiares y amigos,"e. Casa propia, de familiares o amigos (sin pago)"
15.0,500000.0,a. Vacaciones/recreación/Ocio ,"e. Casa propia, de familiares o amigos (sin pago)"
3.0,800000.0,b. Visita a familiares y amigos,"e. Casa propia, de familiares o amigos (sin pago)"
6.0,500000.0,a. Vacaciones/recreación/Ocio ,"e. Casa propia, de familiares o amigos (sin pago)"
5.0,2000000.0,a. Vacaciones/recreación/Ocio ,a. Hotel 
8.0,1000000.0,a. Vacaciones/recreación/Ocio ,"e. Casa propia, de familiares o amigos (sin pago)"
8.0,600000.0,b. Visita a familiares y amigos,"e. Casa propia, de familiares o amigos (sin pago)"
8.0,1600000.0,b. Visita a familiares y amigos,"e. Casa propia, de familiares o amigos (sin pago)"
8.0,5000000.0,a. Vacaciones/recreación/Ocio ,a. Hotel 
3.0,350000.0,b. Visita a familiares y amigos,"e. Casa propia, de familiares o amigos (sin pago)"
3.0,2500000.0,a. Vacaciones/recreación/Ocio ,"e. Casa propia, de familiares o amigos (sin pago)"
10.0,700000.0,h. Trabajo remunerado en otra ciudad,"e. Casa propia, de familiares o amigos (sin pago)"
4.0,250000.0,a. Vacaciones/recreación/Ocio ,"e. Casa propia, de familiares o amigos (sin pago)"
4.0,350000.0,a. Vacaciones/recreación/Ocio ,"e. Casa propia, de familiares o amigos (sin pago)"
6.0,500000.0,h. Trabajo remunerado en otra ciudad,"e. Casa propia, de familiares o amigos (sin pago)"
5.0,2000000.0,b. Visita a familiares y amigos,"e. Casa propia, de familiares o amigos (sin pago)"
4.0,100000.0,b. Visita a familiares y amigos,"e. Casa propia, de familiares o amigos (sin pago)"
4.0,1500000.0,b. Visita a familiares y amigos,"e. Casa propia, de familiares o amigos (sin pago)"
4.0,150000.0,h. Trabajo remunerado en otra ciudad,"e. Casa propia, de familiares o amigos (sin pago)"
3.0,2000000.0,a. Vacaciones/recreación/Ocio ,a. Hotel 
14.0,150.0,b. Visita a familiares y amigos,"e. Casa propia, de familiares o amigos (sin pago)"
3.0,250000.0,b. Visita a familiares y amigos,"e. Casa propia, de familiares o amigos (sin pago)"
2.0,1000000.0,h. Trabajo remunerado en otra ciudad,a. Hotel 
5.0,3000000.0,a. Vacaciones/recreación/Ocio ,d. Inmueble de alquiler (pagos por plataforma dig)
6.0,4000000.0,a. Vacaciones/recreación/Ocio ,a. Hotel 
4.0,400000.0,a. Vacaciones/recreación/Ocio ,a. Hotel 
5.0,500000.0,b. Visita a familiares y amigos,"e. Casa propia, de familiares o amigos (sin pago)"
1.0,100000.0,h. Trabajo remunerado en otra ciudad,"e. Casa propia, de familiares o amigos (sin pago)"
5.0,3000000.0,a. Vacaciones/recreación/Ocio ,"e. Casa propia, de familiares o amigos (sin pago)"
4.0,500000.0,b. Visita a familiares y amigos,"e. Casa propia, de familiares o amigos (sin pago)"
12.0,1000000.0,b. Visita a familiares y amigos,"e. Casa propia, de familiares o amigos (sin pago)"
1.0,100000.0,b. Visita a familiares y amigos,"e. Casa propia, de familiares o amigos (sin pago)"
3.0,1000000.0,h. Trabajo remunerado en otra ciudad,a. Hotel 
10.0,850000.0,a. Vacaciones/recreación/Ocio ,"e. Casa propia, de familiares o amigos (sin pago)"
5.0,200000.0,a. Vacaciones/recreación/Ocio ,a. Hotel 
20.0,250000.0,h. Trabajo remunerado en otra ciudad,"e. Casa propia, de familiares o amigos (sin pago)"
2.0,300000.0,b. Visita a familiares y amigos,"e. Casa propia, de familiares o amigos (sin pago)"
5.0,400000.0,a. Vacaciones/recreación/Ocio ,a. Hotel 
15.0,2000000.0,a. Vacaciones/recreación/Ocio ,"e. Casa propia, de familiares o amigos (sin pago)"
5.0,500000.0,a. Vacaciones/recreación/Ocio ,a. Hotel 
2.0,1000000.0,g. Negocios y motivos profesionales,a. Hotel 
6.0,300000.0,a. Vacaciones/recreación/Ocio ,"e. Casa propia, de familiares o amigos (sin pago)"
10.0,300000.0,h. Trabajo remunerado en otra ciudad,"e. Casa propia, de familiares o amigos (sin pago)"
8.0,2000000.0,b. Visita a familiares y amigos,"e. Casa propia, de familiares o amigos (sin pago)"
4.0,500000.0,a. Vacaciones/recreación/Ocio ,a. Hotel 
7.0,1000000.0,a. Vacaciones/recreación/Ocio ,a. Hotel 
3.0,1000000.0,b. Visita a familiares y amigos,"e. Casa propia, de familiares o amigos (sin pago)"
3.0,200000.0,b. Visita a familiares y amigos,"e. Casa propia, de familiares o amigos (sin pago)"
3.0,250000.0,h. Trabajo remunerado en otra ciudad,a. Hotel 
6.0,250000.0,b. Visita a familiares y amigos,"e. Casa propia, de familiares o amigos (sin pago)"
4.0,250000.0,b. Visita a familiares y amigos,d. Inmueble de alquiler (pagos por plataforma dig)
9.0,2500000.0,a. Vacaciones/recreación/Ocio ,"e. Casa propia, de familiares o amigos (sin pago)"
3.0,1500000.0,a. Vacaciones/recreación/Ocio ,d. Inmueble de alquiler (pagos por plataforma dig)
3.0,200000.0,b. Visita a familiares y amigos,"e. Casa propia, de familiares o amigos (sin pago)"
6.0,500000.0,a. Vacaciones/recreación/Ocio ,"e. Casa propia, de familiares o amigos (sin pago)"
5.0,3200000.0,a. Vacaciones/recreación/Ocio ,a. Hotel 
7.0,10000000.0,a. Vacaciones/recreación/Ocio ,a. Hotel 
6.0,2500000.0,a. Vacaciones/recreación/Ocio ,"e. Casa propia, de familiares o amigos (sin pago)"
20.0,4000000.0,a. Vacaciones/recreación/Ocio ,"e. Casa propia, de familiares o amigos (sin pago)"
3.0,250000.0,h. Trabajo remunerado en otra ciudad,c. Apartahotel
4.0,500000.0,g. Negocios y motivos profesionales,a. Hotel 
4.0,350000.0,a. Vacaciones/recreación/Ocio ,a. Hotel 
5.0,250000.0,b. Visita a familiares y amigos,"e. Casa propia, de familiares o amigos (sin pago)"
3.0,250000.0,g. Negocios y motivos profesionales,"e. Casa propia, de familiares o amigos (sin pago)"
4.0,300000.0,h. Trabajo remunerado en otra ciudad,"e. Casa propia, de familiares o amigos (sin pago)"
3.0,200000.0,b. Visita a familiares y amigos,"e. Casa propia, de familiares o amigos (sin pago)"
3.0,100000.0,b. Visita a familiares y amigos,"e. Casa propia, de familiares o amigos (sin pago)"
2.0,450000.0,b. Visita a familiares y amigos,"e. Casa propia, de familiares o amigos (sin pago)"
4.0,300000.0,b. Visita a familiares y amigos,"e. Casa propia, de familiares o amigos (sin pago)"
2.0,400000.0,a. Vacaciones/recreación/Ocio ,a. Hotel 
3.0,200000.0,b. Visita a familiares y amigos,"e. Casa propia, de familiares o amigos (sin pago)"
8.0,400000.0,a. Vacaciones/recreación/Ocio ,"e. Casa propia, de familiares o amigos (sin pago)"
5.0,300000.0,b. Visita a familiares y amigos,"e. Casa propia, de familiares o amigos (sin pago)"
10.0,100000.0,a. Vacaciones/recreación/Ocio ,"e. Casa propia, de familiares o amigos (sin pago)"
6.0,500000.0,a. Vacaciones/recreación/Ocio ,"e. Casa propia, de familiares o amigos (sin pago)"
3.0,300000.0,b. Visita a familiares y amigos,"e. Casa propia, de familiares o amigos (sin pago)"
6.0,1500000.0,b. Visita a familiares y amigos,"e. Casa propia, de familiares o amigos (sin pago)"
3.0,2000000.0,b. Visita a familiares y amigos,"e. Casa propia, de familiares o amigos (sin pago)"
3.0,200000.0,b. Visita a familiares y amigos,"e. Casa propia, de familiares o amigos (sin pago)"
6.0,250000.0,a. Vacaciones/recreación/Ocio ,"e. Casa propia, de familiares o amigos (sin pago)"
6.0,2500000.0,a. Vacaciones/recreación/Ocio ,a. Hotel 
3.0,300000.0,g. Negocios y motivos profesionales,"e. Casa propia, de familiares o amigos (sin pago)"
3.0,200000.0,h. Trabajo remunerado en otra ciudad,a. Hotel 
10.0,500000.0,b. Visita a familiares y amigos,"e. Casa propia, de familiares o amigos (sin pago)"
4.0,800000.0,a. Vacaciones/recreación/Ocio ,"e. Casa propia, de familiares o amigos (sin pago)"
8.0,2300000.0,b. Visita a familiares y amigos,"e. Casa propia, de familiares o amigos (sin pago)"
1.0,250000.0,g. Negocios y motivos profesionales,d. Inmueble de alquiler (pagos por plataforma dig)
4.0,1500000.0,a. Vacaciones/recreación/Ocio ,a. Hotel 
4.0,350000.0,b. Visita a familiares y amigos,"e. Casa propia, de familiares o amigos (sin pago)"
2.0,250000.0,b. Visita a familiares y amigos,"e. Casa propia, de familiares o amigos (sin pago)"
2.0,300000.0,h. Trabajo remunerado en otra ciudad,a. Hotel 
4.0,350000.0,a. Vacaciones/recreación/Ocio ,"e. Casa propia, de familiares o amigos (sin pago)"
3.0,300000.0,b. Visita a familiares y amigos,"e. Casa propia, de familiares o amigos (sin pago)"
2.0,110000.0,g. Negocios y motivos profesionales,a. Hotel 
6.0,3500000.0,a. Vacaciones/recreación/Ocio ,a. Hotel 
5.0,3000000.0,a. Vacaciones/recreación/Ocio ,a. Hotel 
3.0,200000.0,b. Visita a familiares y amigos,"e. Casa propia, de familiares o amigos (sin pago)"
3.0,300000.0,h. Trabajo remunerado en otra ciudad,"e. Casa propia, de familiares o amigos (sin pago)"
6.0,500000.0,a. Vacaciones/recreación/Ocio ,a. Hotel 
3.0,2500000.0,a. Vacaciones/recreación/Ocio ,d. Inmueble de alquiler (pagos por plataforma dig)
2.0,2000000.0,b. Visita a familiares y amigos,a. Hotel 
7.0,250000.0,h. Trabajo remunerado en otra ciudad,c. Apartahotel
10.0,350000.0,a. Vacaciones/recreación/Ocio ,"e. Casa propia, de familiares o amigos (sin pago)"
7.0,300000.0,g. Negocios y motivos profesionales,a. Hotel 
2.0,600000.0,b. Visita a familiares y amigos,"e. Casa propia, de familiares o amigos (sin pago)"
2.0,150000.0,b. Visita a familiares y amigos,"e. Casa propia, de familiares o amigos (sin pago)"
35.0,7000000.0,a. Vacaciones/recreación/Ocio ,"e. Casa propia, de familiares o amigos (sin pago)"
4.0,2000000.0,b. Visita a familiares y amigos,"e. Casa propia, de familiares o amigos (sin pago)"
4.0,1000000.0,a. Vacaciones/recreación/Ocio ,a. Hotel 
3.0,300000.0,b. Visita a familiares y amigos,"e. Casa propia, de familiares o amigos (sin pago)"
5.0,700000.0,b. Visita a familiares y amigos,"e. Casa propia, de familiares o amigos (sin pago)"
4.0,350000.0,a. Vacaciones/recreación/Ocio ,a. Hotel 
8.0,500000.0,b. Visita a familiares y amigos,"e. Casa propia, de familiares o amigos (sin pago)"
4.0,1000000.0,a. Vacaciones/recreación/Ocio ,"e. Casa propia, de familiares o amigos (sin pago)"
8.0,500000.0,a. Vacaciones/recreación/Ocio ,"e. Casa propia, de familiares o amigos (sin pago)"
3.0,800000.0,e. Religión/Peregrinaciones,a. Hotel 
3.0,200000.0,b. Visita a familiares y amigos,"e. Casa propia, de familiares o amigos (sin pago)"
5.0,500000.0,b. Visita a familiares y amigos,"e. Casa propia, de familiares o amigos (sin pago)"
3.0,850000.0,a. Vacaciones/recreación/Ocio ,"e. Casa propia, de familiares o amigos (sin pago)"
2.0,1000000.0,g. Negocios y motivos profesionales,a. Hotel 
2.0,2500000.0,b. Visita a familiares y amigos,"e. Casa propia, de familiares o amigos (sin pago)"
6.0,2000000.0,a. Vacaciones/recreación/Ocio ,"e. Casa propia, de familiares o amigos (sin pago)"
5.0,300000.0,b. Visita a familiares y amigos,"e. Casa propia, de familiares o amigos (sin pago)"
4.0,500000.0,g. Negocios y motivos profesionales,a. Hotel 
3.0,200000.0,b. Visita a familiares y amigos,"e. Casa propia, de familiares o amigos (sin pago)"
3.0,1500000.0,b. Visita a familiares y amigos,"e. Casa propia, de familiares o amigos (sin pago)"
3.0,700000.0,a. Vacaciones/recreación/Ocio ,c. Apartahotel
15.0,500000.0,a. Vacaciones/recreación/Ocio ,"e. Casa propia, de familiares o amigos (sin pago)"
7.0,2500000.0,a. Vacaciones/recreación/Ocio ,a. Hotel 
5.0,3000000.0,a. Vacaciones/recreación/Ocio ,a. Hotel 
10.0,300000.0,a. Vacaciones/recreación/Ocio ,"e. Casa propia, de familiares o amigos (sin pago)"
7.0,200000.0,b. Visita a familiares y amigos,"e. Casa propia, de familiares o amigos (sin pago)"
5.0,1600000.0,b. Visita a familiares y amigos,"e. Casa propia, de familiares o amigos (sin pago)"
3.0,500000.0,g. Negocios y motivos profesionales,a. Hotel 
7.0,5000000.0,a. Vacaciones/recreación/Ocio ,a. Hotel 
10.0,500000.0,a. Vacaciones/recreación/Ocio ,"e. Casa propia, de familiares o amigos (sin pago)"
7.0,2500000.0,a. Vacaciones/recreación/Ocio ,a. Hotel 
5.0,800000.0,a. Vacaciones/recreación/Ocio ,a. Hotel 
15.0,350000.0,h. Trabajo remunerado en otra ciudad,a. Hotel 
5.0,200000.0,h. Trabajo remunerado en otra ciudad,"e. Casa propia, de familiares o amigos (sin pago)"
4.0,700000.0,a. Vacaciones/recreación/Ocio ,a. Hotel 
2.0,350000.0,b. Visita a familiares y amigos,"e. Casa propia, de familiares o amigos (sin pago)"
999.0,500000.0,b. Visita a familiares y amigos,"e. Casa propia, de familiares o amigos (sin pago)"
3.0,1000000.0,a. Vacaciones/recreación/Ocio ,a. Hotel 
3.0,500000.0,b. Visita a familiares y amigos,"e. Casa propia, de familiares o amigos (sin pago)"
15.0,150000.0,h. Trabajo remunerado en otra ciudad,"e. Casa propia, de familiares o amigos (sin pago)"
4.0,200000.0,b. Visita a familiares y amigos,"e. Casa propia, de familiares o amigos (sin pago)"
3.0,300000.0,h. Trabajo remunerado en otra ciudad,"e. Casa propia, de familiares o amigos (sin pago)"
5.0,800000.0,a. Vacaciones/recreación/Ocio ,"e. Casa propia, de familiares o amigos (sin pago)"
4.0,1700000.0,a. Vacaciones/recreación/Ocio ,a. Hotel 
3.0,300000.0,b. Visita a familiares y amigos,"e. Casa propia, de familiares o amigos (sin pago)"
4.0,500000.0,h. Trabajo remunerado en otra ciudad,a. Hotel 
1.0,2000000.0,g. Negocios y motivos profesionales,a. Hotel 
3.0,120000.0,b. Visita a familiares y amigos,"e. Casa propia, de familiares o amigos (sin pago)"
10.0,500000.0,b. Visita a familiares y amigos,"e. Casa propia, de familiares o amigos (sin pago)"
7.0,100000.0,b. Visita a familiares y amigos,"e. Casa propia, de familiares o amigos (sin pago)"
6.0,350000.0,a. Vacaciones/recreación/Ocio ,"e. Casa propia, de familiares o amigos (sin pago)"
3.0,600000.0,a. Vacaciones/recreación/Ocio ,a. Hotel 
3.0,300000.0,b. Visita a familiares y amigos,"e. Casa propia, de familiares o amigos (sin pago)"
6.0,800000.0,a. Vacaciones/recreación/Ocio ,a. Hotel 
15.0,5000000.0,b. Visita a familiares y amigos,"e. Casa propia, de familiares o amigos (sin pago)"
4.0,200000.0,b. Visita a familiares y amigos,"e. Casa propia, de familiares o amigos (sin pago)"
8.0,500000.0,a. Vacaciones/recreación/Ocio ,"e. Casa propia, de familiares o amigos (sin pago)"
4.0,200000.0,h. Trabajo remunerado en otra ciudad,a. Hotel 
6.0,1000000.0,a. Vacaciones/recreación/Ocio ,d. Inmueble de alquiler (pagos por plataforma dig)
10.0,1000000.0,a. Vacaciones/recreación/Ocio ,"e. Casa propia, de familiares o amigos (sin pago)"
2.0,800000.0,i. Otro.,a. Hotel 
4.0,300000.0,h. Trabajo remunerado en otra ciudad,a. Hotel 
26.0,3500000.0,b. Visita a familiares y amigos,"e. Casa propia, de familiares o amigos (sin pago)"
4.0,200000.0,b. Visita a familiares y amigos,"e. Casa propia, de familiares o amigos (sin pago)"
6.0,500000.0,a. Vacaciones/recreación/Ocio ,"e. Casa propia, de familiares o amigos (sin pago)"
2.0,600000.0,a. Vacaciones/recreación/Ocio ,a. Hotel 
999.0,300000.0,b. Visita a familiares y amigos,"e. Casa propia, de familiares o amigos (sin pago)"
7.0,500000.0,a. Vacaciones/recreación/Ocio ,"e. Casa propia, de familiares o amigos (sin pago)"
7.0,500000.0,a. Vacaciones/recreación/Ocio ,"e. Casa propia, de familiares o amigos (sin pago)"
2.0,300000.0,h. Trabajo remunerado en otra ciudad,a. Hotel 
6.0,4000000.0,a. Vacaciones/recreación/Ocio ,a. Hotel 
5.0,500000.0,h. Trabajo remunerado en otra ciudad,d. Inmueble de alquiler (pagos por plataforma dig)
2.0,1000000.0,b. Visita a familiares y amigos,"e. Casa propia, de familiares o amigos (sin pago)"
5.0,500000.0,a. Vacaciones/recreación/Ocio ,"e. Casa propia, de familiares o amigos (sin pago)"
3.0,600000.0,b. Visita a familiares y amigos,"e. Casa propia, de familiares o amigos (sin pago)"
999.0,680000.0,b. Visita a familiares y amigos,"e. Casa propia, de familiares o amigos (sin pago)"
6.0,200000.0,a. Vacaciones/recreación/Ocio ,"e. Casa propia, de familiares o amigos (sin pago)"
2.0,180000.0,h. Trabajo remunerado en otra ciudad,b. Hostal
5.0,150000.0,b. Visita a familiares y amigos,"e. Casa propia, de familiares o amigos (sin pago)"
3.0,100000.0,b. Visita a familiares y amigos,"e. Casa propia, de familiares o amigos (sin pago)"
5.0,250000.0,a. Vacaciones/recreación/Ocio ,"e. Casa propia, de familiares o amigos (sin pago)"
5.0,800000.0,a. Vacaciones/recreación/Ocio ,"e. Casa propia, de familiares o amigos (sin pago)"
4.0,200000.0,b. Visita a familiares y amigos,"e. Casa propia, de familiares o amigos (sin pago)"
12.0,3000000.0,a. Vacaciones/recreación/Ocio ,"e. Casa propia, de familiares o amigos (sin pago)"
2.0,200000.0,b. Visita a familiares y amigos,"e. Casa propia, de familiares o amigos (sin pago)"
15.0,800000.0,a. Vacaciones/recreación/Ocio ,"e. Casa propia, de familiares o amigos (sin pago)"
10.0,3000000.0,a. Vacaciones/recreación/Ocio ,c. Apartahotel
6.0,2000000.0,a. Vacaciones/recreación/Ocio ,a. Hotel 
3.0,1000000.0,i. Otro.,a. Hotel 
2.0,150000.0,a. Vacaciones/recreación/Ocio ,"e. Casa propia, de familiares o amigos (sin pago)"
6.0,2500000.0,b. Visita a familiares y amigos,"e. Casa propia, de familiares o amigos (sin pago)"
3.0,200000.0,a. Vacaciones/recreación/Ocio ,"e. Casa propia, de familiares o amigos (sin pago)"
3.0,3000000.0,b. Visita a familiares y amigos,d. Inmueble de alquiler (pagos por plataforma dig)
3.0,500000.0,g. Negocios y motivos profesionales,a. Hotel 
4.0,5000000.0,g. Negocios y motivos profesionales,d. Inmueble de alquiler (pagos por plataforma dig)
7.0,500000.0,a. Vacaciones/recreación/Ocio ,"e. Casa propia, de familiares o amigos (sin pago)"
5.0,100000.0,h. Trabajo remunerado en otra ciudad,"e. Casa propia, de familiares o amigos (sin pago)"
6.0,200000.0,g. Negocios y motivos profesionales,"e. Casa propia, de familiares o amigos (sin pago)"
40.0,1000000.0,a. Vacaciones/recreación/Ocio ,"e. Casa propia, de familiares o amigos (sin pago)"
3.0,1500000.0,a. Vacaciones/recreación/Ocio ,a. Hotel 
4.0,2500000.0,a. Vacaciones/recreación/Ocio ,a. Hotel 
10.0,5000000.0,a. Vacaciones/recreación/Ocio ,"e. Casa propia, de familiares o amigos (sin pago)"
8.0,500000.0,a. Vacaciones/recreación/Ocio ,"e. Casa propia, de familiares o amigos (sin pago)"
3.0,1500000.0,b. Visita a familiares y amigos,"e. Casa propia, de familiares o amigos (sin pago)"
4.0,3000000.0,a. Vacaciones/recreación/Ocio ,a. Hotel 
4.0,300000.0,a. Vacaciones/recreación/Ocio ,a. Hotel 
10.0,700000.0,b. Visita a familiares y amigos,"e. Casa propia, de familiares o amigos (sin pago)"
12.0,1000000.0,b. Visita a familiares y amigos,"e. Casa propia, de familiares o amigos (sin pago)"
4.0,300000.0,a. Vacaciones/recreación/Ocio ,a. Hotel 
4.0,150000.0,a. Vacaciones/recreación/Ocio ,d. Inmueble de alquiler (pagos por plataforma dig)
4.0,100000.0,b. Visita a familiares y amigos,"e. Casa propia, de familiares o amigos (sin pago)"
4.0,500000.0,a. Vacaciones/recreación/Ocio ,"e. Casa propia, de familiares o amigos (sin pago)"
8.0,3000000.0,a. Vacaciones/recreación/Ocio ,"e. Casa propia, de familiares o amigos (sin pago)"
4.0,400000.0,h. Trabajo remunerado en otra ciudad,a. Hotel 
5.0,1500000.0,a. Vacaciones/recreación/Ocio ,a. Hotel 
5.0,1500000.0,a. Vacaciones/recreación/Ocio ,"e. Casa propia, de familiares o amigos (sin pago)"
5.0,3000000.0,a. Vacaciones/recreación/Ocio ,"e. Casa propia, de familiares o amigos (sin pago)"
2.0,1500000.0,b. Visita a familiares y amigos,"e. Casa propia, de familiares o amigos (sin pago)"
8.0,350000.0,a. Vacaciones/recreación/Ocio ,"e. Casa propia, de familiares o amigos (sin pago)"
5.0,1800000.0,b. Visita a familiares y amigos,"e. Casa propia, de familiares o amigos (sin pago)"
5.0,5000000.0,g. Negocios y motivos profesionales,"e. Casa propia, de familiares o amigos (sin pago)"
7.0,1900000.0,b. Visita a familiares y amigos,"e. Casa propia, de familiares o amigos (sin pago)"
4.0,3000000.0,a. Vacaciones/recreación/Ocio ,"e. Casa propia, de familiares o amigos (sin pago)"
2.0,100000.0,b. Visita a familiares y amigos,"e. Casa propia, de familiares o amigos (sin pago)"
2.0,80000.0,b. Visita a familiares y amigos,"e. Casa propia, de familiares o amigos (sin pago)"
3.0,600000.0,h. Trabajo remunerado en otra ciudad,a. Hotel 
3.0,250000.0,a. Vacaciones/recreación/Ocio ,a. Hotel 
3.0,300000.0,b. Visita a familiares y amigos,a. Hotel 
3.0,750000.0,g. Negocios y motivos profesionales,a. Hotel 
3.0,2000000.0,a. Vacaciones/recreación/Ocio ,a. Hotel 
5.0,2000000.0,a. Vacaciones/recreación/Ocio ,"e. Casa propia, de familiares o amigos (sin pago)"
6.0,300000.0,b. Visita a familiares y amigos,"e. Casa propia, de familiares o amigos (sin pago)"
2.0,300000.0,a. Vacaciones/recreación/Ocio ,"e. Casa propia, de familiares o amigos (sin pago)"
8.0,500000.0,a. Vacaciones/recreación/Ocio ,"e. Casa propia, de familiares o amigos (sin pago)"
999.0,1000000.0,b. Visita a familiares y amigos,"e. Casa propia, de familiares o amigos (sin pago)"
3.0,3500000.0,a. Vacaciones/recreación/Ocio ,a. Hotel 
4.0,3000000.0,a. Vacaciones/recreación/Ocio ,"e. Casa propia, de familiares o amigos (sin pago)"
3.0,700000.0,b. Visita a familiares y amigos,"e. Casa propia, de familiares o amigos (sin pago)"
7.0,550000.0,b. Visita a familiares y amigos,"e. Casa propia, de familiares o amigos (sin pago)"
999.0,4000000.0,b. Visita a familiares y amigos,"e. Casa propia, de familiares o amigos (sin pago)"
4.0,150000.0,b. Visita a familiares y amigos,"e. Casa propia, de familiares o amigos (sin pago)"
5.0,400000.0,b. Visita a familiares y amigos,"e. Casa propia, de familiares o amigos (sin pago)"
8.0,350000.0,a. Vacaciones/recreación/Ocio ,"e. Casa propia, de familiares o amigos (sin pago)"
5.0,500000.0,b. Visita a familiares y amigos,"e. Casa propia, de familiares o amigos (sin pago)"
15.0,500000.0,h. Trabajo remunerado en otra ciudad,d. Inmueble de alquiler (pagos por plataforma dig)
2.0,1500000.0,b. Visita a familiares y amigos,"e. Casa propia, de familiares o amigos (sin pago)"
8.0,2000000.0,b. Visita a familiares y amigos,"e. Casa propia, de familiares o amigos (sin pago)"
4.0,1000000.0,b. Visita a familiares y amigos,"e. Casa propia, de familiares o amigos (sin pago)"
2.0,400000.0,a. Vacaciones/recreación/Ocio ,a. Hotel 
5.0,3500000.0,b. Visita a familiares y amigos,a. Hotel 
5.0,1500000.0,b. Visita a familiares y amigos,"e. Casa propia, de familiares o amigos (sin pago)"
12.0,2000000.0,a. Vacaciones/recreación/Ocio ,a. Hotel 
7.0,2000000.0,a. Vacaciones/recreación/Ocio ,a. Hotel 
3.0,600000.0,b. Visita a familiares y amigos,"e. Casa propia, de familiares o amigos (sin pago)"
2.0,300000.0,b. Visita a familiares y amigos,"e. Casa propia, de familiares o amigos (sin pago)"
2.0,400000.0,b. Visita a familiares y amigos,"e. Casa propia, de familiares o amigos (sin pago)"
40.0,5000000.0,a. Vacaciones/recreación/Ocio ,"e. Casa propia, de familiares o amigos (sin pago)"
3.0,600000.0,b. Visita a familiares y amigos,"e. Casa propia, de familiares o amigos (sin pago)"
3.0,2000000.0,b. Visita a familiares y amigos,a. Hotel 
7.0,400000.0,a. Vacaciones/recreación/Ocio ,"e. Casa propia, de familiares o amigos (sin pago)"
10.0,100000.0,a. Vacaciones/recreación/Ocio ,"e. Casa propia, de familiares o amigos (sin pago)"
6.0,500000.0,a. Vacaciones/recreación/Ocio ,"e. Casa propia, de familiares o amigos (sin pago)"
3.0,120000.0,b. Visita a familiares y amigos,"e. Casa propia, de familiares o amigos (sin pago)"
4.0,500000.0,b. Visita a familiares y amigos,"e. Casa propia, de familiares o amigos (sin pago)"
8.0,500000.0,a. Vacaciones/recreación/Ocio ,"e. Casa propia, de familiares o amigos (sin pago)"
2.0,400000.0,b. Visita a familiares y amigos,"e. Casa propia, de familiares o amigos (sin pago)"
4.0,1000000.0,b. Visita a familiares y amigos,"e. Casa propia, de familiares o amigos (sin pago)"
30.0,500000.0,b. Visita a familiares y amigos,"e. Casa propia, de familiares o amigos (sin pago)"
4.0,1000000.0,b. Visita a familiares y amigos,"e. Casa propia, de familiares o amigos (sin pago)"
5.0,200000.0,h. Trabajo remunerado en otra ciudad,c. Apartahotel
15.0,1200000.0,a. Vacaciones/recreación/Ocio ,"e. Casa propia, de familiares o amigos (sin pago)"
4.0,150000.0,b. Visita a familiares y amigos,"e. Casa propia, de familiares o amigos (sin pago)"
12.0,250000.0,a. Vacaciones/recreación/Ocio ,"e. Casa propia, de familiares o amigos (sin pago)"
9.0,1500000.0,a. Vacaciones/recreación/Ocio ,a. Hotel 
5.0,2000000.0,b. Visita a familiares y amigos,"e. Casa propia, de familiares o amigos (sin pago)"
7.0,200000.0,a. Vacaciones/recreación/Ocio ,"e. Casa propia, de familiares o amigos (sin pago)"
4.0,500000.0,a. Vacaciones/recreación/Ocio ,"e. Casa propia, de familiares o amigos (sin pago)"
5.0,3000000.0,a. Vacaciones/recreación/Ocio ,a. Hotel 
3.0,350000.0,g. Negocios y motivos profesionales,a. Hotel 
5.0,1000000.0,a. Vacaciones/recreación/Ocio ,a. Hotel 
1.0,500000.0,g. Negocios y motivos profesionales,"e. Casa propia, de familiares o amigos (sin pago)"
5.0,2000000.0,a. Vacaciones/recreación/Ocio ,a. Hotel 
1.0,600000.0,b. Visita a familiares y amigos,"e. Casa propia, de familiares o amigos (sin pago)"
999.0,1500000.0,b. Visita a familiares y amigos,"e. Casa propia, de familiares o amigos (sin pago)"
8.0,15000000.0,a. Vacaciones/recreación/Ocio ,a. Hotel 
2.0,1500000.0,b. Visita a familiares y amigos,"e. Casa propia, de familiares o amigos (sin pago)"
2.0,500000.0,g. Negocios y motivos profesionales,a. Hotel 
5.0,200000.0,h. Trabajo remunerado en otra ciudad,c. Apartahotel
3.0,500000.0,a. Vacaciones/recreación/Ocio ,a. Hotel 
4.0,500000.0,b. Visita a familiares y amigos,"e. Casa propia, de familiares o amigos (sin pago)"
5.0,300000.0,b. Visita a familiares y amigos,"e. Casa propia, de familiares o amigos (sin pago)"
3.0,500000.0,b. Visita a familiares y amigos,"e. Casa propia, de familiares o amigos (sin pago)"
4.0,200000.0,a. Vacaciones/recreación/Ocio ,a. Hotel 
5.0,600000.0,a. Vacaciones/recreación/Ocio ,a. Hotel 
3.0,200000.0,h. Trabajo remunerado en otra ciudad,"e. Casa propia, de familiares o amigos (sin pago)"
25.0,1500000.0,b. Visita a familiares y amigos,"e. Casa propia, de familiares o amigos (sin pago)"
4.0,200000.0,h. Trabajo remunerado en otra ciudad,a. Hotel 
3.0,560000.0,b. Visita a familiares y amigos,"e. Casa propia, de familiares o amigos (sin pago)"
2.0,2000000.0,b. Visita a familiares y amigos,d. Inmueble de alquiler (pagos por plataforma dig)
3.0,500000.0,g. Negocios y motivos profesionales,c. Apartahotel
4.0,400000.0,b. Visita a familiares y amigos,"e. Casa propia, de familiares o amigos (sin pago)"
3.0,100000.0,b. Visita a familiares y amigos,"e. Casa propia, de familiares o amigos (sin pago)"
3.0,3000000.0,b. Visita a familiares y amigos,d. Inmueble de alquiler (pagos por plataforma dig)
999.0,1000000.0,b. Visita a familiares y amigos,"e. Casa propia, de familiares o amigos (sin pago)"
5.0,200000.0,b. Visita a familiares y amigos,"e. Casa propia, de familiares o amigos (sin pago)"
7.0,400000.0,h. Trabajo remunerado en otra ciudad,a. Hotel 
7.0,400000.0,a. Vacaciones/recreación/Ocio ,"e. Casa propia, de familiares o amigos (sin pago)"
7.0,500000.0,a. Vacaciones/recreación/Ocio ,"e. Casa propia, de familiares o amigos (sin pago)"
2.0,300000.0,b. Visita a familiares y amigos,"e. Casa propia, de familiares o amigos (sin pago)"
15.0,1000000.0,a. Vacaciones/recreación/Ocio ,"e. Casa propia, de familiares o amigos (sin pago)"
6.0,500000.0,a. Vacaciones/recreación/Ocio ,"e. Casa propia, de familiares o amigos (sin pago)"
10.0,2000000.0,b. Visita a familiares y amigos,"e. Casa propia, de familiares o amigos (sin pago)"
4.0,1600000.0,b. Visita a familiares y amigos,"e. Casa propia, de familiares o amigos (sin pago)"
3.0,200000.0,b. Visita a familiares y amigos,"e. Casa propia, de familiares o amigos (sin pago)"
4.0,100000.0,b. Visita a familiares y amigos,"e. Casa propia, de familiares o amigos (sin pago)"
3.0,300000.0,g. Negocios y motivos profesionales,a. Hotel 
5.0,500000.0,a. Vacaciones/recreación/Ocio ,"e. Casa propia, de familiares o amigos (sin pago)"
6.0,400000.0,b. Visita a familiares y amigos,"e. Casa propia, de familiares o amigos (sin pago)"
4.0,500000.0,h. Trabajo remunerado en otra ciudad,c. Apartahotel
5.0,200000.0,b. Visita a familiares y amigos,"e. Casa propia, de familiares o amigos (sin pago)"
1.0,200000.0,h. Trabajo remunerado en otra ciudad,a. Hotel 
999.0,600000.0,h. Trabajo remunerado en otra ciudad,a. Hotel 
2.0,2000000.0,g. Negocios y motivos profesionales,a. Hotel 
5.0,200000.0,a. Vacaciones/recreación/Ocio ,c. Apartahotel
5.0,3000000.0,b. Visita a familiares y amigos,"e. Casa propia, de familiares o amigos (sin pago)"
5.0,1500000.0,b. Visita a familiares y amigos,"e. Casa propia, de familiares o amigos (sin pago)"
3.0,250000.0,a. Vacaciones/recreación/Ocio ,a. Hotel 
3.0,150000.0,b. Visita a familiares y amigos,"e. Casa propia, de familiares o amigos (sin pago)"
3.0,450000.0,b. Visita a familiares y amigos,"e. Casa propia, de familiares o amigos (sin pago)"
3.0,1500000.0,a. Vacaciones/recreación/Ocio ,a. Hotel 
5.0,1000000.0,a. Vacaciones/recreación/Ocio ,d. Inmueble de alquiler (pagos por plataforma dig)
5.0,500000.0,b. Visita a familiares y amigos,"e. Casa propia, de familiares o amigos (sin pago)"
15.0,1000000.0,b. Visita a familiares y amigos,"e. Casa propia, de familiares o amigos (sin pago)"
3.0,200000.0,h. Trabajo remunerado en otra ciudad,b. Hostal
4.0,900000.0,a. Vacaciones/recreación/Ocio ,b. Hostal
2.0,250000.0,b. Visita a familiares y amigos,"e. Casa propia, de familiares o amigos (sin pago)"
3.0,150000.0,b. Visita a familiares y amigos,"e. Casa propia, de familiares o amigos (sin pago)"
6.0,1000000.0,a. Vacaciones/recreación/Ocio ,a. Hotel 
3.0,600000.0,a. Vacaciones/recreación/Ocio ,d. Inmueble de alquiler (pagos por plataforma dig)
3.0,500000.0,b. Visita a familiares y amigos,"e. Casa propia, de familiares o amigos (sin pago)"
4.0,150000.0,b. Visita a familiares y amigos,"e. Casa propia, de familiares o amigos (sin pago)"
8.0,350000.0,a. Vacaciones/recreación/Ocio ,"e. Casa propia, de familiares o amigos (sin pago)"
2.0,3000000.0,b. Visita a familiares y amigos,a. Hotel 
6.0,1500000.0,h. Trabajo remunerado en otra ciudad,d. Inmueble de alquiler (pagos por plataforma dig)
2.0,350000.0,g. Negocios y motivos profesionales,a. Hotel 
8.0,1000000.0,b. Visita a familiares y amigos,"e. Casa propia, de familiares o amigos (sin pago)"
4.0,500000.0,a. Vacaciones/recreación/Ocio ,"e. Casa propia, de familiares o amigos (sin pago)"
5.0,1000000.0,h. Trabajo remunerado en otra ciudad,b. Hostal
4.0,300000.0,c. Educación y formación,"e. Casa propia, de familiares o amigos (sin pago)"
4.0,700000.0,a. Vacaciones/recreación/Ocio ,a. Hotel 
2.0,600000.0,b. Visita a familiares y amigos,"e. Casa propia, de familiares o amigos (sin pago)"
4.0,500000.0,h. Trabajo remunerado en otra ciudad,"e. Casa propia, de familiares o amigos (sin pago)"
8.0,3000000.0,a. Vacaciones/recreación/Ocio ,"e. Casa propia, de familiares o amigos (sin pago)"
3.0,250000.0,b. Visita a familiares y amigos,"e. Casa propia, de familiares o amigos (sin pago)"
3.0,1000000.0,a. Vacaciones/recreación/Ocio ,d. Inmueble de alquiler (pagos por plataforma dig)
8.0,1500000.0,a. Vacaciones/recreación/Ocio ,"e. Casa propia, de familiares o amigos (sin pago)"
2.0,800000.0,a. Vacaciones/recreación/Ocio ,a. Hotel 
8.0,500000.0,b. Visita a familiares y amigos,"e. Casa propia, de familiares o amigos (sin pago)"
8.0,50000.0,b. Visita a familiares y amigos,"e. Casa propia, de familiares o amigos (sin pago)"
5.0,150000.0,h. Trabajo remunerado en otra ciudad,"e. Casa propia, de familiares o amigos (sin pago)"
2.0,150000.0,b. Visita a familiares y amigos,"e. Casa propia, de familiares o amigos (sin pago)"
3.0,500000.0,a. Vacaciones/recreación/Ocio ,a. Hotel 
3.0,600000.0,b. Visita a familiares y amigos,"e. Casa propia, de familiares o amigos (sin pago)"
7.0,500000.0,h. Trabajo remunerado en otra ciudad,a. Hotel 
6.0,3500000.0,a. Vacaciones/recreación/Ocio ,a. Hotel 
5.0,1000000.0,a. Vacaciones/recreación/Ocio ,a. Hotel 
2.0,200000.0,c. Educación y formación,a. Hotel 
1.0,150000.0,g. Negocios y motivos profesionales,d. Inmueble de alquiler (pagos por plataforma dig)
1.0,300000.0,a. Vacaciones/recreación/Ocio ,a. Hotel 
3.0,250000.0,b. Visita a familiares y amigos,"e. Casa propia, de familiares o amigos (sin pago)"
3.0,200000.0,b. Visita a familiares y amigos,"e. Casa propia, de familiares o amigos (sin pago)"
5.0,350000.0,b. Visita a familiares y amigos,"e. Casa propia, de familiares o amigos (sin pago)"
2.0,700000.0,h. Trabajo remunerado en otra ciudad,a. Hotel 
2.0,300000.0,h. Trabajo remunerado en otra ciudad,a. Hotel 
5.0,300000.0,a. Vacaciones/recreación/Ocio ,"e. Casa propia, de familiares o amigos (sin pago)"
5.0,2000000.0,a. Vacaciones/recreación/Ocio ,a. Hotel 
4.0,500000.0,b. Visita a familiares y amigos,"e. Casa propia, de familiares o amigos (sin pago)"
6.0,1500000.0,b. Visita a familiares y amigos,"e. Casa propia, de familiares o amigos (sin pago)"
4.0,400000.0,a. Vacaciones/recreación/Ocio ,a. Hotel 
1.0,100000.0,b. Visita a familiares y amigos,"e. Casa propia, de familiares o amigos (sin pago)"
7.0,4000000.0,a. Vacaciones/recreación/Ocio ,a. Hotel 
8.0,450000.0,a. Vacaciones/recreación/Ocio ,"e. Casa propia, de familiares o amigos (sin pago)"
10.0,6000000.0,a. Vacaciones/recreación/Ocio ,a. Hotel 
3.0,500000.0,a. Vacaciones/recreación/Ocio ,"e. Casa propia, de familiares o amigos (sin pago)"
5.0,8000000.0,a. Vacaciones/recreación/Ocio ,a. Hotel 
5.0,400000.0,h. Trabajo remunerado en otra ciudad,a. Hotel 
3.0,300000.0,a. Vacaciones/recreación/Ocio ,a. Hotel 
3.0,350000.0,b. Visita a familiares y amigos,"e. Casa propia, de familiares o amigos (sin pago)"
2.0,1500000.0,a. Vacaciones/recreación/Ocio ,"e. Casa propia, de familiares o amigos (sin pago)"
3.0,300000.0,b. Visita a familiares y amigos,"e. Casa propia, de familiares o amigos (sin pago)"
2.0,200000.0,a. Vacaciones/recreación/Ocio ,"e. Casa propia, de familiares o amigos (sin pago)"
2.0,300000.0,b. Visita a familiares y amigos,"e. Casa propia, de familiares o amigos (sin pago)"
2.0,500000.0,b. Visita a familiares y amigos,"e. Casa propia, de familiares o amigos (sin pago)"
4.0,500000.0,b. Visita a familiares y amigos,"e. Casa propia, de familiares o amigos (sin pago)"
2.0,200000.0,g. Negocios y motivos profesionales,a. Hotel 
2.0,360000.0,g. Negocios y motivos profesionales,a. Hotel 
15.0,200000.0,b. Visita a familiares y amigos,"e. Casa propia, de familiares o amigos (sin pago)"
4.0,500000.0,a. Vacaciones/recreación/Ocio ,"e. Casa propia, de familiares o amigos (sin pago)"
2.0,300000.0,b. Visita a familiares y amigos,"e. Casa propia, de familiares o amigos (sin pago)"
3.0,300000.0,a. Vacaciones/recreación/Ocio ,a. Hotel 
15.0,1000000.0,h. Trabajo remunerado en otra ciudad,d. Inmueble de alquiler (pagos por plataforma dig)
3.0,500.0,b. Visita a familiares y amigos,"e. Casa propia, de familiares o amigos (sin pago)"
4.0,350000.0,a. Vacaciones/recreación/Ocio ,"e. Casa propia, de familiares o amigos (sin pago)"
10.0,4000000.0,a. Vacaciones/recreación/Ocio ,"e. Casa propia, de familiares o amigos (sin pago)"
15.0,5000000.0,a. Vacaciones/recreación/Ocio ,"e. Casa propia, de familiares o amigos (sin pago)"
3.0,150000.0,b. Visita a familiares y amigos,"e. Casa propia, de familiares o amigos (sin pago)"
3.0,200000.0,b. Visita a familiares y amigos,"e. Casa propia, de familiares o amigos (sin pago)"
4.0,1600000.0,b. Visita a familiares y amigos,a. Hotel 
2.0,300000.0,a. Vacaciones/recreación/Ocio ,"e. Casa propia, de familiares o amigos (sin pago)"
2.0,300000.0,a. Vacaciones/recreación/Ocio ,a. Hotel 
8.0,200000.0,i. Otro.,"e. Casa propia, de familiares o amigos (sin pago)"
8.0,250000.0,b. Visita a familiares y amigos,"e. Casa propia, de familiares o amigos (sin pago)"
30.0,6000000.0,a. Vacaciones/recreación/Ocio ,a. Hotel 
3.0,800000.0,e. Religión/Peregrinaciones,f. Otro
10.0,1500000.0,b. Visita a familiares y amigos,"e. Casa propia, de familiares o amigos (sin pago)"
4.0,500000.0,b. Visita a familiares y amigos,"e. Casa propia, de familiares o amigos (sin pago)"
6.0,800000.0,a. Vacaciones/recreación/Ocio ,"e. Casa propia, de familiares o amigos (sin pago)"
2.0,50000.0,b. Visita a familiares y amigos,"e. Casa propia, de familiares o amigos (sin pago)"
4.0,1500000.0,a. Vacaciones/recreación/Ocio ,a. Hotel 
999.0,500000.0,b. Visita a familiares y amigos,"e. Casa propia, de familiares o amigos (sin pago)"
4.0,300000.0,b. Visita a familiares y amigos,"e. Casa propia, de familiares o amigos (sin pago)"
45.0,300000.0,h. Trabajo remunerado en otra ciudad,c. Apartahotel
3.0,200000.0,b. Visita a familiares y amigos,"e. Casa propia, de familiares o amigos (sin pago)"
15.0,1500000.0,h. Trabajo remunerado en otra ciudad,"e. Casa propia, de familiares o amigos (sin pago)"
3.0,250000.0,a. Vacaciones/recreación/Ocio ,a. Hotel 
3.0,500000.0,a. Vacaciones/recreación/Ocio ,a. Hotel 
1.0,500.0,g. Negocios y motivos profesionales,"e. Casa propia, de familiares o amigos (sin pago)"
2.0,200000.0,b. Visita a familiares y amigos,"e. Casa propia, de familiares o amigos (sin pago)"
4.0,3000000.0,h. Trabajo remunerado en otra ciudad,a. Hotel 
3.0,3000000.0,a. Vacaciones/recreación/Ocio ,a. Hotel 
7.0,500000.0,b. Visita a familiares y amigos,"e. Casa propia, de familiares o amigos (sin pago)"
6.0,1500000.0,a. Vacaciones/recreación/Ocio ,"e. Casa propia, de familiares o amigos (sin pago)"
15.0,1000000.0,a. Vacaciones/recreación/Ocio ,"e. Casa propia, de familiares o amigos (sin pago)"
5.0,5000000.0,g. Negocios y motivos profesionales,a. Hotel 
5.0,2000000.0,e. Religión/Peregrinaciones,"e. Casa propia, de familiares o amigos (sin pago)"
6.0,500000.0,a. Vacaciones/recreación/Ocio ,"e. Casa propia, de familiares o amigos (sin pago)"
5.0,1000000.0,a. Vacaciones/recreación/Ocio ,"e. Casa propia, de familiares o amigos (sin pago)"
6.0,500000.0,b. Visita a familiares y amigos,"e. Casa propia, de familiares o amigos (sin pago)"
2.0,200000.0,g. Negocios y motivos profesionales,a. Hotel 
2.0,300000.0,b. Visita a familiares y amigos,"e. Casa propia, de familiares o amigos (sin pago)"
6.0,550000.0,b. Visita a familiares y amigos,"e. Casa propia, de familiares o amigos (sin pago)"
4.0,200000.0,b. Visita a familiares y amigos,"e. Casa propia, de familiares o amigos (sin pago)"
4.0,250000.0,h. Trabajo remunerado en otra ciudad,c. Apartahotel
4.0,3000000.0,b. Visita a familiares y amigos,"e. Casa propia, de familiares o amigos (sin pago)"
6.0,800000.0,b. Visita a familiares y amigos,"e. Casa propia, de familiares o amigos (sin pago)"
6.0,3000000.0,a. Vacaciones/recreación/Ocio ,a. Hotel 
2.0,150000.0,b. Visita a familiares y amigos,"e. Casa propia, de familiares o amigos (sin pago)"
13.0,500000.0,a. Vacaciones/recreación/Ocio ,a. Hotel 
5.0,1500000.0,h. Trabajo remunerado en otra ciudad,a. Hotel 
4.0,100000.0,b. Visita a familiares y amigos,"e. Casa propia, de familiares o amigos (sin pago)"
4.0,1000000.0,a. Vacaciones/recreación/Ocio ,a. Hotel 
3.0,500000.0,b. Visita a familiares y amigos,"e. Casa propia, de familiares o amigos (sin pago)"
4.0,2000000.0,g. Negocios y motivos profesionales,c. Apartahotel
2.0,500.0,h. Trabajo remunerado en otra ciudad,a. Hotel 
3.0,100000.0,b. Visita a familiares y amigos,"e. Casa propia, de familiares o amigos (sin pago)"
2.0,1000000.0,a. Vacaciones/recreación/Ocio ,a. Hotel 
3.0,3500000.0,a. Vacaciones/recreación/Ocio ,a. Hotel 
2.0,200000.0,b. Visita a familiares y amigos,"e. Casa propia, de familiares o amigos (sin pago)"
6.0,200000.0,b. Visita a familiares y amigos,"e. Casa propia, de familiares o amigos (sin pago)"
4.0,250000.0,b. Visita a familiares y amigos,"e. Casa propia, de familiares o amigos (sin pago)"
5.0,500000.0,h. Trabajo remunerado en otra ciudad,d. Inmueble de alquiler (pagos por plataforma dig)
5.0,250000.0,b. Visita a familiares y amigos,"e. Casa propia, de familiares o amigos (sin pago)"
6.0,200000.0,b. Visita a familiares y amigos,"e. Casa propia, de familiares o amigos (sin pago)"
6.0,400000.0,b. Visita a familiares y amigos,"e. Casa propia, de familiares o amigos (sin pago)"
2.0,300.0,b. Visita a familiares y amigos,"e. Casa propia, de familiares o amigos (sin pago)"
3.0,300000.0,b. Visita a familiares y amigos,"e. Casa propia, de familiares o amigos (sin pago)"
12.0,800000.0,h. Trabajo remunerado en otra ciudad,"e. Casa propia, de familiares o amigos (sin pago)"
7.0,500000.0,g. Negocios y motivos profesionales,d. Inmueble de alquiler (pagos por plataforma dig)
3.0,1500000.0,a. Vacaciones/recreación/Ocio ,a. Hotel 
10.0,5000000.0,g. Negocios y motivos profesionales,c. Apartahotel
4.0,1000000.0,b. Visita a familiares y amigos,"e. Casa propia, de familiares o amigos (sin pago)"
5.0,5000000.0,a. Vacaciones/recreación/Ocio ,a. Hotel 
8.0,3000000.0,a. Vacaciones/recreación/Ocio ,a. Hotel 
2.0,200000.0,b. Visita a familiares y amigos,"e. Casa propia, de familiares o amigos (sin pago)"
3.0,400000.0,b. Visita a familiares y amigos,"e. Casa propia, de familiares o amigos (sin pago)"
2.0,7000000.0,b. Visita a familiares y amigos,"e. Casa propia, de familiares o amigos (sin pago)"
2.0,500000.0,a. Vacaciones/recreación/Ocio ,a. Hotel 
5.0,500000.0,b. Visita a familiares y amigos,"e. Casa propia, de familiares o amigos (sin pago)"
4.0,200000.0,b. Visita a familiares y amigos,"e. Casa propia, de familiares o amigos (sin pago)"
3.0,1000000.0,b. Visita a familiares y amigos,"e. Casa propia, de familiares o amigos (sin pago)"
3.0,450000.0,a. Vacaciones/recreación/Ocio ,a. Hotel 
12.0,1500000.0,h. Trabajo remunerado en otra ciudad,a. Hotel 
4.0,200000.0,b. Visita a familiares y amigos,"e. Casa propia, de familiares o amigos (sin pago)"
4.0,800.0,b. Visita a familiares y amigos,"e. Casa propia, de familiares o amigos (sin pago)"
30.0,500000.0,a. Vacaciones/recreación/Ocio ,"e. Casa propia, de familiares o amigos (sin pago)"
8.0,500.0,b. Visita a familiares y amigos,"e. Casa propia, de familiares o amigos (sin pago)"
5.0,5000000.0,a. Vacaciones/recreación/Ocio ,a. Hotel 
4.0,600000.0,b. Visita a familiares y amigos,"e. Casa propia, de familiares o amigos (sin pago)"
5.0,300000.0,a. Vacaciones/recreación/Ocio ,a. Hotel 
4.0,600000.0,a. Vacaciones/recreación/Ocio ,a. Hotel 
4.0,200000.0,b. Visita a familiares y amigos,a. Hotel 
2.0,250000.0,b. Visita a familiares y amigos,"e. Casa propia, de familiares o amigos (sin pago)"
20.0,100000.0,h. Trabajo remunerado en otra ciudad,"e. Casa propia, de familiares o amigos (sin pago)"
2.0,200000.0,g. Negocios y motivos profesionales,a. Hotel 
2.0,150000.0,a. Vacaciones/recreación/Ocio ,a. Hotel 
3.0,500000.0,g. Negocios y motivos profesionales,a. Hotel 
4.0,500000.0,a. Vacaciones/recreación/Ocio ,a. Hotel 
5.0,500000.0,b. Visita a familiares y amigos,"e. Casa propia, de familiares o amigos (sin pago)"
3.0,300000.0,b. Visita a familiares y amigos,"e. Casa propia, de familiares o amigos (sin pago)"
3.0,500000.0,a. Vacaciones/recreación/Ocio ,a. Hotel 
2.0,300000.0,a. Vacaciones/recreación/Ocio ,a. Hotel 
3.0,1500000.0,a. Vacaciones/recreación/Ocio ,a. Hotel 
15.0,1000000.0,b. Visita a familiares y amigos,"e. Casa propia, de familiares o amigos (sin pago)"
7.0,3500000.0,a. Vacaciones/recreación/Ocio ,a. Hotel 
2.0,300000.0,a. Vacaciones/recreación/Ocio ,"e. Casa propia, de familiares o amigos (sin pago)"
3.0,200000.0,b. Visita a familiares y amigos,"e. Casa propia, de familiares o amigos (sin pago)"
3.0,800000.0,b. Visita a familiares y amigos,"e. Casa propia, de familiares o amigos (sin pago)"
3.0,300000.0,b. Visita a familiares y amigos,"e. Casa propia, de familiares o amigos (sin pago)"
2.0,1000000.0,a. Vacaciones/recreación/Ocio ,a. Hotel 
6.0,800000.0,c. Educación y formación,"e. Casa propia, de familiares o amigos (sin pago)"
7.0,8000000.0,a. Vacaciones/recreación/Ocio ,b. Hostal
6.0,200000.0,b. Visita a familiares y amigos,"e. Casa propia, de familiares o amigos (sin pago)"
6.0,700000.0,a. Vacaciones/recreación/Ocio ,"e. Casa propia, de familiares o amigos (sin pago)"
4.0,350000.0,b. Visita a familiares y amigos,"e. Casa propia, de familiares o amigos (sin pago)"
8.0,700000.0,b. Visita a familiares y amigos,"e. Casa propia, de familiares o amigos (sin pago)"
3.0,500000.0,g. Negocios y motivos profesionales,a. Hotel 
3.0,500000.0,a. Vacaciones/recreación/Ocio ,"e. Casa propia, de familiares o amigos (sin pago)"
3.0,800000.0,b. Visita a familiares y amigos,"e. Casa propia, de familiares o amigos (sin pago)"
2.0,200000.0,b. Visita a familiares y amigos,"e. Casa propia, de familiares o amigos (sin pago)"
8.0,6000000.0,a. Vacaciones/recreación/Ocio ,a. Hotel 
3.0,2000000.0,b. Visita a familiares y amigos,"e. Casa propia, de familiares o amigos (sin pago)"
4.0,500000.0,b. Visita a familiares y amigos,"e. Casa propia, de familiares o amigos (sin pago)"
999.0,1500000.0,b. Visita a familiares y amigos,"e. Casa propia, de familiares o amigos (sin pago)"
4.0,600000.0,b. Visita a familiares y amigos,"e. Casa propia, de familiares o amigos (sin pago)"
6.0,2000000.0,a. Vacaciones/recreación/Ocio ,a. Hotel 
2.0,200000.0,a. Vacaciones/recreación/Ocio ,"e. Casa propia, de familiares o amigos (sin pago)"
5.0,1500000.0,a. Vacaciones/recreación/Ocio ,a. Hotel 
7.0,200000.0,i. Otro.,"e. Casa propia, de familiares o amigos (sin pago)"
2.0,300000.0,i. Otro.,"e. Casa propia, de familiares o amigos (sin pago)"
999.0,6000000.0,a. Vacaciones/recreación/Ocio ,a. Hotel 
1.0,200000.0,b. Visita a familiares y amigos,"e. Casa propia, de familiares o amigos (sin pago)"
2.0,200000.0,h. Trabajo remunerado en otra ciudad,a. Hotel 
3.0,1000000.0,h. Trabajo remunerado en otra ciudad,a. Hotel 
4.0,250000.0,h. Trabajo remunerado en otra ciudad,d. Inmueble de alquiler (pagos por plataforma dig)
3.0,500000.0,h. Trabajo remunerado en otra ciudad,"e. Casa propia, de familiares o amigos (sin pago)"
4.0,800000.0,a. Vacaciones/recreación/Ocio ,d. Inmueble de alquiler (pagos por plataforma dig)
2.0,150000.0,b. Visita a familiares y amigos,"e. Casa propia, de familiares o amigos (sin pago)"
2.0,100000.0,b. Visita a familiares y amigos,"e. Casa propia, de familiares o amigos (sin pago)"
2.0,250000.0,b. Visita a familiares y amigos,"e. Casa propia, de familiares o amigos (sin pago)"
2.0,100000.0,i. Otro.,"e. Casa propia, de familiares o amigos (sin pago)"
999.0,25000000.0,g. Negocios y motivos profesionales,c. Apartahotel
4.0,3000000.0,a. Vacaciones/recreación/Ocio ,a. Hotel 
4.0,400000.0,b. Visita a familiares y amigos,"e. Casa propia, de familiares o amigos (sin pago)"
3.0,400000.0,a. Vacaciones/recreación/Ocio ,"e. Casa propia, de familiares o amigos (sin pago)"
15.0,600000.0,h. Trabajo remunerado en otra ciudad,d. Inmueble de alquiler (pagos por plataforma dig)
1.0,50000.0,h. Trabajo remunerado en otra ciudad,"e. Casa propia, de familiares o amigos (sin pago)"
3.0,800000.0,g. Negocios y motivos profesionales,a. Hotel 
8.0,10000000.0,a. Vacaciones/recreación/Ocio ,a. Hotel 
6.0,500000.0,h. Trabajo remunerado en otra ciudad,a. Hotel 
10.0,700000.0,a. Vacaciones/recreación/Ocio ,a. Hotel 
3.0,300000.0,a. Vacaciones/recreación/Ocio ,a. Hotel 
3.0,450000.0,a. Vacaciones/recreación/Ocio ,"e. Casa propia, de familiares o amigos (sin pago)"
4.0,500000.0,b. Visita a familiares y amigos,"e. Casa propia, de familiares o amigos (sin pago)"
13.0,2000000.0,b. Visita a familiares y amigos,"e. Casa propia, de familiares o amigos (sin pago)"
4.0,2000000.0,a. Vacaciones/recreación/Ocio ,a. Hotel 
5.0,200000.0,b. Visita a familiares y amigos,"e. Casa propia, de familiares o amigos (sin pago)"
2.0,10000.0,i. Otro.,"e. Casa propia, de familiares o amigos (sin pago)"
15.0,8000000.0,b. Visita a familiares y amigos,a. Hotel 
4.0,400000.0,a. Vacaciones/recreación/Ocio ,"e. Casa propia, de familiares o amigos (sin pago)"
6.0,2500000.0,b. Visita a familiares y amigos,"e. Casa propia, de familiares o amigos (sin pago)"
12.0,5000000.0,a. Vacaciones/recreación/Ocio ,a. Hotel 
3.0,1500000.0,b. Visita a familiares y amigos,"e. Casa propia, de familiares o amigos (sin pago)"
3.0,500000.0,a. Vacaciones/recreación/Ocio ,a. Hotel 
3.0,500000.0,g. Negocios y motivos profesionales,"e. Casa propia, de familiares o amigos (sin pago)"
2.0,400000.0,a. Vacaciones/recreación/Ocio ,a. Hotel 
2.0,250000.0,a. Vacaciones/recreación/Ocio ,a. Hotel 
4.0,800000.0,h. Trabajo remunerado en otra ciudad,a. Hotel 
3.0,1000000.0,b. Visita a familiares y amigos,"e. Casa propia, de familiares o amigos (sin pago)"
6.0,1200000.0,b. Visita a familiares y amigos,"e. Casa propia, de familiares o amigos (sin pago)"
2.0,200000.0,b. Visita a familiares y amigos,"e. Casa propia, de familiares o amigos (sin pago)"
1.0,100000.0,b. Visita a familiares y amigos,"e. Casa propia, de familiares o amigos (sin pago)"
3.0,1000000.0,b. Visita a familiares y amigos,a. Hotel 
6.0,600000.0,a. Vacaciones/recreación/Ocio ,"e. Casa propia, de familiares o amigos (sin pago)"
8.0,350000.0,h. Trabajo remunerado en otra ciudad,a. Hotel 
3.0,250000.0,a. Vacaciones/recreación/Ocio ,a. Hotel 
2.0,300000.0,b. Visita a familiares y amigos,"e. Casa propia, de familiares o amigos (sin pago)"
7.0,500000.0,h. Trabajo remunerado en otra ciudad,a. Hotel 
3.0,200000.0,b. Visita a familiares y amigos,"e. Casa propia, de familiares o amigos (sin pago)"
3.0,450000.0,a. Vacaciones/recreación/Ocio ,a. Hotel 
5.0,200000.0,a. Vacaciones/recreación/Ocio ,"e. Casa propia, de familiares o amigos (sin pago)"
3.0,200000.0,h. Trabajo remunerado en otra ciudad,"e. Casa propia, de familiares o amigos (sin pago)"
4.0,3000000.0,a. Vacaciones/recreación/Ocio ,"e. Casa propia, de familiares o amigos (sin pago)"
3.0,800000.0,a. Vacaciones/recreación/Ocio ,a. Hotel 
2.0,250000.0,a. Vacaciones/recreación/Ocio ,a. Hotel 
4.0,350000.0,b. Visita a familiares y amigos,"e. Casa propia, de familiares o amigos (sin pago)"
2.0,450000.0,b. Visita a familiares y amigos,"e. Casa propia, de familiares o amigos (sin pago)"
15.0,8000000.0,b. Visita a familiares y amigos,"e. Casa propia, de familiares o amigos (sin pago)"
5.0,2000000.0,a. Vacaciones/recreación/Ocio ,a. Hotel 
5.0,500000.0,b. Visita a familiares y amigos,"e. Casa propia, de familiares o amigos (sin pago)"
2.0,150000.0,b. Visita a familiares y amigos,"e. Casa propia, de familiares o amigos (sin pago)"
4.0,1000000.0,h. Trabajo remunerado en otra ciudad,a. Hotel 
7.0,500000.0,b. Visita a familiares y amigos,"e. Casa propia, de familiares o amigos (sin pago)"
3.0,250000.0,b. Visita a familiares y amigos,"e. Casa propia, de familiares o amigos (sin pago)"
3.0,500000.0,b. Visita a familiares y amigos,"e. Casa propia, de familiares o amigos (sin pago)"
3.0,50000.0,i. Otro.,"e. Casa propia, de familiares o amigos (sin pago)"
1.0,150000.0,g. Negocios y motivos profesionales,a. Hotel 
8.0,250000.0,b. Visita a familiares y amigos,"e. Casa propia, de familiares o amigos (sin pago)"
3.0,200000.0,b. Visita a familiares y amigos,"e. Casa propia, de familiares o amigos (sin pago)"
4.0,300000.0,a. Vacaciones/recreación/Ocio ,"e. Casa propia, de familiares o amigos (sin pago)"
5.0,500000.0,h. Trabajo remunerado en otra ciudad,"e. Casa propia, de familiares o amigos (sin pago)"
5.0,2000000.0,b. Visita a familiares y amigos,"e. Casa propia, de familiares o amigos (sin pago)"
4.0,2000000.0,g. Negocios y motivos profesionales,a. Hotel 
3.0,1200000.0,a. Vacaciones/recreación/Ocio ,a. Hotel 
30.0,500000.0,h. Trabajo remunerado en otra ciudad,"e. Casa propia, de familiares o amigos (sin pago)"
6.0,1000000.0,a. Vacaciones/recreación/Ocio ,a. Hotel 
4.0,800000.0,b. Visita a familiares y amigos,"e. Casa propia, de familiares o amigos (sin pago)"
8.0,3500000.0,a. Vacaciones/recreación/Ocio ,a. Hotel 
5.0,450000.0,a. Vacaciones/recreación/Ocio ,a. Hotel 
3.0,500000.0,g. Negocios y motivos profesionales,a. Hotel 
4.0,5000000.0,b. Visita a familiares y amigos,d. Inmueble de alquiler (pagos por plataforma dig)
3.0,500000.0,b. Visita a familiares y amigos,"e. Casa propia, de familiares o amigos (sin pago)"
3.0,500000.0,b. Visita a familiares y amigos,"e. Casa propia, de familiares o amigos (sin pago)"
3.0,500000.0,b. Visita a familiares y amigos,"e. Casa propia, de familiares o amigos (sin pago)"
4.0,350000.0,a. Vacaciones/recreación/Ocio ,a. Hotel 
7.0,1000000.0,b. Visita a familiares y amigos,"e. Casa propia, de familiares o amigos (sin pago)"
2.0,500000.0,b. Visita a familiares y amigos,"e. Casa propia, de familiares o amigos (sin pago)"
2.0,300000.0,a. Vacaciones/recreación/Ocio ,a. Hotel 
8.0,800000.0,b. Visita a familiares y amigos,"e. Casa propia, de familiares o amigos (sin pago)"
5.0,2500000.0,a. Vacaciones/recreación/Ocio ,a. Hotel 
3.0,2000000.0,b. Visita a familiares y amigos,"e. Casa propia, de familiares o amigos (sin pago)"
3.0,250000.0,b. Visita a familiares y amigos,"e. Casa propia, de familiares o amigos (sin pago)"
4.0,1000000.0,a. Vacaciones/recreación/Ocio ,a. Hotel 
4.0,1500000.0,a. Vacaciones/recreación/Ocio ,"e. Casa propia, de familiares o amigos (sin pago)"
15.0,3000000.0,c. Educación y formación,a. Hotel 
3.0,450000.0,a. Vacaciones/recreación/Ocio ,a. Hotel 
3.0,500000.0,h. Trabajo remunerado en otra ciudad,a. Hotel 
3.0,250000.0,b. Visita a familiares y amigos,"e. Casa propia, de familiares o amigos (sin pago)"
7.0,1500000.0,h. Trabajo remunerado en otra ciudad,a. Hotel 
4.0,300000.0,a. Vacaciones/recreación/Ocio ,"e. Casa propia, de familiares o amigos (sin pago)"
30.0,4000000.0,c. Educación y formación,c. Apartahotel
8.0,500000.0,a. Vacaciones/recreación/Ocio ,"e. Casa propia, de familiares o amigos (sin pago)"
8.0,1500000.0,h. Trabajo remunerado en otra ciudad,a. Hotel 
8.0,800000.0,b. Visita a familiares y amigos,"e. Casa propia, de familiares o amigos (sin pago)"
4.0,400000.0,b. Visita a familiares y amigos,"e. Casa propia, de familiares o amigos (sin pago)"
5.0,1800000.0,b. Visita a familiares y amigos,"e. Casa propia, de familiares o amigos (sin pago)"
2.0,200000.0,a. Vacaciones/recreación/Ocio ,a. Hotel 
15.0,300000.0,b. Visita a familiares y amigos,"e. Casa propia, de familiares o amigos (sin pago)"
3.0,2000000.0,a. Vacaciones/recreación/Ocio ,"e. Casa propia, de familiares o amigos (sin pago)"
4.0,500000.0,b. Visita a familiares y amigos,"e. Casa propia, de familiares o amigos (sin pago)"
5.0,1000000.0,b. Visita a familiares y amigos,"e. Casa propia, de familiares o amigos (sin pago)"
6.0,650000.0,b. Visita a familiares y amigos,"e. Casa propia, de familiares o amigos (sin pago)"
5.0,4000000.0,a. Vacaciones/recreación/Ocio ,a. Hotel 
3.0,450000.0,a. Vacaciones/recreación/Ocio ,a. Hotel 
2.0,150000.0,b. Visita a familiares y amigos,"e. Casa propia, de familiares o amigos (sin pago)"
3.0,500000.0,b. Visita a familiares y amigos,"e. Casa propia, de familiares o amigos (sin pago)"
3.0,700000.0,a. Vacaciones/recreación/Ocio ,"e. Casa propia, de familiares o amigos (sin pago)"
6.0,200000.0,a. Vacaciones/recreación/Ocio ,"e. Casa propia, de familiares o amigos (sin pago)"
4.0,3000000.0,a. Vacaciones/recreación/Ocio ,a. Hotel 
7.0,4000000.0,a. Vacaciones/recreación/Ocio ,a. Hotel 
10.0,1000000.0,b. Visita a familiares y amigos,"e. Casa propia, de familiares o amigos (sin pago)"
4.0,250000.0,b. Visita a familiares y amigos,"e. Casa propia, de familiares o amigos (sin pago)"
2.0,200000.0,g. Negocios y motivos profesionales,"e. Casa propia, de familiares o amigos (sin pago)"
3.0,1000000.0,g. Negocios y motivos profesionales,c. Apartahotel
2.0,400000.0,a. Vacaciones/recreación/Ocio ,a. Hotel 
2.0,600000.0,b. Visita a familiares y amigos,a. Hotel 
6.0,500000.0,h. Trabajo remunerado en otra ciudad,"e. Casa propia, de familiares o amigos (sin pago)"
4.0,800000.0,a. Vacaciones/recreación/Ocio ,a. Hotel 
5.0,600000.0,b. Visita a familiares y amigos,"e. Casa propia, de familiares o amigos (sin pago)"
4.0,500000.0,b. Visita a familiares y amigos,"e. Casa propia, de familiares o amigos (sin pago)"
8.0,5000000.0,a. Vacaciones/recreación/Ocio ,a. Hotel 
1.0,200000.0,b. Visita a familiares y amigos,"e. Casa propia, de familiares o amigos (sin pago)"
2.0,350000.0,a. Vacaciones/recreación/Ocio ,a. Hotel 
4.0,1000000.0,a. Vacaciones/recreación/Ocio ,a. Hotel 
4.0,20000000.0,g. Negocios y motivos profesionales,a. Hotel 
2.0,500.0,b. Visita a familiares y amigos,"e. Casa propia, de familiares o amigos (sin pago)"
24.0,5000000.0,a. Vacaciones/recreación/Ocio ,a. Hotel 
999.0,6000000.0,b. Visita a familiares y amigos,"e. Casa propia, de familiares o amigos (sin pago)"
2.0,150000.0,b. Visita a familiares y amigos,"e. Casa propia, de familiares o amigos (sin pago)"
7.0,2000000.0,b. Visita a familiares y amigos,"e. Casa propia, de familiares o amigos (sin pago)"
3.0,600000.0,c. Educación y formación,a. Hotel 
5.0,150000.0,b. Visita a familiares y amigos,"e. Casa propia, de familiares o amigos (sin pago)"
5.0,2500000.0,a. Vacaciones/recreación/Ocio ,a. Hotel 
3.0,600000.0,b. Visita a familiares y amigos,"e. Casa propia, de familiares o amigos (sin pago)"
3.0,1000000.0,a. Vacaciones/recreación/Ocio ,a. Hotel 
2.0,1000000.0,a. Vacaciones/recreación/Ocio ,a. Hotel 
15.0,1500000.0,h. Trabajo remunerado en otra ciudad,"e. Casa propia, de familiares o amigos (sin pago)"
1.0,200000.0,b. Visita a familiares y amigos,"e. Casa propia, de familiares o amigos (sin pago)"
3.0,1000000.0,g. Negocios y motivos profesionales,a. Hotel 
7.0,1200000.0,a. Vacaciones/recreación/Ocio ,"e. Casa propia, de familiares o amigos (sin pago)"
5.0,100000.0,b. Visita a familiares y amigos,"e. Casa propia, de familiares o amigos (sin pago)"
4.0,3500000.0,b. Visita a familiares y amigos,"e. Casa propia, de familiares o amigos (sin pago)"
6.0,700000.0,h. Trabajo remunerado en otra ciudad,d. Inmueble de alquiler (pagos por plataforma dig)
1.0,250000.0,b. Visita a familiares y amigos,a. Hotel 
2.0,1000000.0,b. Visita a familiares y amigos,a. Hotel 
15.0,2000000.0,a. Vacaciones/recreación/Ocio ,"e. Casa propia, de familiares o amigos (sin pago)"
4.0,300000.0,b. Visita a familiares y amigos,"e. Casa propia, de familiares o amigos (sin pago)"
3.0,300000.0,b. Visita a familiares y amigos,"e. Casa propia, de familiares o amigos (sin pago)"
12.0,1000000.0,h. Trabajo remunerado en otra ciudad,a. Hotel 
3.0,2000000.0,a. Vacaciones/recreación/Ocio ,a. Hotel 
22.0,4000000.0,c. Educación y formación,a. Hotel 
7.0,800000.0,b. Visita a familiares y amigos,"e. Casa propia, de familiares o amigos (sin pago)"
4.0,500000.0,b. Visita a familiares y amigos,"e. Casa propia, de familiares o amigos (sin pago)"
15.0,2500000.0,a. Vacaciones/recreación/Ocio ,a. Hotel 
5.0,1500000.0,a. Vacaciones/recreación/Ocio ,a. Hotel 
4.0,300000.0,b. Visita a familiares y amigos,"e. Casa propia, de familiares o amigos (sin pago)"
1.0,300000.0,a. Vacaciones/recreación/Ocio ,a. Hotel 
3.0,500000.0,g. Negocios y motivos profesionales,a. Hotel 
5.0,4000000.0,a. Vacaciones/recreación/Ocio ,a. Hotel 
5.0,100000.0,b. Visita a familiares y amigos,"e. Casa propia, de familiares o amigos (sin pago)"
999.0,25000000.0,g. Negocios y motivos profesionales,c. Apartahotel
7.0,600000.0,b. Visita a familiares y amigos,"e. Casa propia, de familiares o amigos (sin pago)"
3.0,200000.0,b. Visita a familiares y amigos,"e. Casa propia, de familiares o amigos (sin pago)"
7.0,3000000.0,a. Vacaciones/recreación/Ocio ,a. Hotel 
4.0,500000.0,b. Visita a familiares y amigos,"e. Casa propia, de familiares o amigos (sin pago)"
4.0,3000000.0,a. Vacaciones/recreación/Ocio ,"e. Casa propia, de familiares o amigos (sin pago)"
1.0,200000.0,h. Trabajo remunerado en otra ciudad,"e. Casa propia, de familiares o amigos (sin pago)"
4.0,350000.0,a. Vacaciones/recreación/Ocio ,a. Hotel 
2.0,300000.0,b. Visita a familiares y amigos,"e. Casa propia, de familiares o amigos (sin pago)"
7.0,500000.0,b. Visita a familiares y amigos,"e. Casa propia, de familiares o amigos (sin pago)"
4.0,1000000.0,a. Vacaciones/recreación/Ocio ,"e. Casa propia, de familiares o amigos (sin pago)"
6.0,1200000.0,g. Negocios y motivos profesionales,a. Hotel 
4.0,50000.0,g. Negocios y motivos profesionales,a. Hotel 
15.0,600000.0,h. Trabajo remunerado en otra ciudad,a. Hotel 
999.0,1000000.0,b. Visita a familiares y amigos,"e. Casa propia, de familiares o amigos (sin pago)"
6.0,4000000.0,a. Vacaciones/recreación/Ocio ,a. Hotel 
3.0,500000.0,a. Vacaciones/recreación/Ocio ,a. Hotel 
5.0,400000.0,b. Visita a familiares y amigos,"e. Casa propia, de familiares o amigos (sin pago)"
1.0,120000.0,h. Trabajo remunerado en otra ciudad,a. Hotel 
3.0,100000.0,b. Visita a familiares y amigos,"e. Casa propia, de familiares o amigos (sin pago)"
6.0,1200000.0,h. Trabajo remunerado en otra ciudad,a. Hotel 
15.0,600000.0,a. Vacaciones/recreación/Ocio ,b. Hostal
2.0,80000.0,b. Visita a familiares y amigos,"e. Casa propia, de familiares o amigos (sin pago)"
2.0,300000.0,b. Visita a familiares y amigos,"e. Casa propia, de familiares o amigos (sin pago)"
2.0,450000.0,a. Vacaciones/recreación/Ocio ,a. Hotel 
5.0,300000.0,h. Trabajo remunerado en otra ciudad,a. Hotel 
5.0,750000.0,e. Religión/Peregrinaciones,c. Apartahotel
5.0,3000000.0,b. Visita a familiares y amigos,d. Inmueble de alquiler (pagos por plataforma dig)
3.0,300000.0,a. Vacaciones/recreación/Ocio ,"e. Casa propia, de familiares o amigos (sin pago)"
3.0,250000.0,b. Visita a familiares y amigos,"e. Casa propia, de familiares o amigos (sin pago)"
4.0,500000.0,b. Visita a familiares y amigos,"e. Casa propia, de familiares o amigos (sin pago)"
8.0,1000000.0,h. Trabajo remunerado en otra ciudad,a. Hotel 
2.0,500000.0,a. Vacaciones/recreación/Ocio ,a. Hotel 
1.0,50000.0,h. Trabajo remunerado en otra ciudad,a. Hotel 
2.0,120000.0,b. Visita a familiares y amigos,"e. Casa propia, de familiares o amigos (sin pago)"
3.0,150000.0,b. Visita a familiares y amigos,"e. Casa propia, de familiares o amigos (sin pago)"
8.0,1000000.0,a. Vacaciones/recreación/Ocio ,"e. Casa propia, de familiares o amigos (sin pago)"
4.0,250.0,b. Visita a familiares y amigos,"e. Casa propia, de familiares o amigos (sin pago)"
6.0,1000000.0,b. Visita a familiares y amigos,"e. Casa propia, de familiares o amigos (sin pago)"
5.0,2000000.0,g. Negocios y motivos profesionales,a. Hotel 
3.0,300000.0,e. Religión/Peregrinaciones,a. Hotel 
4.0,350000.0,b. Visita a familiares y amigos,"e. Casa propia, de familiares o amigos (sin pago)"
999.0,3000000.0,a. Vacaciones/recreación/Ocio ,a. Hotel 
4.0,3000000.0,a. Vacaciones/recreación/Ocio ,a. Hotel 
2.0,50000.0,b. Visita a familiares y amigos,"e. Casa propia, de familiares o amigos (sin pago)"
7.0,1800000.0,b. Visita a familiares y amigos,"e. Casa propia, de familiares o amigos (sin pago)"
3.0,200000.0,g. Negocios y motivos profesionales,a. Hotel 
6.0,3000000.0,a. Vacaciones/recreación/Ocio ,a. Hotel 
3.0,2500000.0,a. Vacaciones/recreación/Ocio ,"e. Casa propia, de familiares o amigos (sin pago)"
8.0,200000.0,b. Visita a familiares y amigos,"e. Casa propia, de familiares o amigos (sin pago)"
2.0,300000.0,b. Visita a familiares y amigos,a. Hotel 
7.0,1000000.0,b. Visita a familiares y amigos,"e. Casa propia, de familiares o amigos (sin pago)"
2.0,300000.0,b. Visita a familiares y amigos,"e. Casa propia, de familiares o amigos (sin pago)"
5.0,1000000.0,a. Vacaciones/recreación/Ocio ,a. Hotel 
2.0,500000.0,a. Vacaciones/recreación/Ocio ,a. Hotel 
22.0,3000000.0,a. Vacaciones/recreación/Ocio ,a. Hotel 
8.0,600000.0,a. Vacaciones/recreación/Ocio ,"e. Casa propia, de familiares o amigos (sin pago)"
2.0,100000.0,b. Visita a familiares y amigos,"e. Casa propia, de familiares o amigos (sin pago)"
6.0,1500000.0,g. Negocios y motivos profesionales,a. Hotel 
15.0,2000000.0,h. Trabajo remunerado en otra ciudad,d. Inmueble de alquiler (pagos por plataforma dig)
3.0,500000.0,b. Visita a familiares y amigos,"e. Casa propia, de familiares o amigos (sin pago)"
2.0,500000.0,b. Visita a familiares y amigos,"e. Casa propia, de familiares o amigos (sin pago)"
5.0,3000000.0,h. Trabajo remunerado en otra ciudad,a. Hotel 
5.0,6000000.0,a. Vacaciones/recreación/Ocio ,a. Hotel 
9.0,2000000.0,b. Visita a familiares y amigos,"e. Casa propia, de familiares o amigos (sin pago)"
5.0,200000.0,b. Visita a familiares y amigos,"e. Casa propia, de familiares o amigos (sin pago)"
3.0,450000.0,e. Religión/Peregrinaciones,a. Hotel 
5.0,5000000.0,g. Negocios y motivos profesionales,a. Hotel 
10.0,1000000.0,h. Trabajo remunerado en otra ciudad,"e. Casa propia, de familiares o amigos (sin pago)"
10.0,5000000.0,a. Vacaciones/recreación/Ocio ,a. Hotel 
3.0,200000.0,b. Visita a familiares y amigos,"e. Casa propia, de familiares o amigos (sin pago)"
4.0,2000000.0,g. Negocios y motivos profesionales,a. Hotel 
4.0,400000.0,a. Vacaciones/recreación/Ocio ,a. Hotel 
2.0,250000.0,a. Vacaciones/recreación/Ocio ,"e. Casa propia, de familiares o amigos (sin pago)"
2.0,600000.0,b. Visita a familiares y amigos,"e. Casa propia, de familiares o amigos (sin pago)"
3.0,500000.0,a. Vacaciones/recreación/Ocio ,"e. Casa propia, de familiares o amigos (sin pago)"
4.0,800000.0,a. Vacaciones/recreación/Ocio ,a. Hotel 
5.0,300000.0,a. Vacaciones/recreación/Ocio ,a. Hotel 
3.0,200000.0,h. Trabajo remunerado en otra ciudad,a. Hotel 
7.0,500000.0,b. Visita a familiares y amigos,"e. Casa propia, de familiares o amigos (sin pago)"
7.0,1000000.0,b. Visita a familiares y amigos,"e. Casa propia, de familiares o amigos (sin pago)"
2.0,200000.0,b. Visita a familiares y amigos,"e. Casa propia, de familiares o amigos (sin pago)"
3.0,100000.0,h. Trabajo remunerado en otra ciudad,"e. Casa propia, de familiares o amigos (sin pago)"
4.0,1000000.0,a. Vacaciones/recreación/Ocio ,a. Hotel 
7.0,2000000.0,a. Vacaciones/recreación/Ocio ,"e. Casa propia, de familiares o amigos (sin pago)"
4.0,150000.0,h. Trabajo remunerado en otra ciudad,c. Apartahotel
8.0,2500000.0,a. Vacaciones/recreación/Ocio ,"e. Casa propia, de familiares o amigos (sin pago)"
3.0,800000.0,b. Visita a familiares y amigos,"e. Casa propia, de familiares o amigos (sin pago)"
4.0,600.0,a. Vacaciones/recreación/Ocio ,a. Hotel 
7.0,300000.0,b. Visita a familiares y amigos,"e. Casa propia, de familiares o amigos (sin pago)"
2.0,1000000.0,h. Trabajo remunerado en otra ciudad,a. Hotel 
10.0,300000.0,b. Visita a familiares y amigos,"e. Casa propia, de familiares o amigos (sin pago)"
8.0,300000.0,b. Visita a familiares y amigos,"e. Casa propia, de familiares o amigos (sin pago)"
7.0,1000000.0,a. Vacaciones/recreación/Ocio ,"e. Casa propia, de familiares o amigos (sin pago)"
2.0,250000.0,c. Educación y formación,a. Hotel 
10.0,500000.0,b. Visita a familiares y amigos,"e. Casa propia, de familiares o amigos (sin pago)"
8.0,1000000.0,a. Vacaciones/recreación/Ocio ,"e. Casa propia, de familiares o amigos (sin pago)"
2.0,300000.0,a. Vacaciones/recreación/Ocio ,a. Hotel 
4.0,400000.0,g. Negocios y motivos profesionales,a. Hotel 
2.0,300.0,a. Vacaciones/recreación/Ocio ,"e. Casa propia, de familiares o amigos (sin pago)"
18.0,700000.0,h. Trabajo remunerado en otra ciudad,a. Hotel 
8.0,300000.0,b. Visita a familiares y amigos,"e. Casa propia, de familiares o amigos (sin pago)"
15.0,1000000.0,h. Trabajo remunerado en otra ciudad,c. Apartahotel
30.0,2000000.0,a. Vacaciones/recreación/Ocio ,"e. Casa propia, de familiares o amigos (sin pago)"
3.0,400000.0,h. Trabajo remunerado en otra ciudad,"e. Casa propia, de familiares o amigos (sin pago)"
5.0,3000000.0,g. Negocios y motivos profesionales,a. Hotel 
6.0,500000.0,b. Visita a familiares y amigos,"e. Casa propia, de familiares o amigos (sin pago)"
2.0,150000.0,a. Vacaciones/recreación/Ocio ,a. Hotel 
4.0,1200000.0,g. Negocios y motivos profesionales,a. Hotel 
6.0,200000.0,b. Visita a familiares y amigos,"e. Casa propia, de familiares o amigos (sin pago)"
6.0,250000.0,b. Visita a familiares y amigos,"e. Casa propia, de familiares o amigos (sin pago)"
4.0,300000.0,g. Negocios y motivos profesionales,a. Hotel 
4.0,250000.0,b. Visita a familiares y amigos,"e. Casa propia, de familiares o amigos (sin pago)"
2.0,250000.0,b. Visita a familiares y amigos,"e. Casa propia, de familiares o amigos (sin pago)"
5.0,2000000.0,a. Vacaciones/recreación/Ocio ,a. Hotel 
5.0,500000.0,b. Visita a familiares y amigos,"e. Casa propia, de familiares o amigos (sin pago)"
3.0,500000.0,g. Negocios y motivos profesionales,"e. Casa propia, de familiares o amigos (sin pago)"
2.0,700.0,b. Visita a familiares y amigos,"e. Casa propia, de familiares o amigos (sin pago)"
4.0,200000.0,h. Trabajo remunerado en otra ciudad,"e. Casa propia, de familiares o amigos (sin pago)"
9.0,12500000.0,a. Vacaciones/recreación/Ocio ,a. Hotel 
2.0,400000.0,a. Vacaciones/recreación/Ocio ,a. Hotel 
9.0,2000000.0,a. Vacaciones/recreación/Ocio ,"e. Casa propia, de familiares o amigos (sin pago)"
5.0,200000.0,b. Visita a familiares y amigos,"e. Casa propia, de familiares o amigos (sin pago)"
5.0,250000.0,h. Trabajo remunerado en otra ciudad,"e. Casa propia, de familiares o amigos (sin pago)"
3.0,500000.0,a. Vacaciones/recreación/Ocio ,a. Hotel 
2.0,100000.0,b. Visita a familiares y amigos,"e. Casa propia, de familiares o amigos (sin pago)"
5.0,500000.0,b. Visita a familiares y amigos,"e. Casa propia, de familiares o amigos (sin pago)"
5.0,2000000.0,b. Visita a familiares y amigos,"e. Casa propia, de familiares o amigos (sin pago)"
14.0,800000.0,b. Visita a familiares y amigos,"e. Casa propia, de familiares o amigos (sin pago)"
4.0,400000.0,b. Visita a familiares y amigos,"e. Casa propia, de familiares o amigos (sin pago)"
5.0,300000.0,b. Visita a familiares y amigos,"e. Casa propia, de familiares o amigos (sin pago)"
3.0,200000.0,b. Visita a familiares y amigos,"e. Casa propia, de familiares o amigos (sin pago)"
4.0,150000.0,a. Vacaciones/recreación/Ocio ,a. Hotel 
2.0,100000.0,b. Visita a familiares y amigos,"e. Casa propia, de familiares o amigos (sin pago)"
3.0,150000.0,b. Visita a familiares y amigos,"e. Casa propia, de familiares o amigos (sin pago)"
5.0,500000.0,h. Trabajo remunerado en otra ciudad,a. Hotel 
15.0,1000000.0,a. Vacaciones/recreación/Ocio ,"e. Casa propia, de familiares o amigos (sin pago)"
9.0,1500000.0,a. Vacaciones/recreación/Ocio ,"e. Casa propia, de familiares o amigos (sin pago)"
5.0,800000.0,a. Vacaciones/recreación/Ocio ,a. Hotel 
6.0,1500000.0,b. Visita a familiares y amigos,"e. Casa propia, de familiares o amigos (sin pago)"
2.0,100000.0,h. Trabajo remunerado en otra ciudad,a. Hotel 
10.0,2000000.0,a. Vacaciones/recreación/Ocio ,a. Hotel 
4.0,1000000.0,h. Trabajo remunerado en otra ciudad,a. Hotel 
1.0,150000.0,g. Negocios y motivos profesionales,a. Hotel 
1.0,100000.0,i. Otro.,"e. Casa propia, de familiares o amigos (sin pago)"
6.0,2500000.0,a. Vacaciones/recreación/Ocio ,a. Hotel 
5.0,1000000.0,b. Visita a familiares y amigos,"e. Casa propia, de familiares o amigos (sin pago)"
7.0,1500000.0,a. Vacaciones/recreación/Ocio ,a. Hotel 
4.0,3000000.0,a. Vacaciones/recreación/Ocio ,a. Hotel 
4.0,600000.0,b. Visita a familiares y amigos,"e. Casa propia, de familiares o amigos (sin pago)"
8.0,1000000.0,b. Visita a familiares y amigos,"e. Casa propia, de familiares o amigos (sin pago)"
4.0,3000000.0,a. Vacaciones/recreación/Ocio ,a. Hotel 
3.0,300000.0,b. Visita a familiares y amigos,"e. Casa propia, de familiares o amigos (sin pago)"
8.0,2000000.0,a. Vacaciones/recreación/Ocio ,a. Hotel 
3.0,350000.0,c. Educación y formación,d. Inmueble de alquiler (pagos por plataforma dig)
3.0,350000.0,a. Vacaciones/recreación/Ocio ,"e. Casa propia, de familiares o amigos (sin pago)"
4.0,2000000.0,a. Vacaciones/recreación/Ocio ,a. Hotel 
2.0,800000.0,a. Vacaciones/recreación/Ocio ,a. Hotel 
4.0,1000000.0,g. Negocios y motivos profesionales,a. Hotel 
2.0,600000.0,b. Visita a familiares y amigos,"e. Casa propia, de familiares o amigos (sin pago)"
2.0,700000.0,b. Visita a familiares y amigos,"e. Casa propia, de familiares o amigos (sin pago)"
5.0,3000000.0,h. Trabajo remunerado en otra ciudad,a. Hotel 
4.0,300000.0,b. Visita a familiares y amigos,"e. Casa propia, de familiares o amigos (sin pago)"
6.0,1000000.0,a. Vacaciones/recreación/Ocio ,a. Hotel 
10.0,1500000.0,g. Negocios y motivos profesionales,c. Apartahotel
2.0,1000000.0,a. Vacaciones/recreación/Ocio ,a. Hotel 
2.0,300000.0,h. Trabajo remunerado en otra ciudad,a. Hotel 
3.0,500000.0,b. Visita a familiares y amigos,"e. Casa propia, de familiares o amigos (sin pago)"
4.0,3000000.0,a. Vacaciones/recreación/Ocio ,a. Hotel 
10.0,3000000.0,a. Vacaciones/recreación/Ocio ,a. Hotel 
5.0,600.0,h. Trabajo remunerado en otra ciudad,a. Hotel 
20.0,5000000.0,a. Vacaciones/recreación/Ocio ,"e. Casa propia, de familiares o amigos (sin pago)"
5.0,500000.0,b. Visita a familiares y amigos,"e. Casa propia, de familiares o amigos (sin pago)"
3.0,500000.0,a. Vacaciones/recreación/Ocio ,a. Hotel 
8.0,800000.0,h. Trabajo remunerado en otra ciudad,d. Inmueble de alquiler (pagos por plataforma dig)
999.0,1500000.0,b. Visita a familiares y amigos,"e. Casa propia, de familiares o amigos (sin pago)"
2.0,200000.0,h. Trabajo remunerado en otra ciudad,a. Hotel 
28.0,4000000.0,a. Vacaciones/recreación/Ocio ,"e. Casa propia, de familiares o amigos (sin pago)"
24.0,500000.0,b. Visita a familiares y amigos,"e. Casa propia, de familiares o amigos (sin pago)"
999.0,600000.0,b. Visita a familiares y amigos,"e. Casa propia, de familiares o amigos (sin pago)"
10.0,600.0,a. Vacaciones/recreación/Ocio ,a. Hotel 
7.0,200000.0,"d. Salud , Bienestar y atención médica","e. Casa propia, de familiares o amigos (sin pago)"
4.0,800000.0,a. Vacaciones/recreación/Ocio ,a. Hotel 
2.0,300000.0,e. Religión/Peregrinaciones,a. Hotel 
5.0,500000.0,h. Trabajo remunerado en otra ciudad,c. Apartahotel
6.0,600000.0,b. Visita a familiares y amigos,"e. Casa propia, de familiares o amigos (sin pago)"
3.0,2000000.0,a. Vacaciones/recreación/Ocio ,a. Hotel 
3.0,2000000.0,a. Vacaciones/recreación/Ocio ,a. Hotel 
3.0,1000000.0,a. Vacaciones/recreación/Ocio ,a. Hotel 
2.0,300000.0,b. Visita a familiares y amigos,"e. Casa propia, de familiares o amigos (sin pago)"
3.0,500000.0,g. Negocios y motivos profesionales,a. Hotel 
2.0,120000.0,b. Visita a familiares y amigos,"e. Casa propia, de familiares o amigos (sin pago)"
4.0,300000.0,h. Trabajo remunerado en otra ciudad,"e. Casa propia, de familiares o amigos (sin pago)"
1.0,300.0,c. Educación y formación,"e. Casa propia, de familiares o amigos (sin pago)"
2.0,400000.0,a. Vacaciones/recreación/Ocio ,a. Hotel 
2.0,500000.0,h. Trabajo remunerado en otra ciudad,b. Hostal
4.0,700000.0,b. Visita a familiares y amigos,"e. Casa propia, de familiares o amigos (sin pago)"
2.0,1000000.0,a. Vacaciones/recreación/Ocio ,"e. Casa propia, de familiares o amigos (sin pago)"
8.0,3000000.0,a. Vacaciones/recreación/Ocio ,a. Hotel 
3.0,350000.0,a. Vacaciones/recreación/Ocio ,a. Hotel 
4.0,800000.0,h. Trabajo remunerado en otra ciudad,a. Hotel 
5.0,3000000.0,e. Religión/Peregrinaciones,a. Hotel 
4.0,3000000.0,a. Vacaciones/recreación/Ocio ,a. Hotel 
4.0,500000.0,b. Visita a familiares y amigos,"e. Casa propia, de familiares o amigos (sin pago)"
8.0,3500000.0,a. Vacaciones/recreación/Ocio ,"e. Casa propia, de familiares o amigos (sin pago)"
2.0,200000.0,b. Visita a familiares y amigos,"e. Casa propia, de familiares o amigos (sin pago)"
5.0,300000.0,b. Visita a familiares y amigos,"e. Casa propia, de familiares o amigos (sin pago)"
6.0,1000000.0,b. Visita a familiares y amigos,"e. Casa propia, de familiares o amigos (sin pago)"
8.0,1000000.0,e. Religión/Peregrinaciones,a. Hotel 
2.0,100000.0,b. Visita a familiares y amigos,"e. Casa propia, de familiares o amigos (sin pago)"
5.0,3000000.0,a. Vacaciones/recreación/Ocio ,c. Apartahotel
6.0,1500000.0,b. Visita a familiares y amigos,"e. Casa propia, de familiares o amigos (sin pago)"
6.0,800000.0,h. Trabajo remunerado en otra ciudad,c. Apartahotel
2.0,600000.0,g. Negocios y motivos profesionales,a. Hotel 
2.0,100000.0,b. Visita a familiares y amigos,"e. Casa propia, de familiares o amigos (sin pago)"
3.0,150000.0,b. Visita a familiares y amigos,"e. Casa propia, de familiares o amigos (sin pago)"
2.0,400000.0,f. Compras,a. Hotel 
2.0,250000.0,b. Visita a familiares y amigos,"e. Casa propia, de familiares o amigos (sin pago)"
3.0,360000.0,b. Visita a familiares y amigos,"e. Casa propia, de familiares o amigos (sin pago)"
5.0,2000000.0,g. Negocios y motivos profesionales,a. Hotel 
3.0,1500000.0,g. Negocios y motivos profesionales,a. Hotel 
4.0,1000000.0,h. Trabajo remunerado en otra ciudad,a. Hotel 
8.0,8000000.0,a. Vacaciones/recreación/Ocio ,a. Hotel 
4.0,2500000.0,a. Vacaciones/recreación/Ocio ,a. Hotel 
2.0,400000.0,b. Visita a familiares y amigos,"e. Casa propia, de familiares o amigos (sin pago)"
3.0,500000.0,g. Negocios y motivos profesionales,a. Hotel 
5.0,1000000.0,g. Negocios y motivos profesionales,c. Apartahotel
10.0,300000.0,b. Visita a familiares y amigos,"e. Casa propia, de familiares o amigos (sin pago)"
2.0,200000.0,b. Visita a familiares y amigos,"e. Casa propia, de familiares o amigos (sin pago)"
2.0,300000.0,g. Negocios y motivos profesionales,a. Hotel 
5.0,4000000.0,a. Vacaciones/recreación/Ocio ,"e. Casa propia, de familiares o amigos (sin pago)"
4.0,3000000.0,a. Vacaciones/recreación/Ocio ,c. Apartahotel
8.0,2500000.0,a. Vacaciones/recreación/Ocio ,a. Hotel 
3.0,600000.0,b. Visita a familiares y amigos,"e. Casa propia, de familiares o amigos (sin pago)"
12.0,500000.0,h. Trabajo remunerado en otra ciudad,"e. Casa propia, de familiares o amigos (sin pago)"
5.0,5000000.0,a. Vacaciones/recreación/Ocio ,a. Hotel 
2.0,500000.0,b. Visita a familiares y amigos,"e. Casa propia, de familiares o amigos (sin pago)"
1.0,600000.0,g. Negocios y motivos profesionales,a. Hotel 
3.0,300000.0,b. Visita a familiares y amigos,"e. Casa propia, de familiares o amigos (sin pago)"
3.0,400000.0,b. Visita a familiares y amigos,"e. Casa propia, de familiares o amigos (sin pago)"
2.0,700000.0,a. Vacaciones/recreación/Ocio ,"e. Casa propia, de familiares o amigos (sin pago)"
4.0,3000000.0,a. Vacaciones/recreación/Ocio ,a. Hotel 
5.0,200000.0,b. Visita a familiares y amigos,"e. Casa propia, de familiares o amigos (sin pago)"
2.0,4000000.0,"d. Salud , Bienestar y atención médica",a. Hotel 
3.0,600000.0,g. Negocios y motivos profesionales,"e. Casa propia, de familiares o amigos (sin pago)"
5.0,1500000.0,h. Trabajo remunerado en otra ciudad,a. Hotel 
2.0,1000000.0,b. Visita a familiares y amigos,"e. Casa propia, de familiares o amigos (sin pago)"
4.0,1000000.0,a. Vacaciones/recreación/Ocio ,a. Hotel 
3.0,700000.0,a. Vacaciones/recreación/Ocio ,a. Hotel 
8.0,3000000.0,a. Vacaciones/recreación/Ocio ,a. Hotel 
9.0,6000000.0,a. Vacaciones/recreación/Ocio ,a. Hotel 
3.0,300000.0,h. Trabajo remunerado en otra ciudad,a. Hotel 
2.0,500000.0,b. Visita a familiares y amigos,"e. Casa propia, de familiares o amigos (sin pago)"
4.0,800000.0,b. Visita a familiares y amigos,"e. Casa propia, de familiares o amigos (sin pago)"
7.0,500000.0,b. Visita a familiares y amigos,"e. Casa propia, de familiares o amigos (sin pago)"
999.0,2000000.0,b. Visita a familiares y amigos,"e. Casa propia, de familiares o amigos (sin pago)"
4.0,500000.0,b. Visita a familiares y amigos,"e. Casa propia, de familiares o amigos (sin pago)"
3.0,1000000.0,b. Visita a familiares y amigos,"e. Casa propia, de familiares o amigos (sin pago)"
3.0,500000.0,a. Vacaciones/recreación/Ocio ,a. Hotel 
5.0,3000000.0,g. Negocios y motivos profesionales,a. Hotel 
4.0,1000000.0,h. Trabajo remunerado en otra ciudad,a. Hotel 
3.0,200000.0,b. Visita a familiares y amigos,"e. Casa propia, de familiares o amigos (sin pago)"
8.0,1000000.0,b. Visita a familiares y amigos,"e. Casa propia, de familiares o amigos (sin pago)"
3.0,250000.0,b. Visita a familiares y amigos,"e. Casa propia, de familiares o amigos (sin pago)"
6.0,2500000.0,a. Vacaciones/recreación/Ocio ,a. Hotel 
2.0,500000.0,e. Religión/Peregrinaciones,a. Hotel 
5.0,500000.0,b. Visita a familiares y amigos,"e. Casa propia, de familiares o amigos (sin pago)"
2.0,700000.0,b. Visita a familiares y amigos,a. Hotel 
4.0,1500000.0,a. Vacaciones/recreación/Ocio ,a. Hotel 
6.0,1200000.0,b. Visita a familiares y amigos,"e. Casa propia, de familiares o amigos (sin pago)"
2.0,150000.0,b. Visita a familiares y amigos,"e. Casa propia, de familiares o amigos (sin pago)"
2.0,350000.0,b. Visita a familiares y amigos,"e. Casa propia, de familiares o amigos (sin pago)"
20.0,1000000.0,b. Visita a familiares y amigos,"e. Casa propia, de familiares o amigos (sin pago)"
15.0,500000.0,h. Trabajo remunerado en otra ciudad,a. Hotel 
3.0,500000.0,b. Visita a familiares y amigos,"e. Casa propia, de familiares o amigos (sin pago)"
3.0,600000.0,b. Visita a familiares y amigos,"e. Casa propia, de familiares o amigos (sin pago)"
999.0,3000000.0,g. Negocios y motivos profesionales,a. Hotel 
4.0,1500000.0,a. Vacaciones/recreación/Ocio ,a. Hotel 
4.0,3500000.0,a. Vacaciones/recreación/Ocio ,a. Hotel 
3.0,500000.0,b. Visita a familiares y amigos,"e. Casa propia, de familiares o amigos (sin pago)"
5.0,3000000.0,g. Negocios y motivos profesionales,"e. Casa propia, de familiares o amigos (sin pago)"
4.0,1500000.0,b. Visita a familiares y amigos,"e. Casa propia, de familiares o amigos (sin pago)"
4.0,800000.0,b. Visita a familiares y amigos,"e. Casa propia, de familiares o amigos (sin pago)"
6.0,5000000.0,a. Vacaciones/recreación/Ocio ,a. Hotel 
8.0,1200000.0,a. Vacaciones/recreación/Ocio ,"e. Casa propia, de familiares o amigos (sin pago)"
8.0,15000000.0,a. Vacaciones/recreación/Ocio ,a. Hotel 
5.0,1000000.0,b. Visita a familiares y amigos,"e. Casa propia, de familiares o amigos (sin pago)"
10.0,2000000.0,a. Vacaciones/recreación/Ocio ,"e. Casa propia, de familiares o amigos (sin pago)"
3.0,150000.0,b. Visita a familiares y amigos,"e. Casa propia, de familiares o amigos (sin pago)"
1.0,300.0,b. Visita a familiares y amigos,"e. Casa propia, de familiares o amigos (sin pago)"
3.0,300000.0,b. Visita a familiares y amigos,"e. Casa propia, de familiares o amigos (sin pago)"
2.0,300000.0,i. Otro.,b. Hostal
6.0,300000.0,b. Visita a familiares y amigos,"e. Casa propia, de familiares o amigos (sin pago)"
10.0,2500000.0,b. Visita a familiares y amigos,"e. Casa propia, de familiares o amigos (sin pago)"
3.0,5000000.0,h. Trabajo remunerado en otra ciudad,a. Hotel 
2.0,300000.0,b. Visita a familiares y amigos,"e. Casa propia, de familiares o amigos (sin pago)"
20.0,3000000.0,a. Vacaciones/recreación/Ocio ,"e. Casa propia, de familiares o amigos (sin pago)"
3.0,1000000.0,a. Vacaciones/recreación/Ocio ,"e. Casa propia, de familiares o amigos (sin pago)"
3.0,300000.0,g. Negocios y motivos profesionales,a. Hotel 
7.0,500000.0,b. Visita a familiares y amigos,"e. Casa propia, de familiares o amigos (sin pago)"
4.0,800000.0,a. Vacaciones/recreación/Ocio ,a. Hotel 
2.0,500000.0,b. Visita a familiares y amigos,"e. Casa propia, de familiares o amigos (sin pago)"
4.0,3500000.0,a. Vacaciones/recreación/Ocio ,a. Hotel 
2.0,600000.0,a. Vacaciones/recreación/Ocio ,a. Hotel 
2.0,300000.0,b. Visita a familiares y amigos,"e. Casa propia, de familiares o amigos (sin pago)"
3.0,450000.0,a. Vacaciones/recreación/Ocio ,a. Hotel 
3.0,160000.0,a. Vacaciones/recreación/Ocio ,a. Hotel 
3.0,800000.0,a. Vacaciones/recreación/Ocio ,"e. Casa propia, de familiares o amigos (sin pago)"
10.0,1500000.0,b. Visita a familiares y amigos,"e. Casa propia, de familiares o amigos (sin pago)"
2.0,50000.0,b. Visita a familiares y amigos,"e. Casa propia, de familiares o amigos (sin pago)"
3.0,1000000.0,b. Visita a familiares y amigos,"e. Casa propia, de familiares o amigos (sin pago)"
5.0,200000.0,a. Vacaciones/recreación/Ocio ,"e. Casa propia, de familiares o amigos (sin pago)"
2.0,500000.0,h. Trabajo remunerado en otra ciudad,a. Hotel 
14.0,700000.0,h. Trabajo remunerado en otra ciudad,"e. Casa propia, de familiares o amigos (sin pago)"
7.0,250000.0,c. Educación y formación,a. Hotel 
2.0,800000.0,g. Negocios y motivos profesionales,a. Hotel 
3.0,100000.0,b. Visita a familiares y amigos,"e. Casa propia, de familiares o amigos (sin pago)"
2.0,400000.0,b. Visita a familiares y amigos,"e. Casa propia, de familiares o amigos (sin pago)"
4.0,1000000.0,a. Vacaciones/recreación/Ocio ,a. Hotel 
15.0,500000.0,h. Trabajo remunerado en otra ciudad,"e. Casa propia, de familiares o amigos (sin pago)"
7.0,500000.0,h. Trabajo remunerado en otra ciudad,"e. Casa propia, de familiares o amigos (sin pago)"
2.0,1000000.0,a. Vacaciones/recreación/Ocio ,a. Hotel 
15.0,2000000.0,b. Visita a familiares y amigos,"e. Casa propia, de familiares o amigos (sin pago)"
5.0,1000000.0,g. Negocios y motivos profesionales,a. Hotel 
5.0,100000.0,b. Visita a familiares y amigos,a. Hotel 
7.0,6000000.0,a. Vacaciones/recreación/Ocio ,a. Hotel 
7.0,200000.0,b. Visita a familiares y amigos,"e. Casa propia, de familiares o amigos (sin pago)"
7.0,300000.0,h. Trabajo remunerado en otra ciudad,a. Hotel 
30.0,1000000.0,b. Visita a familiares y amigos,"e. Casa propia, de familiares o amigos (sin pago)"
2.0,400000.0,a. Vacaciones/recreación/Ocio ,a. Hotel 
4.0,1000000.0,a. Vacaciones/recreación/Ocio ,a. Hotel 
4.0,500000.0,b. Visita a familiares y amigos,"e. Casa propia, de familiares o amigos (sin pago)"
2.0,500000.0,h. Trabajo remunerado en otra ciudad,a. Hotel 
4.0,300000.0,b. Visita a familiares y amigos,"e. Casa propia, de familiares o amigos (sin pago)"
2.0,100000.0,h. Trabajo remunerado en otra ciudad,a. Hotel 
5.0,1500000.0,b. Visita a familiares y amigos,"e. Casa propia, de familiares o amigos (sin pago)"
1.0,700000.0,a. Vacaciones/recreación/Ocio ,a. Hotel 
2.0,250000.0,b. Visita a familiares y amigos,"e. Casa propia, de familiares o amigos (sin pago)"
4.0,400000.0,a. Vacaciones/recreación/Ocio ,a. Hotel 
5.0,2000000.0,b. Visita a familiares y amigos,"e. Casa propia, de familiares o amigos (sin pago)"
15.0,1000000.0,b. Visita a familiares y amigos,"e. Casa propia, de familiares o amigos (sin pago)"
4.0,1500000.0,h. Trabajo remunerado en otra ciudad,c. Apartahotel
3.0,300000.0,b. Visita a familiares y amigos,"e. Casa propia, de familiares o amigos (sin pago)"
4.0,400000.0,a. Vacaciones/recreación/Ocio ,"e. Casa propia, de familiares o amigos (sin pago)"
7.0,2000000.0,a. Vacaciones/recreación/Ocio ,b. Hostal
3.0,800000.0,g. Negocios y motivos profesionales,a. Hotel 
2.0,150000.0,b. Visita a familiares y amigos,"e. Casa propia, de familiares o amigos (sin pago)"
4.0,200000.0,b. Visita a familiares y amigos,"e. Casa propia, de familiares o amigos (sin pago)"
3.0,400000.0,a. Vacaciones/recreación/Ocio ,"e. Casa propia, de familiares o amigos (sin pago)"
3.0,1000000.0,h. Trabajo remunerado en otra ciudad,a. Hotel 
3.0,500000.0,"d. Salud , Bienestar y atención médica","e. Casa propia, de familiares o amigos (sin pago)"
4.0,3000000.0,a. Vacaciones/recreación/Ocio ,a. Hotel 
1.0,700000.0,b. Visita a familiares y amigos,"e. Casa propia, de familiares o amigos (sin pago)"
4.0,20000000.0,a. Vacaciones/recreación/Ocio ,a. Hotel 
3.0,3000000.0,b. Visita a familiares y amigos,"e. Casa propia, de familiares o amigos (sin pago)"
20.0,5000000.0,b. Visita a familiares y amigos,"e. Casa propia, de familiares o amigos (sin pago)"
2.0,1500000.0,b. Visita a familiares y amigos,"e. Casa propia, de familiares o amigos (sin pago)"
3.0,400000.0,b. Visita a familiares y amigos,"e. Casa propia, de familiares o amigos (sin pago)"
7.0,500000.0,b. Visita a familiares y amigos,"e. Casa propia, de familiares o amigos (sin pago)"
1.0,200000.0,h. Trabajo remunerado en otra ciudad,a. Hotel 
6.0,3000000.0,b. Visita a familiares y amigos,a. Hotel 
4.0,800000.0,a. Vacaciones/recreación/Ocio ,a. Hotel 
3.0,500000.0,b. Visita a familiares y amigos,"e. Casa propia, de familiares o amigos (sin pago)"
2.0,300000.0,b. Visita a familiares y amigos,"e. Casa propia, de familiares o amigos (sin pago)"
2.0,2000000.0,b. Visita a familiares y amigos,"e. Casa propia, de familiares o amigos (sin pago)"
2.0,100000.0,b. Visita a familiares y amigos,"e. Casa propia, de familiares o amigos (sin pago)"
4.0,800000.0,a. Vacaciones/recreación/Ocio ,a. Hotel 
5.0,1000000.0,a. Vacaciones/recreación/Ocio ,"e. Casa propia, de familiares o amigos (sin pago)"
4.0,100000.0,a. Vacaciones/recreación/Ocio ,"e. Casa propia, de familiares o amigos (sin pago)"
6.0,300000.0,b. Visita a familiares y amigos,"e. Casa propia, de familiares o amigos (sin pago)"
20.0,3000000.0,a. Vacaciones/recreación/Ocio ,"e. Casa propia, de familiares o amigos (sin pago)"
3.0,400000.0,a. Vacaciones/recreación/Ocio ,a. Hotel 
4.0,700000.0,e. Religión/Peregrinaciones,a. Hotel 
15.0,1000000.0,b. Visita a familiares y amigos,"e. Casa propia, de familiares o amigos (sin pago)"
2.0,1000000.0,a. Vacaciones/recreación/Ocio ,"e. Casa propia, de familiares o amigos (sin pago)"
6.0,3000000.0,a. Vacaciones/recreación/Ocio ,a. Hotel 
4.0,500000.0,b. Visita a familiares y amigos,"e. Casa propia, de familiares o amigos (sin pago)"
7.0,3000000.0,b. Visita a familiares y amigos,"e. Casa propia, de familiares o amigos (sin pago)"
10.0,1000000.0,b. Visita a familiares y amigos,"e. Casa propia, de familiares o amigos (sin pago)"
5.0,2000000.0,a. Vacaciones/recreación/Ocio ,a. Hotel 
8.0,3000000.0,a. Vacaciones/recreación/Ocio ,a. Hotel 
4.0,1500000.0,a. Vacaciones/recreación/Ocio ,d. Inmueble de alquiler (pagos por plataforma dig)
9.0,3000000.0,a. Vacaciones/recreación/Ocio ,a. Hotel 
5.0,800000.0,a. Vacaciones/recreación/Ocio ,a. Hotel 
4.0,100000.0,b. Visita a familiares y amigos,"e. Casa propia, de familiares o amigos (sin pago)"
5.0,700000.0,b. Visita a familiares y amigos,"e. Casa propia, de familiares o amigos (sin pago)"
3.0,200000.0,b. Visita a familiares y amigos,"e. Casa propia, de familiares o amigos (sin pago)"
20.0,200000.0,h. Trabajo remunerado en otra ciudad,"e. Casa propia, de familiares o amigos (sin pago)"
3.0,3000.0,"d. Salud , Bienestar y atención médica",a. Hotel 
15.0,50000.0,h. Trabajo remunerado en otra ciudad,f. Otro
15.0,5000000.0,a. Vacaciones/recreación/Ocio ,a. Hotel 
10.0,1000000.0,h. Trabajo remunerado en otra ciudad,"e. Casa propia, de familiares o amigos (sin pago)"
7.0,1000000.0,b. Visita a familiares y amigos,"e. Casa propia, de familiares o amigos (sin pago)"
6.0,4200000.0,a. Vacaciones/recreación/Ocio ,a. Hotel 
4.0,700000.0,a. Vacaciones/recreación/Ocio ,a. Hotel 
3.0,250000.0,a. Vacaciones/recreación/Ocio ,a. Hotel 
30.0,300000.0,a. Vacaciones/recreación/Ocio ,"e. Casa propia, de familiares o amigos (sin pago)"
15.0,1000000.0,b. Visita a familiares y amigos,"e. Casa propia, de familiares o amigos (sin pago)"
2.0,800000.0,g. Negocios y motivos profesionales,a. Hotel 
1.0,1000000.0,g. Negocios y motivos profesionales,a. Hotel 
3.0,1000000.0,a. Vacaciones/recreación/Ocio ,a. Hotel 
2.0,200000.0,a. Vacaciones/recreación/Ocio ,b. Hostal
4.0,800000.0,b. Visita a familiares y amigos,"e. Casa propia, de familiares o amigos (sin pago)"
7.0,3000000.0,a. Vacaciones/recreación/Ocio ,a. Hotel 
3.0,300000.0,b. Visita a familiares y amigos,"e. Casa propia, de familiares o amigos (sin pago)"
8.0,500000.0,b. Visita a familiares y amigos,"e. Casa propia, de familiares o amigos (sin pago)"
4.0,1000000.0,b. Visita a familiares y amigos,"e. Casa propia, de familiares o amigos (sin pago)"
10.0,500000.0,b. Visita a familiares y amigos,"e. Casa propia, de familiares o amigos (sin pago)"
4.0,700000.0,b. Visita a familiares y amigos,"e. Casa propia, de familiares o amigos (sin pago)"
3.0,300000.0,b. Visita a familiares y amigos,"e. Casa propia, de familiares o amigos (sin pago)"
5.0,5000000.0,a. Vacaciones/recreación/Ocio ,a. Hotel 
4.0,1500000.0,b. Visita a familiares y amigos,"e. Casa propia, de familiares o amigos (sin pago)"
3.0,400000.0,b. Visita a familiares y amigos,"e. Casa propia, de familiares o amigos (sin pago)"
3.0,500000.0,h. Trabajo remunerado en otra ciudad,"e. Casa propia, de familiares o amigos (sin pago)"
10.0,600000.0,b. Visita a familiares y amigos,"e. Casa propia, de familiares o amigos (sin pago)"
3.0,500000.0,h. Trabajo remunerado en otra ciudad,a. Hotel 
3.0,450000.0,b. Visita a familiares y amigos,"e. Casa propia, de familiares o amigos (sin pago)"
2.0,400000.0,a. Vacaciones/recreación/Ocio ,a. Hotel 
7.0,1500000.0,a. Vacaciones/recreación/Ocio ,c. Apartahotel
15.0,2000000.0,a. Vacaciones/recreación/Ocio ,a. Hotel 
15.0,2000000.0,b. Visita a familiares y amigos,"e. Casa propia, de familiares o amigos (sin pago)"
3.0,500000.0,a. Vacaciones/recreación/Ocio ,a. Hotel 
3.0,100000.0,b. Visita a familiares y amigos,"e. Casa propia, de familiares o amigos (sin pago)"
3.0,2000.0,g. Negocios y motivos profesionales,a. Hotel 
4.0,1200000.0,b. Visita a familiares y amigos,"e. Casa propia, de familiares o amigos (sin pago)"
7.0,2000000.0,a. Vacaciones/recreación/Ocio ,a. Hotel 
4.0,600000.0,g. Negocios y motivos profesionales,a. Hotel 
15.0,3000000.0,b. Visita a familiares y amigos,a. Hotel 
5.0,1000000.0,b. Visita a familiares y amigos,"e. Casa propia, de familiares o amigos (sin pago)"
10.0,500000.0,h. Trabajo remunerado en otra ciudad,a. Hotel 
4.0,500000.0,b. Visita a familiares y amigos,"e. Casa propia, de familiares o amigos (sin pago)"
15.0,5000000.0,b. Visita a familiares y amigos,"e. Casa propia, de familiares o amigos (sin pago)"
3.0,500000.0,h. Trabajo remunerado en otra ciudad,a. Hotel 
999.0,2000000.0,a. Vacaciones/recreación/Ocio ,"e. Casa propia, de familiares o amigos (sin pago)"
3.0,300000.0,b. Visita a familiares y amigos,"e. Casa propia, de familiares o amigos (sin pago)"
6.0,2000000.0,a. Vacaciones/recreación/Ocio ,a. Hotel 
4.0,3000000.0,a. Vacaciones/recreación/Ocio ,a. Hotel 
10.0,500000.0,h. Trabajo remunerado en otra ciudad,"e. Casa propia, de familiares o amigos (sin pago)"
5.0,600000.0,h. Trabajo remunerado en otra ciudad,a. Hotel 
5.0,1000000.0,a. Vacaciones/recreación/Ocio ,"e. Casa propia, de familiares o amigos (sin pago)"
10.0,2000000.0,a. Vacaciones/recreación/Ocio ,"e. Casa propia, de familiares o amigos (sin pago)"
5.0,1000000.0,b. Visita a familiares y amigos,"e. Casa propia, de familiares o amigos (sin pago)"
7.0,2000000.0,a. Vacaciones/recreación/Ocio ,a. Hotel 
3.0,1000000.0,h. Trabajo remunerado en otra ciudad,a. Hotel 
2.0,250000.0,a. Vacaciones/recreación/Ocio ,d. Inmueble de alquiler (pagos por plataforma dig)
12.0,6000000.0,a. Vacaciones/recreación/Ocio ,a. Hotel 
3.0,300000.0,b. Visita a familiares y amigos,"e. Casa propia, de familiares o amigos (sin pago)"
4.0,800000.0,a. Vacaciones/recreación/Ocio ,a. Hotel 
5.0,15000000.0,a. Vacaciones/recreación/Ocio ,a. Hotel 
8.0,5000000.0,a. Vacaciones/recreación/Ocio ,a. Hotel 
4.0,5000000.0,a. Vacaciones/recreación/Ocio ,a. Hotel 
5.0,500000.0,a. Vacaciones/recreación/Ocio ,b. Hostal
3.0,150000.0,b. Visita a familiares y amigos,"e. Casa propia, de familiares o amigos (sin pago)"
4.0,3000000.0,a. Vacaciones/recreación/Ocio ,a. Hotel 
5.0,5000000.0,a. Vacaciones/recreación/Ocio ,a. Hotel 
4.0,1000000.0,a. Vacaciones/recreación/Ocio ,a. Hotel 
4.0,2000000.0,a. Vacaciones/recreación/Ocio ,a. Hotel 
2.0,2000000.0,a. Vacaciones/recreación/Ocio ,a. Hotel 
2.0,400000.0,b. Visita a familiares y amigos,"e. Casa propia, de familiares o amigos (sin pago)"
7.0,800000.0,a. Vacaciones/recreación/Ocio ,"e. Casa propia, de familiares o amigos (sin pago)"
8.0,300000.0,b. Visita a familiares y amigos,"e. Casa propia, de familiares o amigos (sin pago)"
10.0,300000.0,h. Trabajo remunerado en otra ciudad,a. Hotel 
6.0,1500000.0,a. Vacaciones/recreación/Ocio ,a. Hotel 
5.0,2000000.0,a. Vacaciones/recreación/Ocio ,a. Hotel 
3.0,500000.0,b. Visita a familiares y amigos,"e. Casa propia, de familiares o amigos (sin pago)"
4.0,300000.0,b. Visita a familiares y amigos,"e. Casa propia, de familiares o amigos (sin pago)"
3.0,250000.0,b. Visita a familiares y amigos,"e. Casa propia, de familiares o amigos (sin pago)"
7.0,2500000.0,a. Vacaciones/recreación/Ocio ,a. Hotel 
25.0,15000.0,a. Vacaciones/recreación/Ocio ,"e. Casa propia, de familiares o amigos (sin pago)"
4.0,1000000.0,g. Negocios y motivos profesionales,a. Hotel 
4.0,500000.0,b. Visita a familiares y amigos,"e. Casa propia, de familiares o amigos (sin pago)"
5.0,600000.0,g. Negocios y motivos profesionales,b. Hostal
4.0,800000.0,a. Vacaciones/recreación/Ocio ,a. Hotel 
8.0,3000000.0,b. Visita a familiares y amigos,"e. Casa propia, de familiares o amigos (sin pago)"
2.0,1000000.0,b. Visita a familiares y amigos,"e. Casa propia, de familiares o amigos (sin pago)"
4.0,300000.0,h. Trabajo remunerado en otra ciudad,a. Hotel 
2.0,1500000.0,"d. Salud , Bienestar y atención médica",a. Hotel 
28.0,500000.0,b. Visita a familiares y amigos,"e. Casa propia, de familiares o amigos (sin pago)"
6.0,2000000.0,a. Vacaciones/recreación/Ocio ,"e. Casa propia, de familiares o amigos (sin pago)"
3.0,1000000.0,b. Visita a familiares y amigos,"e. Casa propia, de familiares o amigos (sin pago)"
3.0,500000.0,b. Visita a familiares y amigos,"e. Casa propia, de familiares o amigos (sin pago)"
3.0,500000.0,h. Trabajo remunerado en otra ciudad,a. Hotel 
3.0,600000.0,b. Visita a familiares y amigos,"e. Casa propia, de familiares o amigos (sin pago)"
2.0,200000.0,b. Visita a familiares y amigos,"e. Casa propia, de familiares o amigos (sin pago)"
3.0,500000.0,h. Trabajo remunerado en otra ciudad,a. Hotel 
5.0,600000.0,b. Visita a familiares y amigos,"e. Casa propia, de familiares o amigos (sin pago)"
5.0,2000000.0,b. Visita a familiares y amigos,"e. Casa propia, de familiares o amigos (sin pago)"
4.0,1000000.0,a. Vacaciones/recreación/Ocio ,a. Hotel 
4.0,500000.0,b. Visita a familiares y amigos,"e. Casa propia, de familiares o amigos (sin pago)"
7.0,2000000.0,a. Vacaciones/recreación/Ocio ,a. Hotel 
3.0,400000.0,b. Visita a familiares y amigos,"e. Casa propia, de familiares o amigos (sin pago)"
5.0,3000000.0,a. Vacaciones/recreación/Ocio ,a. Hotel 
6.0,500000.0,a. Vacaciones/recreación/Ocio ,a. Hotel 
3.0,600000.0,b. Visita a familiares y amigos,a. Hotel 
5.0,500000.0,h. Trabajo remunerado en otra ciudad,a. Hotel 
3.0,400000.0,b. Visita a familiares y amigos,"e. Casa propia, de familiares o amigos (sin pago)"
1.0,1000000.0,a. Vacaciones/recreación/Ocio ,c. Apartahotel
3.0,1200000.0,h. Trabajo remunerado en otra ciudad,d. Inmueble de alquiler (pagos por plataforma dig)
2.0,500000.0,g. Negocios y motivos profesionales,a. Hotel 
4.0,2000000.0,a. Vacaciones/recreación/Ocio ,a. Hotel 
15.0,2000000.0,b. Visita a familiares y amigos,"e. Casa propia, de familiares o amigos (sin pago)"
5.0,200000.0,a. Vacaciones/recreación/Ocio ,"e. Casa propia, de familiares o amigos (sin pago)"
5.0,1500000.0,h. Trabajo remunerado en otra ciudad,a. Hotel 
10.0,800000.0,h. Trabajo remunerado en otra ciudad,"e. Casa propia, de familiares o amigos (sin pago)"
5.0,2000000.0,a. Vacaciones/recreación/Ocio ,a. Hotel 
2.0,3000000.0,a. Vacaciones/recreación/Ocio ,a. Hotel 
2.0,350000.0,b. Visita a familiares y amigos,"e. Casa propia, de familiares o amigos (sin pago)"
4.0,300000.0,b. Visita a familiares y amigos,c. Apartahotel
6.0,500000.0,b. Visita a familiares y amigos,"e. Casa propia, de familiares o amigos (sin pago)"
2.0,100000.0,g. Negocios y motivos profesionales,a. Hotel 
2.0,700000.0,a. Vacaciones/recreación/Ocio ,a. Hotel 
2.0,800000.0,b. Visita a familiares y amigos,"e. Casa propia, de familiares o amigos (sin pago)"
3.0,1000000.0,b. Visita a familiares y amigos,"e. Casa propia, de familiares o amigos (sin pago)"
10.0,3000000.0,a. Vacaciones/recreación/Ocio ,a. Hotel 
3.0,1500000.0,a. Vacaciones/recreación/Ocio ,a. Hotel 
10.0,300000.0,b. Visita a familiares y amigos,"e. Casa propia, de familiares o amigos (sin pago)"
5.0,350000.0,b. Visita a familiares y amigos,"e. Casa propia, de familiares o amigos (sin pago)"
3.0,500000.0,a. Vacaciones/recreación/Ocio ,a. Hotel 
3.0,350000.0,a. Vacaciones/recreación/Ocio ,a. Hotel 
3.0,1000000.0,b. Visita a familiares y amigos,"e. Casa propia, de familiares o amigos (sin pago)"
6.0,2500000.0,a. Vacaciones/recreación/Ocio ,d. Inmueble de alquiler (pagos por plataforma dig)
2.0,2000000.0,b. Visita a familiares y amigos,"e. Casa propia, de familiares o amigos (sin pago)"
4.0,1000000.0,b. Visita a familiares y amigos,"e. Casa propia, de familiares o amigos (sin pago)"
3.0,600000.0,b. Visita a familiares y amigos,"e. Casa propia, de familiares o amigos (sin pago)"
1.0,500000.0,h. Trabajo remunerado en otra ciudad,a. Hotel 
8.0,3000000.0,a. Vacaciones/recreación/Ocio ,a. Hotel 
4.0,300000.0,b. Visita a familiares y amigos,"e. Casa propia, de familiares o amigos (sin pago)"
20.0,5000000.0,e. Religión/Peregrinaciones,f. Otro
3.0,1000000.0,b. Visita a familiares y amigos,"e. Casa propia, de familiares o amigos (sin pago)"
2.0,600000.0,a. Vacaciones/recreación/Ocio ,a. Hotel 
2.0,500000.0,g. Negocios y motivos profesionales,a. Hotel 
2.0,300000.0,h. Trabajo remunerado en otra ciudad,a. Hotel 
4.0,150000.0,b. Visita a familiares y amigos,"e. Casa propia, de familiares o amigos (sin pago)"
3.0,300000.0,b. Visita a familiares y amigos,c. Apartahotel
2.0,800000.0,h. Trabajo remunerado en otra ciudad,a. Hotel 
2.0,200000.0,a. Vacaciones/recreación/Ocio ,a. Hotel 
10.0,500000.0,b. Visita a familiares y amigos,"e. Casa propia, de familiares o amigos (sin pago)"
5.0,1000000.0,a. Vacaciones/recreación/Ocio ,a. Hotel 
5.0,200000.0,a. Vacaciones/recreación/Ocio ,"e. Casa propia, de familiares o amigos (sin pago)"
4.0,600000.0,b. Visita a familiares y amigos,"e. Casa propia, de familiares o amigos (sin pago)"
4.0,1000000.0,h. Trabajo remunerado en otra ciudad,a. Hotel 
5.0,1500000.0,h. Trabajo remunerado en otra ciudad,a. Hotel 
2.0,1000000.0,a. Vacaciones/recreación/Ocio ,a. Hotel 
6.0,300000.0,b. Visita a familiares y amigos,"e. Casa propia, de familiares o amigos (sin pago)"
9.0,300000.0,c. Educación y formación,a. Hotel 
3.0,2500000.0,a. Vacaciones/recreación/Ocio ,a. Hotel 
3.0,1000000.0,a. Vacaciones/recreación/Ocio ,a. Hotel 
3.0,700000.0,b. Visita a familiares y amigos,"e. Casa propia, de familiares o amigos (sin pago)"
6.0,800000.0,b. Visita a familiares y amigos,"e. Casa propia, de familiares o amigos (sin pago)"
2.0,300000.0,a. Vacaciones/recreación/Ocio ,"e. Casa propia, de familiares o amigos (sin pago)"
10.0,400000.0,h. Trabajo remunerado en otra ciudad,"e. Casa propia, de familiares o amigos (sin pago)"
7.0,2500000.0,a. Vacaciones/recreación/Ocio ,a. Hotel 
5.0,2000000.0,a. Vacaciones/recreación/Ocio ,a. Hotel 
2.0,300000.0,g. Negocios y motivos profesionales,a. Hotel 
5.0,300000.0,b. Visita a familiares y amigos,"e. Casa propia, de familiares o amigos (sin pago)"
5.0,700000.0,b. Visita a familiares y amigos,"e. Casa propia, de familiares o amigos (sin pago)"
6.0,300000.0,g. Negocios y motivos profesionales,a. Hotel 
4.0,1000000.0,a. Vacaciones/recreación/Ocio ,a. Hotel 
3.0,1000000.0,h. Trabajo remunerado en otra ciudad,a. Hotel 
10.0,3000000.0,a. Vacaciones/recreación/Ocio ,"e. Casa propia, de familiares o amigos (sin pago)"
3.0,800000.0,a. Vacaciones/recreación/Ocio ,a. Hotel 
15.0,500000.0,b. Visita a familiares y amigos,"e. Casa propia, de familiares o amigos (sin pago)"
2.0,100000.0,b. Visita a familiares y amigos,"e. Casa propia, de familiares o amigos (sin pago)"
4.0,1000000.0,a. Vacaciones/recreación/Ocio ,c. Apartahotel
7.0,2000000.0,a. Vacaciones/recreación/Ocio ,"e. Casa propia, de familiares o amigos (sin pago)"
5.0,3000000.0,a. Vacaciones/recreación/Ocio ,a. Hotel 
4.0,500000.0,b. Visita a familiares y amigos,"e. Casa propia, de familiares o amigos (sin pago)"
3.0,1000000.0,b. Visita a familiares y amigos,"e. Casa propia, de familiares o amigos (sin pago)"
4.0,600000.0,b. Visita a familiares y amigos,"e. Casa propia, de familiares o amigos (sin pago)"
3.0,2000000.0,b. Visita a familiares y amigos,"e. Casa propia, de familiares o amigos (sin pago)"
5.0,1000000.0,a. Vacaciones/recreación/Ocio ,c. Apartahotel
6.0,3000000.0,a. Vacaciones/recreación/Ocio ,a. Hotel 
6.0,2500000.0,a. Vacaciones/recreación/Ocio ,a. Hotel 
7.0,2000000.0,a. Vacaciones/recreación/Ocio ,a. Hotel 
10.0,3000000.0,b. Visita a familiares y amigos,"e. Casa propia, de familiares o amigos (sin pago)"
8.0,8000000.0,a. Vacaciones/recreación/Ocio ,a. Hotel 
6.0,2500000.0,a. Vacaciones/recreación/Ocio ,a. Hotel 
3.0,800000.0,a. Vacaciones/recreación/Ocio ,b. Hostal
7.0,2000000.0,a. Vacaciones/recreación/Ocio ,b. Hostal
2.0,400000.0,b. Visita a familiares y amigos,b. Hostal
5.0,1000000.0,h. Trabajo remunerado en otra ciudad,a. Hotel 
5.0,2000000.0,a. Vacaciones/recreación/Ocio ,a. Hotel 
3.0,600000.0,b. Visita a familiares y amigos,"e. Casa propia, de familiares o amigos (sin pago)"
3.0,500000.0,b. Visita a familiares y amigos,"e. Casa propia, de familiares o amigos (sin pago)"
8.0,5000000.0,b. Visita a familiares y amigos,a. Hotel 
6.0,400000.0,b. Visita a familiares y amigos,"e. Casa propia, de familiares o amigos (sin pago)"
3.0,600000.0,b. Visita a familiares y amigos,"e. Casa propia, de familiares o amigos (sin pago)"
25.0,20000000.0,a. Vacaciones/recreación/Ocio ,b. Hostal
4.0,500000.0,b. Visita a familiares y amigos,"e. Casa propia, de familiares o amigos (sin pago)"
2.0,350000.0,b. Visita a familiares y amigos,"e. Casa propia, de familiares o amigos (sin pago)"
5.0,1500000.0,g. Negocios y motivos profesionales,c. Apartahotel
5.0,2000000.0,b. Visita a familiares y amigos,"e. Casa propia, de familiares o amigos (sin pago)"
1.0,80000.0,b. Visita a familiares y amigos,"e. Casa propia, de familiares o amigos (sin pago)"
4.0,500000.0,b. Visita a familiares y amigos,"e. Casa propia, de familiares o amigos (sin pago)"
2.0,300000.0,b. Visita a familiares y amigos,"e. Casa propia, de familiares o amigos (sin pago)"
999.0,150000.0,a. Vacaciones/recreación/Ocio ,a. Hotel 
4.0,600000.0,b. Visita a familiares y amigos,"e. Casa propia, de familiares o amigos (sin pago)"
5.0,1000000.0,b. Visita a familiares y amigos,"e. Casa propia, de familiares o amigos (sin pago)"
4.0,500000.0,b. Visita a familiares y amigos,"e. Casa propia, de familiares o amigos (sin pago)"
7.0,1000000.0,h. Trabajo remunerado en otra ciudad,"e. Casa propia, de familiares o amigos (sin pago)"
3.0,100000.0,b. Visita a familiares y amigos,"e. Casa propia, de familiares o amigos (sin pago)"
3.0,400000.0,a. Vacaciones/recreación/Ocio ,a. Hotel 
8.0,600000.0,a. Vacaciones/recreación/Ocio ,a. Hotel 
3.0,2000000.0,b. Visita a familiares y amigos,"e. Casa propia, de familiares o amigos (sin pago)"
5.0,1000000.0,b. Visita a familiares y amigos,"e. Casa propia, de familiares o amigos (sin pago)"
20.0,6000000.0,a. Vacaciones/recreación/Ocio ,"e. Casa propia, de familiares o amigos (sin pago)"
12.0,400000.0,h. Trabajo remunerado en otra ciudad,"e. Casa propia, de familiares o amigos (sin pago)"
2.0,200000.0,b. Visita a familiares y amigos,"e. Casa propia, de familiares o amigos (sin pago)"
7.0,3000000.0,a. Vacaciones/recreación/Ocio ,a. Hotel 
3.0,500000.0,h. Trabajo remunerado en otra ciudad,a. Hotel 
2.0,300000.0,i. Otro.,"e. Casa propia, de familiares o amigos (sin pago)"
6.0,2000000.0,g. Negocios y motivos profesionales,a. Hotel 
5.0,500000.0,a. Vacaciones/recreación/Ocio ,"e. Casa propia, de familiares o amigos (sin pago)"
5.0,700000.0,"d. Salud , Bienestar y atención médica","e. Casa propia, de familiares o amigos (sin pago)"
2.0,500000.0,b. Visita a familiares y amigos,"e. Casa propia, de familiares o amigos (sin pago)"
4.0,500000.0,b. Visita a familiares y amigos,"e. Casa propia, de familiares o amigos (sin pago)"
7.0,2000000.0,a. Vacaciones/recreación/Ocio ,a. Hotel 
3.0,300000.0,b. Visita a familiares y amigos,"e. Casa propia, de familiares o amigos (sin pago)"
3.0,250000.0,b. Visita a familiares y amigos,"e. Casa propia, de familiares o amigos (sin pago)"
2.0,1000000.0,h. Trabajo remunerado en otra ciudad,"e. Casa propia, de familiares o amigos (sin pago)"
5.0,400000.0,b. Visita a familiares y amigos,"e. Casa propia, de familiares o amigos (sin pago)"
2.0,120000.0,b. Visita a familiares y amigos,"e. Casa propia, de familiares o amigos (sin pago)"
3.0,150000.0,b. Visita a familiares y amigos,"e. Casa propia, de familiares o amigos (sin pago)"
2.0,200000.0,b. Visita a familiares y amigos,"e. Casa propia, de familiares o amigos (sin pago)"
4.0,300000.0,b. Visita a familiares y amigos,"e. Casa propia, de familiares o amigos (sin pago)"
5.0,2000000.0,b. Visita a familiares y amigos,"e. Casa propia, de familiares o amigos (sin pago)"
4.0,1500000.0,a. Vacaciones/recreación/Ocio ,a. Hotel 
3.0,350000.0,b. Visita a familiares y amigos,"e. Casa propia, de familiares o amigos (sin pago)"
4.0,150000.0,h. Trabajo remunerado en otra ciudad,"e. Casa propia, de familiares o amigos (sin pago)"
7.0,2000000.0,a. Vacaciones/recreación/Ocio ,a. Hotel 
5.0,2000000.0,a. Vacaciones/recreación/Ocio ,a. Hotel 
3.0,300000.0,b. Visita a familiares y amigos,"e. Casa propia, de familiares o amigos (sin pago)"
5.0,1200000.0,g. Negocios y motivos profesionales,a. Hotel 
4.0,1000000.0,a. Vacaciones/recreación/Ocio ,a. Hotel 
3.0,1200000.0,g. Negocios y motivos profesionales,a. Hotel 
2.0,250000.0,a. Vacaciones/recreación/Ocio ,a. Hotel 
8.0,4000000.0,a. Vacaciones/recreación/Ocio ,a. Hotel 
5.0,1000000.0,b. Visita a familiares y amigos,"e. Casa propia, de familiares o amigos (sin pago)"
4.0,600000.0,b. Visita a familiares y amigos,"e. Casa propia, de familiares o amigos (sin pago)"
4.0,60000.0,h. Trabajo remunerado en otra ciudad,"e. Casa propia, de familiares o amigos (sin pago)"
4.0,800000.0,b. Visita a familiares y amigos,"e. Casa propia, de familiares o amigos (sin pago)"
3.0,800000.0,a. Vacaciones/recreación/Ocio ,"e. Casa propia, de familiares o amigos (sin pago)"
3.0,100000.0,b. Visita a familiares y amigos,"e. Casa propia, de familiares o amigos (sin pago)"
5.0,1000000.0,e. Religión/Peregrinaciones,a. Hotel 
5.0,7000000.0,h. Trabajo remunerado en otra ciudad,"e. Casa propia, de familiares o amigos (sin pago)"
2.0,300000.0,b. Visita a familiares y amigos,"e. Casa propia, de familiares o amigos (sin pago)"
15.0,1000000.0,b. Visita a familiares y amigos,"e. Casa propia, de familiares o amigos (sin pago)"
15.0,1000000.0,b. Visita a familiares y amigos,"e. Casa propia, de familiares o amigos (sin pago)"
2.0,3000000.0,g. Negocios y motivos profesionales,a. Hotel 
8.0,8000000.0,a. Vacaciones/recreación/Ocio ,a. Hotel 
5.0,5000000.0,b. Visita a familiares y amigos,"e. Casa propia, de familiares o amigos (sin pago)"
3.0,1000000.0,a. Vacaciones/recreación/Ocio ,a. Hotel 
10.0,3000000.0,b. Visita a familiares y amigos,"e. Casa propia, de familiares o amigos (sin pago)"
10.0,2000000.0,a. Vacaciones/recreación/Ocio ,"e. Casa propia, de familiares o amigos (sin pago)"
3.0,250000.0,b. Visita a familiares y amigos,"e. Casa propia, de familiares o amigos (sin pago)"
2.0,250000.0,b. Visita a familiares y amigos,"e. Casa propia, de familiares o amigos (sin pago)"
5.0,1500000.0,a. Vacaciones/recreación/Ocio ,"e. Casa propia, de familiares o amigos (sin pago)"
3.0,1000000.0,b. Visita a familiares y amigos,b. Hostal
7.0,500000.0,b. Visita a familiares y amigos,"e. Casa propia, de familiares o amigos (sin pago)"
1.0,500000.0,b. Visita a familiares y amigos,"e. Casa propia, de familiares o amigos (sin pago)"
3.0,500000.0,h. Trabajo remunerado en otra ciudad,a. Hotel 
2.0,500000.0,h. Trabajo remunerado en otra ciudad,a. Hotel 
5.0,700000.0,b. Visita a familiares y amigos,"e. Casa propia, de familiares o amigos (sin pago)"
3.0,500000.0,a. Vacaciones/recreación/Ocio ,a. Hotel 
4.0,2000000.0,a. Vacaciones/recreación/Ocio ,c. Apartahotel
3.0,150000.0,b. Visita a familiares y amigos,"e. Casa propia, de familiares o amigos (sin pago)"
4.0,500000.0,b. Visita a familiares y amigos,"e. Casa propia, de familiares o amigos (sin pago)"
8.0,1000000.0,b. Visita a familiares y amigos,"e. Casa propia, de familiares o amigos (sin pago)"
5.0,250000.0,a. Vacaciones/recreación/Ocio ,a. Hotel 
999.0,1000000.0,a. Vacaciones/recreación/Ocio ,"e. Casa propia, de familiares o amigos (sin pago)"
4.0,1000000.0,a. Vacaciones/recreación/Ocio ,a. Hotel 
4.0,1500000.0,g. Negocios y motivos profesionales,"e. Casa propia, de familiares o amigos (sin pago)"
3.0,600000.0,b. Visita a familiares y amigos,"e. Casa propia, de familiares o amigos (sin pago)"
1.0,1000000.0,g. Negocios y motivos profesionales,a. Hotel 
3.0,500000.0,a. Vacaciones/recreación/Ocio ,"e. Casa propia, de familiares o amigos (sin pago)"
3.0,300000.0,b. Visita a familiares y amigos,"e. Casa propia, de familiares o amigos (sin pago)"
4.0,3000000.0,a. Vacaciones/recreación/Ocio ,a. Hotel 
5.0,500000.0,h. Trabajo remunerado en otra ciudad,a. Hotel 
4.0,4200000.0,a. Vacaciones/recreación/Ocio ,a. Hotel 
4.0,400000.0,a. Vacaciones/recreación/Ocio ,a. Hotel 
5.0,4000000.0,a. Vacaciones/recreación/Ocio ,a. Hotel 
4.0,3000000.0,a. Vacaciones/recreación/Ocio ,"e. Casa propia, de familiares o amigos (sin pago)"
4.0,1000000.0,b. Visita a familiares y amigos,"e. Casa propia, de familiares o amigos (sin pago)"
10.0,2000000.0,b. Visita a familiares y amigos,"e. Casa propia, de familiares o amigos (sin pago)"
3.0,250000.0,b. Visita a familiares y amigos,"e. Casa propia, de familiares o amigos (sin pago)"
2.0,150000.0,a. Vacaciones/recreación/Ocio ,"e. Casa propia, de familiares o amigos (sin pago)"
15.0,500000.0,b. Visita a familiares y amigos,"e. Casa propia, de familiares o amigos (sin pago)"
2.0,1000000.0,a. Vacaciones/recreación/Ocio ,a. Hotel 
5.0,800000.0,a. Vacaciones/recreación/Ocio ,d. Inmueble de alquiler (pagos por plataforma dig)
8.0,6000000.0,a. Vacaciones/recreación/Ocio ,a. Hotel 
15.0,1000000.0,b. Visita a familiares y amigos,"e. Casa propia, de familiares o amigos (sin pago)"
3.0,800000.0,a. Vacaciones/recreación/Ocio ,a. Hotel 
4.0,1000000.0,g. Negocios y motivos profesionales,a. Hotel 
8.0,7500000.0,a. Vacaciones/recreación/Ocio ,a. Hotel 
5.0,500000.0,g. Negocios y motivos profesionales,"e. Casa propia, de familiares o amigos (sin pago)"
5.0,700000.0,b. Visita a familiares y amigos,"e. Casa propia, de familiares o amigos (sin pago)"
8.0,3000000.0,g. Negocios y motivos profesionales,a. Hotel 
2.0,2000000.0,b. Visita a familiares y amigos,"e. Casa propia, de familiares o amigos (sin pago)"
3.0,3000000.0,a. Vacaciones/recreación/Ocio ,a. Hotel 
6.0,3000000.0,a. Vacaciones/recreación/Ocio ,a. Hotel 
